Date,Open,High,Low,Close,Volume,Dividends,Stock Splits
2020-01-02 00:00:00-05:00,5.934967621143992,5.963803291320801,5.884505079799994,5.963803291320801,237536000,0.0,0.0
2020-01-03 00:00:00-05:00,5.844236288085013,5.912100204817676,5.819377681002153,5.868349075317383,205384000,0.0,0.0
2020-01-06 00:00:00-05:00,5.775128136185318,5.898177473983396,5.749026818972195,5.8929572105407715,262636000,0.0,0.0
2020-01-07 00:00:00-05:00,5.9212948654387905,6.010039801296708,5.876301039294927,5.964300155639648,314856000,0.0,0.0
2020-01-08 00:00:00-05:00,5.96007489141587,6.0167524399804355,5.920052874364095,5.975487232208252,277108000,0.0,0.0
2020-01-09 00:00:00-05:00,6.061746936440658,6.11345267607093,5.987420054256741,6.041114330291748,255112000,0.0,0.0
2020-01-10 00:00:00-05:00,6.148254795938454,6.1785821115195265,6.059261385717087,6.07343053817749,316296000,0.0,0.0
2020-01-13 00:00:00-05:00,6.156456910250187,6.288952489506994,6.133835297475145,6.263845443725586,319840000,0.0,0.0
2020-01-14 00:00:00-05:00,6.221088751738677,6.246444720752033,6.133835447619546,6.147010803222656,359088000,0.0,0.0
2020-01-15 00:00:00-05:00,6.1596876252794495,6.1820603134908225,6.0786488611606115,6.104501724243164,263104000,0.0,0.0
2020-01-16 00:00:00-05:00,6.157948519655376,6.193993464647111,6.134581559774977,6.188027381896973,284192000,0.0,0.0
2020-01-17 00:00:00-05:00,6.207168756490065,6.214626478954624,6.149248487016599,6.196728229522705,253792000,0.0,0.0
2020-01-21 00:00:00-05:00,6.160185612581765,6.196976374999237,6.129360932560053,6.163417339324951,217916000,0.0,0.0
2020-01-22 00:00:00-05:00,6.208659581685237,6.303867502720389,6.189767066563044,6.217360019683838,239240000,0.0,0.0
2020-01-23 00:00:00-05:00,6.257382051881622,6.294172337265106,6.168637116635187,6.285720348358154,244516000,0.0,0.0
2020-01-24 00:00:00-05:00,6.40106482430508,6.450782022304533,6.172366566956607,6.226558208465576,373512000,0.0,0.0
2020-01-27 00:00:00-05:00,5.922289664238681,6.021972504994483,5.772890101483585,5.971012592315674,470536000,0.0,0.0
2020-01-28 00:00:00-05:00,6.036886854345319,6.19647847807783,5.98368948838839,6.164162635803223,310976000,0.0,0.0
2020-01-29 00:00:00-05:00,6.149745001380459,6.185789943729785,6.0639828644708,6.103756904602051,258848000,0.0,0.0
2020-01-30 00:00:00-05:00,6.0060631260830695,6.123892669348195,5.951126138120667,6.110468864440918,290504000,0.0,0.0
2020-01-31 00:00:00-05:00,6.064729509694369,6.076661675944388,5.835534340017212,5.877296447753906,370420000,0.0,0.0
2020-02-03 00:00:00-05:00,5.859149875876774,5.993634486380616,5.8529353441116,5.974245071411133,255564000,0.0,0.0
2020-02-04 00:00:00-05:00,6.115937429917117,6.162422897112003,6.065971787601257,6.14328145980835,271544000,0.0,0.0
2020-02-05 00:00:00-05:00,6.26409483893888,6.274286917530958,6.150242834852348,6.233519077301025,208220000,0.0,0.0
2020-02-06 00:00:00-05:00,6.267822801669854,6.3202738761901855,6.186784032913833,6.3202738761901855,218284000,0.0,0.0
2020-02-07 00:00:00-05:00,6.2802531394695045,6.302377384992771,6.228795848351484,6.254151821136475,189752000,0.0,0.0
2020-02-10 00:00:00-05:00,6.276773339325847,6.537787486553337,6.271801523877715,6.537042140960693,529608000,0.0,0.0
2020-02-11 00:00:00-05:00,6.645174095338608,6.773941033991019,6.583276295760601,6.659343242645264,638556000,0.0,0.0
2020-02-12 00:00:00-05:00,6.712045068202593,6.781400607181102,6.673265764706395,6.774937152862549,374644000,0.0,0.0
2020-02-13 00:00:00-05:00,6.717016762163457,6.798303991866709,6.689672254333135,6.7311859130859375,528016000,0.0,0.0
2020-02-14 00:00:00-05:00,7.140853762856807,7.332512804476498,7.109532184607518,7.2037458419799805,1041924000,0.0,0.0
2020-02-18 00:00:00-05:00,7.10058231335741,7.390681460600546,7.081192901778724,7.372285842895508,620164000,0.0,0.0
2020-02-19 00:00:00-05:00,7.494591162549413,7.8406216221615965,7.494591162549413,7.822971820831299,694332000,0.0,0.0
2020-02-20 00:00:00-05:00,7.774992573323117,7.86324012797085,7.3668159843508585,7.673818588256836,810052000,0.0,0.0
2020-02-21 00:00:00-05:00,7.561709436571416,7.586816487039171,7.225373675917475,7.310141086578369,768180000,0.0,0.0
2020-02-24 00:00:00-05:00,6.716518843394687,7.006866456625877,6.662078754814775,6.793331623077393,856916000,0.0,0.0
2020-02-25 00:00:00-05:00,6.868405127821072,6.930302945472241,6.412500210276758,6.514171600341797,1055496000,0.0,0.0
2020-02-26 00:00:00-05:00,6.5144194445871815,6.847274989769168,6.512928279510308,6.653378486633301,747732000,0.0,0.0
2020-02-27 00:00:00-05:00,6.340222462355224,6.6411905100878075,6.190733538467209,6.283013820648193,906416000,0.004,0.0
2020-02-28 00:00:00-05:00,6.030797544626237,6.77699866718428,6.014132526651322,6.717551231384277,1133252000,0.0,0.0
2020-03-02 00:00:00-05:00,6.887437432968634,6.90460012185315,6.491950746144979,6.875746726989746,890744000,0.0,0.0
2020-03-03 00:00:00-05:00,6.931462850373076,6.991158887369875,6.528265410526086,6.61358118057251,652792000,0.0,0.0
2020-03-04 00:00:00-05:00,6.720786112979837,7.086175961601068,6.646165702503717,7.076724052429199,597408000,0.0,0.0
2020-03-05 00:00:00-05:00,6.877488416985179,7.044140056322009,6.7531215361195445,6.797645092010498,540328000,0.0,0.0
2020-03-06 00:00:00-05:00,6.618306817272901,6.675764530909443,6.417329829721976,6.617311954498291,515412000,0.0,0.0
2020-03-09 00:00:00-04:00,5.967121698181325,6.452152626694076,5.924339753977124,6.104920387268066,614160000,0.0,0.0
2020-03-10 00:00:00-04:00,6.3810155877339705,6.493940830230713,6.118601874560568,6.493940830230713,580648000,0.0,0.0
2020-03-11 00:00:00-04:00,6.354152046429975,6.3825077726804995,6.033534363514282,6.130540370941162,499964000,0.0,0.0
2020-03-12 00:00:00-04:00,5.607951271671891,5.873101457756061,5.36767455663343,5.380360126495361,816540000,0.0,0.0
2020-03-13 00:00:00-04:00,5.733312981335359,5.9949809083831616,5.462442216383406,5.990503787994385,634836000,0.0,0.0
2020-03-16 00:00:00-04:00,5.283352557854332,5.623869353339023,4.825433894923929,4.885129928588867,726972000,0.0,0.0
2020-03-17 00:00:00-04:00,4.99730987245585,5.493533932299811,4.750814909910553,5.404238224029541,833632000,0.0,0.0
2020-03-18 00:00:00-04:00,4.977160620667727,5.221914357468856,4.4941199907428855,5.044816017150879,874268000,0.0,0.0
2020-03-19 00:00:00-04:00,5.023425510217554,5.39080547512759,4.810261119944137,5.297281742095947,765512000,0.0,0.0
2020-03-20 00:00:00-04:00,5.447268167132194,5.728834719934263,5.102274726874198,5.117696285247803,804636000,0.0,0.0
2020-03-23 00:00:00-04:00,5.116700479033214,5.384587051709071,4.937860991668966,5.290316581726074,643876000,0.0,0.0
2020-03-24 00:00:00-04:00,5.6960011208035635,6.284505282723199,5.672371592229035,6.197945594787598,1101644000,0.0,0.0
2020-03-25 00:00:00-04:00,6.312862293100567,6.512346769675058,6.060646288704762,6.109398365020752,793432000,0.0,0.0
2020-03-26 00:00:00-04:00,6.316343948572078,6.52229572585307,6.218343085472186,6.398426532745361,696108000,0.0,0.0
2020-03-27 00:00:00-04:00,6.2183432436518,6.544681965395406,6.18551039891607,6.286247730255127,638828000,0.0,0.0
2020-03-30 00:00:00-04:00,6.351662995644652,6.615321034614254,6.307637123468622,6.6061177253723145,602252000,0.0,0.0
2020-03-31 00:00:00-04:00,6.646164892139033,6.850126943033816,6.411111600364291,6.556621074676514,949960000,0.0,0.0
2020-04-01 00:00:00-04:00,6.358877795314713,6.505133062019152,6.001447365136863,6.045970439910889,656912000,0.0,0.0
2020-04-02 00:00:00-04:00,6.075072846746822,6.36758387464943,6.027067511719613,6.354401111602783,675764000,0.0,0.0
2020-04-03 00:00:00-04:00,6.316842172617156,6.358380662536107,5.929563928559885,6.066864967346191,663212000,0.0,0.0
2020-04-06 00:00:00-04:00,6.348679878999139,6.712826240772359,6.291222162421738,6.676013469696045,727884000,0.0,0.0
2020-04-07 00:00:00-04:00,6.897386723143072,6.921016732850142,6.3999192267850225,6.442950248718262,784520000,0.0,0.0
2020-04-08 00:00:00-04:00,6.551894702646605,6.664819927163349,6.482000494418423,6.639946460723877,542444000,0.0,0.0
2020-04-09 00:00:00-04:00,6.76555762990454,6.7884408976976,6.477523735926655,6.5404534339904785,525564000,0.0,0.0
2020-04-13 00:00:00-04:00,6.480757551993029,6.720785644616619,6.392457189784047,6.712080001831055,398408000,0.0,0.0
2020-04-14 00:00:00-04:00,6.8401764880173905,7.096869554110775,6.812567033193348,7.062793254852295,530948000,0.0,0.0
2020-04-15 00:00:00-04:00,6.894899655370678,7.068267211312,6.849630308417041,6.985438823699951,366148000,0.0,0.0
2020-04-16 00:00:00-04:00,7.140646745154944,7.437137160178758,7.127463984966919,7.33018159866333,745620000,0.0,0.0
2020-04-17 00:00:00-04:00,7.41226464837836,7.433655858312724,7.137165405215727,7.270984172821045,539120000,0.0,0.0
2020-04-20 00:00:00-04:00,7.144626875048733,7.3003340312313565,7.095626211966253,7.1399006843566895,449388000,0.0,0.0
2020-04-21 00:00:00-04:00,7.022001664063456,7.083189755050889,6.643926307064967,6.703622341156006,735160000,0.0,0.0
2020-04-22 00:00:00-04:00,6.89564456745756,7.16029750557425,6.850126632313321,7.1175150871276855,483356000,0.0,0.0
2020-04-23 00:00:00-04:00,7.159551578055297,7.291380147551621,7.039164167732887,7.064286231994629,424160000,0.0,0.0
2020-04-24 00:00:00-04:00,7.054089846138695,7.2050708569107,6.979469430727479,7.203081130981445,352328000,0.0,0.0
2020-04-27 00:00:00-04:00,7.337396152234377,7.54906850647414,7.312771282405198,7.389381408691406,479388000,0.0,0.0
2020-04-28 00:00:00-04:00,7.53663153895252,7.566479794148547,7.241633616006236,7.247105598449707,442904000,0.0,0.0
2020-04-29 00:00:00-04:00,7.381670852745031,7.476438532098062,7.306553255548668,7.423707008361816,379160000,0.0,0.0
2020-04-30 00:00:00-04:00,7.3697314829466665,7.423706940505074,7.2560604626028455,7.269989490509033,375916000,0.0,0.0
2020-05-01 00:00:00-04:00,7.072743452911202,7.1859172806554765,6.985437955761158,7.033692359924316,342096000,0.0,0.0
2020-05-04 00:00:00-04:00,6.98643138554648,7.259043663673249,6.98643138554648,7.245363235473633,317556000,0.0,0.0
2020-05-05 00:00:00-04:00,7.349336431311147,7.468728519073253,7.245365430153509,7.306305408477783,368896000,0.0,0.0
2020-05-06 00:00:00-04:00,7.38565081334239,7.511758806368057,7.3478431802598525,7.407041549682617,323464000,0.0,0.0
2020-05-07 00:00:00-04:00,7.546084248410527,7.646323918023772,7.4948452521720315,7.583145618438721,373732000,0.0,0.0
2020-05-08 00:00:00-04:00,7.654781042582035,7.779147917276859,7.620953332367935,7.772929668426514,339216000,0.0,0.0
2020-05-11 00:00:00-04:00,7.767953212795398,8.071408625567924,7.739348894683899,8.024646759033203,469060000,0.0,0.0
2020-05-12 00:00:00-04:00,8.082353219891191,8.131104815572956,7.753278525773543,7.762979030609131,493060000,0.0,0.0
2020-05-13 00:00:00-04:00,7.877395816576789,8.037580085660547,7.55628053841165,7.7405924797058105,625852000,0.0,0.0
2020-05-14 00:00:00-04:00,7.802031949002812,7.995298185675127,7.648563075746474,7.989826202392578,602312000,0.0,0.0
2020-05-15 00:00:00-04:00,7.8497872616478075,8.457443446163204,7.834117106027025,8.44774341583252,987660000,0.0,0.0
2020-05-18 00:00:00-04:00,8.716126976105572,8.871336954115424,8.636532261563676,8.705928802490234,774460000,0.0,0.0
2020-05-19 00:00:00-04:00,8.745728485196754,9.041472752146639,8.718367616889669,8.76090145111084,717320000,0.0,0.0
2020-05-20 00:00:00-04:00,8.945460766522393,8.997197432107013,8.843728564013752,8.924567222595215,587536000,0.0,0.0
2020-05-21 00:00:00-04:00,9.005655143771433,9.006649532311567,8.693245401400757,8.730804443359375,761068000,0.0,0.0
2020-05-22 00:00:00-04:00,8.780547685374982,9.046942204307483,8.669115477795355,8.98052978515625,1038764000,0.0,0.0
2020-05-26 00:00:00-04:00,9.11037208467669,9.135246032523414,8.628077479731227,8.673595428466797,770780000,0.0,0.0
2020-05-27 00:00:00-04:00,8.581311407410789,8.589021710730815,7.9562435883697225,8.482067108154297,1175892000,0.0,0.0
2020-05-28 00:00:00-04:00,8.369641310493597,8.71612780265419,8.336808463910437,8.444013595581055,734896000,0.0,0.0
2020-05-29 00:00:00-04:00,8.511170268712194,8.830544471740723,8.442022323211523,8.830544471740723,745256000,0.0,0.0
2020-06-01 00:00:00-04:00,8.788509941773912,8.795971650904905,8.645487840751274,8.761646270751953,389876000,0.0,0.0
2020-06-02 00:00:00-04:00,8.751696604772091,8.792488351879058,8.614146503329726,8.780549049377441,391320000,0.0,0.0
2020-06-03 00:00:00-04:00,8.777562925778758,8.821339725699485,8.655931605904515,8.725079536437988,365440000,0.0,0.0
2020-06-04 00:00:00-04:00,8.687752876236223,8.902010324242097,8.63748582686999,8.726076126098633,424280000,0.004,0.0
2020-06-05 00:00:00-04:00,8.753948023245258,8.955513667793715,8.667846716392749,8.87886905670166,481748000,0.0,0.0
2020-06-08 00:00:00-04:00,8.836315791447598,8.84875796278578,8.645699106542606,8.764399528503418,387736000,0.0,0.0
2020-06-09 00:00:00-04:00,8.759424561032304,9.067745950107147,8.710899416736416,9.004289627075195,468488000,0.0,0.0
2020-06-10 00:00:00-04:00,9.125479807507725,9.456197516348666,9.111294759405718,9.323561668395996,632180000,0.0,0.0
2020-06-11 00:00:00-04:00,9.10780969358321,9.218546652685198,8.745488699129474,8.755691528320312,583652000,0.0,0.0
2020-06-12 00:00:00-04:00,9.120249640232714,9.144885268344536,8.663116916824086,8.89130973815918,570908000,0.0,0.0
2020-06-15 00:00:00-04:00,8.774605049032699,9.139912513683827,8.703433946550925,9.131451606750488,400004000,0.0,0.0
2020-06-16 00:00:00-04:00,9.182463952946726,9.224021398349738,8.797994456053088,9.026684761047363,535716000,0.0,0.0
2020-06-17 00:00:00-04:00,9.071724989420082,9.256120093438188,9.028424681181738,9.193410873413086,408304000,0.0,0.0
2020-06-18 00:00:00-04:00,9.184453472998934,9.239697586467326,9.072472033633701,9.175495147705078,254408000,0.0,0.0
2020-06-19 00:00:00-04:00,9.19988122589456,9.401446849001816,9.184701341752877,9.218544006347656,524160000,0.0,0.0
2020-06-22 00:00:00-04:00,9.257114800255561,9.487298239825513,9.23048759142056,9.482818603515625,398468000,0.0,0.0
2020-06-23 00:00:00-04:00,9.506959593896607,9.598037964663789,9.364121900954425,9.406425476074219,375108000,0.0,0.0
2020-06-24 00:00:00-04:00,9.432553235534522,9.512433926958058,9.10233306985164,9.192914009094238,449372000,0.0,0.0
2020-06-25 00:00:00-04:00,9.312612597311404,9.461174465881994,9.139912510248717,9.446243286132812,376072000,0.0,0.0
2020-06-26 00:00:00-04:00,9.456195773769487,9.456195773769487,9.082924887962797,9.112786293029785,592084000,0.0,0.0
2020-06-29 00:00:00-04:00,9.12746835403248,9.162058106058364,8.858961583091999,9.157578468322754,342248000,0.0,0.0
2020-06-30 00:00:00-04:00,9.271051844249367,9.482322883877854,9.223771215786138,9.453954696655273,367892000,0.0,0.0
2020-07-01 00:00:00-04:00,9.476850244240778,9.53159694518685,9.369597135978692,9.48605728149414,326648000,0.0,0.0
2020-07-02 00:00:00-04:00,9.59455649551203,9.692602582908426,9.534086593655633,9.567930221557617,364056000,0.0,0.0
2020-07-06 00:00:00-04:00,9.696829246456272,9.863059004757494,9.667713977846143,9.793879508972168,315892000,0.0,0.0
2020-07-07 00:00:00-04:00,9.900384682445155,10.023563766568676,9.805325070504392,9.826228141784668,357800000,0.0,0.0
2020-07-08 00:00:00-04:00,9.947668620000956,10.177853089859866,9.919549138442747,10.168893814086914,365480000,0.0,0.0
2020-07-09 00:00:00-04:00,10.332385556783915,10.521260318665224,10.186311788352297,10.460541725158691,494548000,0.0,0.0
2020-07-10 00:00:00-04:00,10.539922273919666,10.606115335715279,10.330890603183175,10.430927276611328,497676000,0.0,0.0
2020-07-13 00:00:00-04:00,10.546145179705201,10.742485046509767,9.978772887106153,10.005897521972656,457076000,0.0,0.0
2020-07-14 00:00:00-04:00,10.028542714415202,10.35478162287087,9.740377400008319,10.329150199890137,542676000,0.0,0.0
2020-07-15 00:00:00-04:00,10.36623083826327,10.384893623623142,10.009383383606286,10.180092811584473,403984000,0.0,0.0
2020-07-16 00:00:00-04:00,9.968823396309162,10.159688854279503,9.849874224846475,10.088021278381348,344964000,0.0,0.0
2020-07-17 00:00:00-04:00,10.178351366171277,10.201245080090619,10.041236843957755,10.154461860656738,266284000,0.0,0.0
2020-07-20 00:00:00-04:00,10.226875749369688,10.482690699140393,10.109917234833206,10.462285041809082,284852000,0.0,0.0
2020-07-21 00:00:00-04:00,10.464521308385077,10.511305459861408,10.239314910847442,10.280872344970703,277036000,0.0,0.0
2020-07-22 00:00:00-04:00,10.319694046760755,10.553610081158391,10.24404428269113,10.390615463256836,367292000,0.0,0.0
2020-07-23 00:00:00-04:00,10.401816020804677,10.498368886085727,9.984997020400378,10.083043098449707,411660000,0.0,0.0
2020-07-24 00:00:00-04:00,9.82946475245161,10.316956343600856,9.731917071829855,10.147491455078125,473292000,0.0,0.0
2020-07-27 00:00:00-04:00,10.185068171231439,10.393601505544966,10.170634417210804,10.373445510864258,292132000,0.0,0.0
2020-07-28 00:00:00-04:00,10.326415496640456,10.33412932148868,10.162176337630433,10.168396949768066,271636000,0.0,0.0
2020-07-29 00:00:00-04:00,10.342837732498475,10.467758773160696,10.29928965550237,10.417243003845215,284508000,0.0,0.0
2020-07-30 00:00:00-04:00,10.327161360719078,10.57401798861962,10.247779023481753,10.565059661865234,308880000,0.0,0.0
2020-07-31 00:00:00-04:00,10.514540683956733,10.716854345267036,10.384891311193567,10.565803527832031,386080000,0.0,0.0
2020-08-03 00:00:00-04:00,10.683011014623924,11.047572222526716,10.665840496037246,10.959480285644531,412720000,0.0,0.0
2020-08-04 00:00:00-04:00,10.999047691929793,11.17597770690918,10.855711635123345,11.17597770690918,310336000,0.0,0.0
2020-08-05 00:00:00-04:00,11.19215269021843,11.319313061745826,11.11476100189389,11.234704971313477,249924000,0.0,0.0
2020-08-06 00:00:00-04:00,11.297413921234702,11.305626114488891,11.127202902435064,11.28322982788086,244316000,0.0,0.0
2020-08-07 00:00:00-04:00,11.260338450705653,11.45170224316212,10.986606845979392,11.147859573364258,342516000,0.0,0.0
2020-08-10 00:00:00-04:00,11.281987829661926,11.35564602075613,10.806439976810287,11.113517761230469,427796000,0.0,0.0
2020-08-11 00:00:00-04:00,11.022690018591215,11.085400210212105,10.745971959550996,10.799972534179688,354512000,0.0,0.0
2020-08-12 00:00:00-04:00,10.940071438029333,11.414125122757872,10.907721031284495,11.38749885559082,464412000,0.0,0.0
2020-08-13 00:00:00-04:00,11.49275872959911,11.667699042003894,11.303386562871257,11.390233993530273,374460000,0.0,0.0
2020-08-14 00:00:00-04:00,11.47683657284962,11.650781152441137,11.387749768397919,11.510680198669434,366436000,0.0,0.0
2020-08-17 00:00:00-04:00,11.796605594568273,12.352530734469777,11.762762917173625,12.280116081237793,621300000,0.0,0.0
2020-08-18 00:00:00-04:00,12.392591435062732,12.438379802232884,12.030519221573105,12.204214096069336,503448000,0.0,0.0
2020-08-19 00:00:00-04:00,12.239801481703257,12.258215556136781,12.042216127810235,12.08253002166748,622624000,0.0,0.0
2020-08-20 00:00:00-04:00,11.919784161685799,12.317939398909461,11.823977434765848,12.085018157958984,921388000,0.0,0.0
2020-08-21 00:00:00-04:00,12.145488010516427,12.749689506590398,12.139017738747308,12.625017166137695,999868000,0.0,0.0
2020-08-24 00:00:00-04:00,12.824343188832731,12.85296104070654,12.449827806001334,12.66159725189209,490564000,0.0,0.0
2020-08-25 00:00:00-04:00,12.572508413508759,12.702406509210157,12.515771085101091,12.691208839416504,289076000,0.0,0.0
2020-08-26 00:00:00-04:00,12.740230635286169,12.809161420800041,12.619290872485081,12.714101791381836,321244000,0.0,0.0
2020-08-27 00:00:00-04:00,12.722564739853016,12.790749404758962,12.508555946693578,12.570021629333496,317604000,0.0,0.0
2020-08-28 00:00:00-04:00,12.616556830940121,13.087375442447696,12.584206419909009,13.087126731872559,537160000,0.0,0.0
2020-08-31 00:00:00-04:00,13.12196173347842,13.51240305938988,12.977630848012788,13.312828063964844,500840000,0.0,0.0
2020-09-01 00:00:00-04:00,13.421858060233896,13.933392246926287,13.37854573615063,13.761387825012207,511316000,0.004,0.0
2020-09-02 00:00:00-04:00,14.640331570164454,14.663233083960714,13.840048150440946,14.284623146057129,874012000,0.0,0.0
2020-09-03 00:00:00-04:00,13.76910292266537,13.824612353112618,12.823200691803297,12.95936107635498,945128000,0.0,0.0
2020-09-04 00:00:00-04:00,12.728609755391352,13.118172794342433,11.654264257485755,12.568056106567383,1463684000,0.0,0.0
2020-09-08 00:00:00-04:00,11.683884939027743,12.495867661284716,11.653765820445578,11.861615180969238,795728000,0.0,0.0
2020-09-09 00:00:00-04:00,12.346514414990567,12.75399944583385,12.178990048023763,12.66015625,736200000,0.0,0.0
2020-09-10 00:00:00-04:00,12.933224521841012,13.008896928842086,12.114520712963447,12.258646965026855,698684000,0.0,0.0
2020-09-11 00:00:00-04:00,12.431645530559448,12.59792501247705,11.844439062362628,12.112030029296875,636928000,0.0,0.0
2020-09-14 00:00:00-04:00,13.024580864483617,13.257570858186414,12.57677072754428,12.816730499267578,1201744000,0.0,0.0
2020-09-15 00:00:00-04:00,13.222721052667398,13.241390370947265,12.772422147421345,12.934967994689941,727556000,0.0,0.0
2020-09-16 00:00:00-04:00,12.901361003410214,13.036276504289093,12.459774389516712,12.46052074432373,556384000,0.0,0.0
2020-09-17 00:00:00-04:00,12.079920915572131,12.53544807871845,11.982841605278239,12.40974235534668,792512000,0.0,0.0
2020-09-18 00:00:00-04:00,12.539429199310245,12.578011754525583,11.937039210189646,12.136673927307129,698460000,0.0,0.0
2020-09-21 00:00:00-04:00,11.873564364275431,12.468487029467878,11.853152604133797,12.46325969696045,721044000,0.0,0.0
2020-09-22 00:00:00-04:00,12.520759401296207,12.59344448097838,12.103069452829205,12.58323860168457,646452000,0.0,0.0
2020-09-23 00:00:00-04:00,12.521259187948008,12.672106440614145,12.027150399322249,12.071457862854004,647012000,0.0,0.0
2020-09-24 00:00:00-04:00,12.020178023608716,12.515282794648023,11.962178853262726,12.294737815856934,731240000,0.0,0.0
2020-09-25 00:00:00-04:00,12.393811062020282,12.82793035635289,12.192931457497625,12.818222045898438,588016000,0.0,0.0
2020-09-28 00:00:00-04:00,12.984003310472113,12.995454064553032,12.695005420616106,12.978775978088379,573808000,0.0,0.0
2020-09-29 00:00:00-04:00,12.881699222732806,13.384770004371227,12.87746797882626,13.168705940246582,621460000,0.0,0.0
2020-09-30 00:00:00-04:00,13.100749000983756,13.563743503042675,13.093530438991557,13.472140312194824,689184000,0.0,0.0
2020-10-01 00:00:00-04:00,13.698656036434686,13.70338484870825,13.402687462629956,13.555774688720703,525004000,0.0,0.0
2020-10-02 00:00:00-04:00,13.167959153584208,13.46118833485087,12.994708902423616,13.005910873413086,552496000,0.0,0.0
2020-10-05 00:00:00-04:00,13.178907936356692,13.585396847645061,13.165714739430316,13.583654403686523,479820000,0.0,0.0
2020-10-06 00:00:00-04:00,13.77034771021102,14.081002250444271,13.606059434041683,13.677250862121582,784420000,0.0,0.0
2020-10-07 00:00:00-04:00,13.93936472563544,14.05834944334115,13.803701921805605,13.903768539428711,418084000,0.0,0.0
2020-10-08 00:00:00-04:00,14.014288380584917,14.02374790443395,13.69865629783338,13.779057502746582,378900000,0.0,0.0
2020-10-09 00:00:00-04:00,13.70762040717948,13.764623499410625,13.601828874328715,13.703388214111328,346892000,0.0,0.0
2020-10-12 00:00:00-04:00,13.929159770375568,14.285117857821534,13.852492225225067,14.164639472961426,434744000,0.0,0.0
2020-10-13 00:00:00-04:00,14.234834452215292,14.28661020379566,13.958282468908806,14.186792373657227,344604000,0.0,0.0
2020-10-14 00:00:00-04:00,14.228863684482796,14.280888235135075,13.89978950534229,14.034456253051758,276100000,0.0,0.0
2020-10-15 00:00:00-04:00,13.751179945542122,13.945338546007145,13.70836519762374,13.909743309020996,267224000,0.0,0.0
2020-10-16 00:00:00-04:00,13.976204124626971,14.060588741120922,13.733007369325817,13.751925468444824,242392000,0.0,0.0
2020-10-19 00:00:00-04:00,13.843032985585035,13.92318542080633,13.348923276048108,13.439531326293945,298068000,0.0,0.0
2020-10-20 00:00:00-04:00,13.524912268022215,13.740229967654253,13.448742284587745,13.586645126342773,229212000,0.0,0.0
2020-10-21 00:00:00-04:00,13.56623229376561,13.732014232770208,13.419368456639658,13.466414451599121,219596000,0.0,0.0
2020-10-22 00:00:00-04:00,13.464172894859765,13.55303754182434,13.174676497160581,13.303369522094727,290480000,0.0,0.0
2020-10-23 00:00:00-04:00,13.391989033555745,13.534621649823457,13.233924151048443,13.531634330749512,233484000,0.0,0.0
2020-10-26 00:00:00-04:00,13.369084922504582,13.633688585873971,12.98226043969902,13.084567070007324,336896000,0.0,0.0
2020-10-27 00:00:00-04:00,13.248609003917073,13.384023046239228,13.134602813833258,13.338968276977539,250520000,0.0,0.0
2020-10-28 00:00:00-04:00,13.141072705641232,13.20280555303319,12.554613504100049,12.572535514831543,376520000,0.0,0.0
2020-10-29 00:00:00-04:00,12.783124891809354,13.135846892018513,12.695006587997323,12.967824935913086,320080000,0.0,0.0
2020-10-30 00:00:00-04:00,12.794576492375915,12.88070262306885,12.246948531109375,12.479939460754395,416820000,0.0,0.0
2020-11-02 00:00:00-05:00,12.603155860418942,12.781383714965845,12.341539456733278,12.526488304138184,299652000,0.0,0.0
2020-11-03 00:00:00-05:00,12.653684234543976,13.048473643303717,12.54839028330013,12.963342666625977,272900000,0.0,0.0
2020-11-04 00:00:00-05:00,13.331497901537697,13.76785813556174,13.279473362811475,13.734750747680664,410228000,0.0,0.0
2020-11-05 00:00:00-05:00,14.1014143855421,14.277152471503854,13.930653897861085,14.09892463684082,319028000,0.0,0.0
2020-11-06 00:00:00-05:00,14.048890531552257,14.525824562918741,13.83506746873094,14.499190330505371,383348000,0.0,0.0
2020-11-09 00:00:00-05:00,14.489732985019739,14.628133399533532,13.552045298190658,13.571958541870117,582976000,0.0,0.0
2020-11-10 00:00:00-05:00,13.54781121416907,13.54781121416907,12.573781115211155,12.714920043945312,644068000,0.0,0.0
2020-11-11 00:00:00-05:00,12.997446446842183,13.377052414591688,12.892401270410012,13.360125541687012,404744000,0.0,0.0
2020-11-12 00:00:00-05:00,13.4208615944081,13.706623391136638,13.258564550225856,13.398707389831543,365812000,0.0,0.0
2020-11-13 00:00:00-05:00,13.568471277334389,13.60979236646862,13.002921392268068,13.239645957946777,346312000,0.0,0.0
2020-11-16 00:00:00-05:00,13.11568372017377,13.590626548003572,13.099255366942009,13.456955909729004,413776000,0.0,0.0
2020-11-17 00:00:00-05:00,13.494047103867059,13.537608217829746,13.246370241998301,13.364358901977539,312028000,0.0,0.0
2020-11-18 00:00:00-05:00,13.407172128790208,13.54706619704426,13.128131296756674,13.370829582214355,510924000,0.0,0.0
2020-11-19 00:00:00-05:00,13.15576163324894,13.429326347476689,13.043497889673867,13.382280349731445,565936000,0.0,0.0
2020-11-20 00:00:00-05:00,13.395968917954983,13.436293916600302,13.008645914860107,13.031298637390137,341088000,0.0,0.0
2020-11-23 00:00:00-05:00,13.114440599717943,13.324778798429607,12.959362101310216,13.083325386047363,361356000,0.0,0.0
2020-11-24 00:00:00-05:00,13.085813935486797,13.105229608148392,12.829424883595962,12.901861190795898,346500000,0.0,0.0
2020-11-25 00:00:00-05:00,12.976288525531565,13.212265811659313,12.963842630406676,13.177665710449219,259916000,0.0,0.0
2020-11-27 00:00:00-05:00,13.317308922458194,13.349669004408476,13.113690805350098,13.204049110412598,167276000,0.0,0.0
2020-11-30 00:00:00-05:00,13.20778593658098,13.354649779706577,12.916298264592438,13.343696594238281,286952000,0.0,0.0
2020-12-01 00:00:00-05:00,13.434054894917562,13.470397438236995,13.171192706053294,13.332245826721191,296948000,0.0,0.0
2020-12-02 00:00:00-05:00,13.292915747982203,13.614522515050519,13.177167128048557,13.486079216003418,283360000,0.0,0.0
2020-12-03 00:00:00-05:00,13.532890281081619,13.605099125266102,13.275430066021904,13.34216022491455,199520000,0.004,0.0
2020-12-04 00:00:00-05:00,13.394448782293157,13.505501389453034,13.334939318795286,13.503758430480957,202244000,0.0,0.0
2020-12-07 00:00:00-05:00,13.546587159344568,13.676064811803872,13.445744380440564,13.552064895629883,223244000,0.0,0.0
2020-12-08 00:00:00-05:00,13.53040088587082,13.544095699558415,13.22812050077017,13.296345710754395,271920000,0.0,0.0
2020-12-09 00:00:00-05:00,13.247043357447485,13.360086828024684,12.816530607506692,12.878779411315918,401300000,0.0,0.0
2020-12-10 00:00:00-05:00,12.817278981162264,13.01622611811567,12.797856623609862,12.920113563537598,207764000,0.0,0.0
2020-12-11 00:00:00-05:00,12.915135244056243,12.967673829963603,12.771465060038214,12.96095085144043,209264000,0.0,0.0
2020-12-14 00:00:00-05:00,13.035396898457394,13.33493790120574,13.024939145736656,13.25525951385498,270156000,0.0,0.0
2020-12-15 00:00:00-05:00,13.38573457742504,13.409887145651437,13.133752090709104,13.306803703308105,193016000,0.0,0.0
2020-12-16 00:00:00-05:00,13.368554535432228,13.383245733797809,13.159398488926833,13.189278602600098,223116000,0.0,0.0
2020-12-17 00:00:00-05:00,13.313028850638311,13.325728231536273,13.12553583695301,13.28763198852539,231384000,0.0,0.0
2020-12-18 00:00:00-05:00,13.325226838927424,13.35112236253232,13.017967423113692,13.218657493591309,342064000,0.0,0.0
2020-12-21 00:00:00-05:00,13.02220170883082,13.316265019825284,12.915382540524025,13.278666496276855,302332000,0.0,0.0
2020-12-22 00:00:00-05:00,13.26571770440206,13.283645009703203,13.001533585511854,13.224882125854492,185580000,0.0,0.0
2020-12-23 00:00:00-05:00,13.202724607149166,13.221648300636407,12.952733906135586,12.956966400146484,179144000,0.0,0.0
2020-12-24 00:00:00-05:00,12.984853442568095,13.079720766259195,12.886750008743377,12.9415283203125,97884000,0.0,0.0
2020-12-28 00:00:00-05:00,13.010002320422752,13.010002320422752,12.711955344078387,12.84815502166748,212564000,0.0,0.0
2020-12-29 00:00:00-05:00,12.873053464210267,13.019960686571482,12.790635724681074,12.891229629516602,170372000,0.0,0.0
2020-12-30 00:00:00-05:00,12.938041042133536,13.16064303299953,12.844917637300343,13.092916488647461,225396000,0.0,0.0
2020-12-31 00:00:00-05:00,13.083701629533948,13.098143016230411,12.863091495745453,13.00252914428711,192424000,0.0,0.0
2021-01-04 00:00:00-05:00,13.05158327179001,13.597630023242596,12.910402638287994,13.060795783996582,560640000,0.0,0.0
2021-01-05 00:00:00-05:00,13.04710135296224,13.389469813350296,13.03440292226786,13.350875854492188,322760000,0.0,0.0
2021-01-06 00:00:00-05:00,13.169359986011573,13.19176959882881,12.53541860648144,12.563803672790527,580424000,0.0,0.0
2021-01-07 00:00:00-05:00,12.915383021394952,13.323984877289753,12.834709185553201,13.290369987487793,461480000,0.0,0.0
2021-01-08 00:00:00-05:00,13.308795569096715,13.367059793296423,12.989583303848809,13.223389625549316,292528000,0.0,0.0
2021-01-11 00:00:00-05:00,13.36481712213483,13.904888339693949,13.30879358227213,13.566752433776855,518344000,0.0,0.0
2021-01-12 00:00:00-05:00,13.697229058684814,13.69922182626303,13.291367462132946,13.43055534362793,291476000,0.0,0.0
2021-01-13 00:00:00-05:00,13.435783333016113,13.570240994686895,13.331205784944276,13.477365493774414,210028000,0.0,0.0
2021-01-14 00:00:00-05:00,13.520440755047291,13.545091039577693,13.12752650374872,13.147196769714355,283120000,0.0,0.0
2021-01-15 00:00:00-05:00,13.174838172383058,13.271697322786007,12.796863893091793,12.807819366455078,277780000,0.0,0.0
2021-01-19 00:00:00-05:00,12.963936740649542,13.0413744649296,12.79237922661994,12.972901344299316,226188000,0.0,0.0
2021-01-20 00:00:00-05:00,13.059051941538538,13.376521226677053,13.004273639082106,13.312031745910645,258572000,0.0,0.0
2021-01-21 00:00:00-05:00,13.36456988189232,13.942986262976488,13.199735351672873,13.811765670776367,337780000,0.0,0.0
2021-01-22 00:00:00-05:00,13.684779271402295,13.786120714632485,13.572482355871044,13.657389640808105,246820000,0.0,0.0
2021-01-25 00:00:00-05:00,13.726360770124714,13.772922949913667,13.183302194742383,13.598377227783203,251112000,0.0,0.0
2021-01-26 00:00:00-05:00,13.525915951781524,13.589907706073742,13.333691830499555,13.381250381469727,163980000,0.0,0.0
2021-01-27 00:00:00-05:00,13.176825567795346,13.179564910137588,12.742329208441202,12.86583137512207,371272000,0.0,0.0
2021-01-28 00:00:00-05:00,12.94401620453668,13.286135761458496,12.908409501804401,12.99854564666748,228316000,0.0,0.0
2021-01-29 00:00:00-05:00,13.022450189012595,13.281156594741395,12.85960747764064,12.937542915344238,271552000,0.0,0.0
2021-02-01 00:00:00-05:00,13.000787159383922,13.21741272526366,12.850891747211746,13.183798789978027,217204000,0.0,0.0
2021-02-02 00:00:00-05:00,13.3448990521838,13.517451986494493,13.232103488617547,13.502264022827148,220440000,0.0,0.0
2021-02-03 00:00:00-05:00,13.581195250724157,13.875757217775313,13.4621763232891,13.476119995117188,245408000,0.0,0.0
2021-02-04 00:00:00-05:00,13.476619285849223,13.618546504869126,13.284146250549627,13.609333992004395,201340000,0.0,0.0
2021-02-05 00:00:00-05:00,13.66984110418182,13.682041819578815,13.491310776070629,13.536378860473633,169152000,0.0,0.0
2021-02-08 00:00:00-05:00,13.672078622183603,14.415578363671342,13.672078622183603,14.380719184875488,434624000,0.0,0.0
2021-02-09 00:00:00-05:00,14.283114817717069,14.524640523472257,14.165340166311495,14.205926895141602,287560000,0.0,0.0
2021-02-10 00:00:00-05:00,14.40512039530339,14.845094516583352,14.283859846653357,14.704910278320312,485352000,0.0,0.0
2021-02-11 00:00:00-05:00,14.920042034364652,15.210868251404307,14.86501392689341,15.189454078674316,450828000,0.0,0.0
2021-02-12 00:00:00-05:00,14.989513380553097,15.229793821020415,14.71561805135183,14.90112018585205,374756000,0.0,0.0
2021-02-16 00:00:00-05:00,15.003704102440429,15.31071561660101,14.889913111064672,15.268634796142578,321960000,0.0,0.0
2021-02-17 00:00:00-05:00,15.110026568801802,15.162316290720591,14.720598221294038,14.846092224121094,274756000,0.0,0.0
2021-02-18 00:00:00-05:00,14.66980213100204,14.813472286009498,14.516420797901691,14.769400596618652,233868000,0.0,0.0
2021-02-19 00:00:00-05:00,14.964117061512086,15.11600432241574,14.787081796007755,14.866511344909668,271724000,0.0,0.0
2021-02-22 00:00:00-05:00,14.71536943669712,15.07242908936118,14.267427053399269,14.298053741455078,325884000,0.0,0.0
2021-02-23 00:00:00-05:00,14.018680862200867,14.181524533940966,13.335686902429352,14.085163116455078,391780000,0.0,0.0
2021-02-24 00:00:00-05:00,14.065990089420389,14.448446595280082,13.700713365709305,14.440727233886719,448320000,0.0,0.0
2021-02-25 00:00:00-05:00,13.989047741668749,14.316974745337102,13.16313130162418,13.254014015197754,824436000,0.0,0.0
2021-02-26 00:00:00-05:00,13.697228301041338,13.798818598724198,13.307302217792548,13.659381866455078,500932000,0.0,0.0
2021-03-01 00:00:00-05:00,13.819234727310848,13.869033961341506,13.498778190317397,13.786118507385254,353184000,0.0,0.0
2021-03-02 00:00:00-05:00,13.844135500255799,13.864553293096154,13.342161365725818,13.352370262145996,264116000,0.0,0.0
2021-03-03 00:00:00-05:00,13.372290481495257,13.397438485265281,12.74731186627363,12.753288269042969,377592000,0.0,0.0
2021-03-04 00:00:00-05:00,12.749302617793662,12.922852894444349,12.035184286271841,12.32053279876709,573344000,0.0,0.0
2021-03-05 00:00:00-05:00,12.49955846462247,12.49955846462247,11.63230781059517,12.41141414642334,542840000,0.0,0.0
2021-03-08 00:00:00-05:00,12.399962837749444,12.421127205316727,11.520013555432708,11.546656608581543,543112000,0.0,0.0
2021-03-09 00:00:00-05:00,12.085667607908785,12.570379359155847,12.014928455750928,12.474234580993652,521824000,0.004,0.0
2021-03-10 00:00:00-05:00,12.793309677560007,12.932296665789181,12.411717820927414,12.422428131103516,384376000,0.0,0.0
2021-03-11 00:00:00-05:00,12.902405394482225,12.998302184299803,12.687697531280483,12.945745468139648,299916000,0.0,0.0
2021-03-12 00:00:00-05:00,12.601764317389547,12.841380871489648,12.543728924409528,12.808751106262207,243964000,0.0,0.0
2021-03-15 00:00:00-04:00,12.817467955931283,13.158211007285875,12.720326450748013,13.142767906188965,221988000,0.0,0.0
2021-03-16 00:00:00-04:00,13.30740788086485,13.462834639963356,13.06853917278474,13.242398262023926,272128000,0.0,0.0
2021-03-17 00:00:00-04:00,12.991825039852959,13.403805133986928,12.941759670722005,13.292217254638672,243864000,0.0,0.0
2021-03-18 00:00:00-04:00,13.088220142222372,13.135545224725465,12.670261569305001,12.675741195678711,293896000,0.0,0.0
2021-03-19 00:00:00-04:00,12.703139313327759,12.874009196386721,12.56614486370807,12.798537254333496,299208000,0.0,0.0
2021-03-22 00:00:00-04:00,12.8652925575449,13.34527153839692,12.859314092199842,13.137786865234375,297804000,0.0,0.0
2021-03-23 00:00:00-04:00,13.205534747108478,13.295453056393745,12.973391315699493,13.022709846496582,222048000,0.0,0.0
2021-03-24 00:00:00-04:00,13.102916077650947,13.110887048313957,12.590307315590085,12.59653377532959,245840000,0.0,0.0
2021-03-25 00:00:00-04:00,12.453560612717908,12.668019515314883,12.226896785999031,12.489178657531738,295144000,0.0,0.0
2021-03-26 00:00:00-04:00,12.508359288718777,12.809000478579916,12.328024743744802,12.792062759399414,363968000,0.0,0.0
2021-03-29 00:00:00-04:00,12.773131644958724,13.014491751038356,12.653323847339317,12.90066146850586,273520000,0.0,0.0
2021-03-30 00:00:00-04:00,12.79480328311249,12.927563800366542,12.658306699828916,12.824443817138672,200204000,0.0,0.0
2021-03-31 00:00:00-04:00,12.967663184063744,13.42099081099066,12.93478447914414,13.299190521240234,314776000,0.0,0.0
2021-04-01 00:00:00-04:00,13.522367484481046,13.819022667690524,13.461590860385282,13.760987281799316,308276000,0.0,0.0
2021-04-05 00:00:00-04:00,13.816533522907958,13.962494731258166,13.682527344785477,13.936092376708984,255672000,0.0,0.0
2021-04-06 00:00:00-04:00,13.948297705902563,14.002597032896157,13.722879532840807,13.810555458068848,191744000,0.0,0.0
2021-04-07 00:00:00-04:00,13.829733469793657,14.191150299741128,13.661105981821104,14.09151840209961,251284000,0.0,0.0
2021-04-08 00:00:00-04:00,14.20036660361676,14.418312621618602,14.196629588023145,14.26438045501709,244416000,0.0,0.0
2021-04-09 00:00:00-04:00,14.161760136622581,14.355047386702058,14.122903911178433,14.347076416015625,195172000,0.0,0.0
2021-04-12 00:00:00-04:00,14.237230908904042,15.296074841669363,14.087283745856782,15.153101921081543,869324000,0.0,0.0
2021-04-13 00:00:00-04:00,15.17551855147795,15.642296785961808,15.070157136320923,15.621871948242188,676212000,0.0,0.0
2021-04-14 00:00:00-04:00,15.567575372230744,15.662724385304463,15.171536216754417,15.220854759216309,385500000,0.0,0.0
2021-04-15 00:00:00-04:00,15.604938070709537,16.154660479530673,15.574051864074454,16.077943801879883,598480000,0.0,0.0
2021-04-16 00:00:00-04:00,15.993999034973276,16.10633564214932,15.806939219576352,15.854016304016113,335208000,0.0,0.0
2021-04-19 00:00:00-04:00,15.479398285932946,15.749402181564943,15.177013572325267,15.305290222167969,404420000,0.0,0.0
2021-04-20 00:00:00-04:00,15.266931737952133,15.440043072453125,14.908006256331758,15.115490913391113,334132000,0.0,0.0
2021-04-21 00:00:00-04:00,15.063186285758242,15.306041043527214,15.0467474042477,15.304048538208008,216776000,0.0,0.0
2021-04-22 00:00:00-04:00,15.318493605609078,15.381760632478036,14.729167212637465,14.795672416687012,277788000,0.0,0.0
2021-04-23 00:00:00-04:00,14.879365481583822,15.278642857375454,14.845490988823302,15.209149360656738,227500000,0.0,0.0
2021-04-26 00:00:00-04:00,15.129193420921956,15.422112602976226,15.0694135112326,15.42111587524414,197796000,0.0,0.0
2021-04-27 00:00:00-04:00,15.521243816067019,15.612905694192488,15.298067110638453,15.325217247009277,164572000,0.0,0.0
2021-04-28 00:00:00-04:00,15.308032833296224,15.475166680106252,15.159580267005879,15.22060489654541,209416000,0.0,0.0
2021-04-29 00:00:00-04:00,15.343399043611141,15.379764870090474,15.016106605297141,15.268425941467285,173196000,0.0,0.0
2021-04-30 00:00:00-04:00,15.118729701211409,15.308528865809581,14.941881343927635,14.95433521270752,201912000,0.0,0.0
2021-05-03 00:00:00-04:00,15.06941043878628,15.19071284416774,14.733151247079403,14.782219886779785,203912000,0.0,0.0
2021-05-04 00:00:00-04:00,14.583453950082967,14.583702894438511,13.958758495262643,14.298504829406738,405324000,0.0,0.0
2021-05-05 00:00:00-04:00,14.654938309097338,14.75905499847583,14.334620122131005,14.405359268188477,292024000,0.0,0.0
2021-05-06 00:00:00-04:00,14.441972684139825,14.51769356016453,14.165742373502953,14.469620704650879,193380000,0.0,0.0
2021-05-07 00:00:00-04:00,14.753823675891304,14.915725847718134,14.617825015407917,14.757808685302734,229328000,0.0,0.0
2021-05-10 00:00:00-04:00,14.732900795256858,14.751582071904844,14.197625826750052,14.21331787109375,268904000,0.0,0.0
2021-05-11 00:00:00-04:00,13.774187749389633,14.301990590214329,13.699463592554991,14.253668785095215,285584000,0.0,0.0
2021-05-12 00:00:00-04:00,13.958009406177771,14.207838345963491,13.65886383403718,13.707932472229004,303408000,0.0,0.0
2021-05-13 00:00:00-04:00,13.982169938542986,14.028998076504566,13.409532427846457,13.61502456665039,285404000,0.0,0.0
2021-05-14 00:00:00-04:00,13.838948676923984,14.275338566750431,13.697968278398676,14.190650939941406,258616000,0.0,0.0
2021-05-17 00:00:00-04:00,14.104967840462367,14.11717276437191,13.802584080647618,14.113436698913574,216980000,0.0,0.0
2021-05-18 00:00:00-04:00,14.214566961029632,14.351312494718293,13.952533036625123,13.964240074157715,186256000,0.0,0.0
2021-05-19 00:00:00-04:00,13.516638780467643,14.027753839066552,13.493474603613123,14.014054298400879,344000000,0.0,0.0
2021-05-20 00:00:00-04:00,14.249933897946976,14.629783072668266,14.218051917786887,14.558794975280762,321592000,0.0,0.0
2021-05-21 00:00:00-04:00,15.108018052622167,15.166054390870835,14.814849979402481,14.936650276184082,672992000,0.0,0.0
2021-05-24 00:00:00-04:00,15.156589134652451,15.687132304008871,15.120223305868196,15.554621696472168,554816000,0.0,0.0
2021-05-25 00:00:00-04:00,15.708054812680162,15.760361630715945,15.42559704511767,15.590239524841309,435408000,0.0,0.0
2021-05-26 00:00:00-04:00,15.676422124487875,15.735703186240535,15.528966303165006,15.642297744750977,370440000,0.0,0.0
2021-05-27 00:00:00-04:00,15.642049757647367,15.692115130559111,15.40318098520956,15.43107795715332,581476000,0.0,0.0
2021-05-28 00:00:00-04:00,15.44403099782794,16.21767694767889,15.44403099782794,16.184797286987305,644536000,0.0,0.0
2021-06-01 00:00:00-04:00,16.210203934751263,16.328019228538366,15.844801122756069,16.204723358154297,472804000,0.0,0.0
2021-06-02 00:00:00-04:00,16.19252112571894,16.85657172590824,16.175832350111072,16.71658706665039,594168000,0.0,0.0
2021-06-03 00:00:00-04:00,16.639374356269755,17.195573188555496,16.522056925487203,16.907384872436523,580008000,0.0,0.0
2021-06-04 00:00:00-04:00,17.049607167748274,17.59609137456024,17.03267134906249,17.513647079467773,617120000,0.0,0.0
2021-06-07 00:00:00-04:00,17.506668113699998,17.747030491706028,17.12955929852456,17.554241180419922,575756000,0.0,0.0
2021-06-08 00:00:00-04:00,17.462830794677384,17.556734115441593,17.18759528524921,17.392839431762695,323848000,0.0,0.0
2021-06-09 00:00:00-04:00,17.455376379612076,17.514422030951746,17.19627233755803,17.298418045043945,381656000,0.004,0.0
2021-06-10 00:00:00-04:00,17.29019648734641,17.43170722377166,17.116796462616325,17.36493682861328,287772000,0.0,0.0
2021-06-11 00:00:00-04:00,17.41924641470844,17.877412740518896,17.38362021079101,17.763805389404297,416308000,0.0,0.0
2021-06-14 00:00:00-04:00,17.84427598888684,17.97731494669159,17.601864607504492,17.956636428833008,321376000,0.0,0.0
2021-06-15 00:00:00-04:00,17.85324549808425,17.95414617159391,17.666889838521403,17.72718048095703,243032000,0.0,0.0
2021-06-16 00:00:00-04:00,17.729423980176904,17.8928582145457,17.52388380440414,17.748855590820312,307124000,0.0,0.0
2021-06-17 00:00:00-04:00,17.71323258774539,18.7700763215897,17.69504598066055,18.592939376831055,809656000,0.0,0.0
2021-06-18 00:00:00-04:00,18.71925259251508,19.308215040452524,18.519941225336265,18.57450294494629,968856000,0.0,0.0
2021-06-21 00:00:00-04:00,18.37169941417833,18.47260198225136,17.76131158192782,18.363727569580078,672384000,0.0,0.0
2021-06-22 00:00:00-04:00,18.407828248625574,18.89838188023769,18.32262225653675,18.821645736694336,580144000,0.0,0.0
2021-06-23 00:00:00-04:00,18.942234896938484,19.086735576664665,18.842579190204066,18.99156379699707,332356000,0.0,0.0
2021-06-24 00:00:00-04:00,19.161473823483938,19.35306044926967,19.022453105749324,19.139299392700195,320924000,0.0,0.0
2021-06-25 00:00:00-04:00,19.21404481317408,19.278821304840594,18.829375588695353,18.965404510498047,278364000,0.0,0.0
2021-06-28 00:00:00-04:00,19.294510415626913,20.00953782998567,19.25240637349924,19.91611099243164,495436000,0.0,0.0
2021-06-29 00:00:00-04:00,19.81396615542745,20.029470225090638,19.589243331185592,19.957719802856445,367632000,0.0,0.0
2021-06-30 00:00:00-04:00,19.93031286945108,20.093000115257194,19.795279984425818,19.933551788330078,326568000,0.0,0.0
2021-07-01 00:00:00-04:00,20.05563395892142,20.38549245797189,19.949998418295216,20.142333984375,480136000,0.0,0.0
2021-07-02 00:00:00-04:00,20.369793862838424,20.434570343264514,20.21781937074688,20.4163818359375,342764000,0.0,0.0
2021-07-06 00:00:00-04:00,20.666014703465514,20.7701542975296,20.280100602150775,20.62714958190918,446708000,0.0,0.0
2021-07-07 00:00:00-04:00,20.781620788688226,20.803046315753402,20.261918703161886,20.301530838012695,418428000,0.0,0.0
2021-07-08 00:00:00-04:00,19.788052722862183,20.063598390632993,19.632839339363898,19.834142684936523,503300000,0.0,0.0
2021-07-09 00:00:00-04:00,19.893687412394865,20.011031686742374,19.686155219860904,19.98113441467285,296624000,0.0,0.0
2021-07-12 00:00:00-04:00,20.170231770581537,20.461972057856865,20.118161969430805,20.44179344177246,321984000,0.0,0.0
2021-07-13 00:00:00-04:00,20.33018116670877,20.390722726429324,20.04466967248551,20.180200576782227,290708000,0.0,0.0
2021-07-14 00:00:00-04:00,20.287576714298133,20.34736936190273,19.684662607285635,19.77310562133789,380100000,0.0,0.0
2021-07-15 00:00:00-04:00,19.743463690189294,19.778591902318016,18.793498450144497,18.900876998901367,550564000,0.0,0.0
2021-07-16 00:00:00-04:00,18.964906143525425,19.090969302592104,18.010705995302715,18.09840202331543,688224000,0.0,0.0
2021-07-19 00:00:00-04:00,17.85350083008128,18.97636621146561,17.80392103012152,18.71502113342285,749060000,0.0,0.0
2021-07-20 00:00:00-04:00,18.66544105629697,18.773068604657446,18.10139195799194,18.547847747802734,434687000,0.0,4.0
2021-07-21 00:00:00-04:00,18.816914001718725,19.459691152678595,18.677397187844907,19.343093872070312,371017000,0.0,0.0
2021-07-22 00:00:00-04:00,19.574295529309875,19.818449966161833,19.209555981723096,19.526460647583008,323826000,0.0,0.0
2021-07-23 00:00:00-04:00,19.5882451844346,19.632094138275786,19.18364454445937,19.490583419799805,195672000,0.0,0.0
2021-07-26 00:00:00-04:00,19.244436793032506,19.374983858977348,18.848803969588506,19.227495193481445,203943000,0.0,0.0
2021-07-27 00:00:00-04:00,19.19858929482004,19.55435899807369,18.676395454611008,19.141786575317383,248863000,0.0,0.0
2021-07-28 00:00:00-04:00,19.2524080782056,19.57828058191226,18.92952549207066,19.435773849487305,202191000,0.0,0.0
2021-07-29 00:00:00-04:00,19.451718199146022,19.78456845561129,19.261376580692936,19.594226837158203,190781000,0.0,0.0
2021-07-30 00:00:00-04:00,19.351065420539463,19.562334550057216,19.19660092206327,19.431787490844727,183497000,0.0,0.0
2021-08-02 00:00:00-04:00,19.632097922483993,19.892197976723832,19.29426570330478,19.68192481994629,217444000,0.0,0.0
2021-08-03 00:00:00-04:00,19.671954243501315,20.15229309655213,19.15374627337289,19.74669647216797,301811000,0.0,0.0
2021-08-04 00:00:00-04:00,19.921093477440312,20.24796386771161,19.75965124376936,20.20411491394043,231309000,0.0,0.0
2021-08-05 00:00:00-04:00,20.429341450355835,20.661538157940313,20.27188509541774,20.565868377685547,211435000,0.0,0.0
2021-08-06 00:00:00-04:00,20.453251740531083,20.4990927022112,20.1403330525304,20.295795440673828,178497000,0.0,0.0
2021-08-09 00:00:00-04:00,20.375524755184056,20.437311323897866,20.073569653993285,20.225046157836914,146443000,0.0,0.0
2021-08-10 00:00:00-04:00,20.25195008967123,20.35957761344973,19.766627375953473,19.867280960083008,179238000,0.0,0.0
2021-08-11 00:00:00-04:00,19.97390996272921,19.979889797414497,19.363024040976125,19.63109588623047,185925000,0.0,0.0
2021-08-12 00:00:00-04:00,19.801508432244812,19.959958849718042,19.552370188713052,19.836387634277344,151652000,0.0,0.0
2021-08-13 00:00:00-04:00,19.836388472220936,20.1443233694404,19.782573757798062,20.118412017822266,183063000,0.0,0.0
2021-08-16 00:00:00-04:00,20.065593064053427,20.217069532094754,19.385942869614865,19.8812313079834,210876000,0.0,0.0
2021-08-17 00:00:00-04:00,19.61714508254788,19.70185307512891,19.20058666248463,19.390928268432617,204585000,0.0,0.0
2021-08-18 00:00:00-04:00,19.432778586085732,19.56631742983392,18.934502212083533,18.974365234375,285913000,0.0,0.0
2021-08-19 00:00:00-04:00,19.42680433496521,20.424355275719023,18.697327164065186,19.72975730895996,766555000,0.0,0.0
2021-08-20 00:00:00-04:00,19.92209227489408,20.79308023295475,19.864293533156978,20.74424934387207,675741000,0.0,0.0
2021-08-23 00:00:00-04:00,20.898715368530024,21.921177903907907,20.877787845028326,21.882312774658203,575807000,0.0,0.0
2021-08-24 00:00:00-04:00,21.678019114764727,21.8833084230163,21.46077013569365,21.717880249023438,297299000,0.0,0.0
2021-08-25 00:00:00-04:00,21.662071688084197,22.392544826376568,21.64712400159845,22.136430740356445,347701000,0.0,0.0
2021-08-26 00:00:00-04:00,22.12347879676051,22.262995617571487,21.71489219229339,21.991933822631836,237940000,0.0,0.0
2021-08-27 00:00:00-04:00,22.10753036152277,22.643675947875877,22.090588763919488,22.557971954345703,304722000,0.0,0.0
2021-08-30 00:00:00-04:00,22.751305343048546,22.963570482185514,22.473267719877327,22.60979461669922,262580000,0.0,0.0
2021-08-31 00:00:00-04:00,22.6207644816937,22.6207644816937,22.047646444043774,22.311779022216797,259850000,0.004,0.0
2021-09-01 00:00:00-04:00,22.41144855038439,22.622754957763057,22.28386700045794,22.367591857910156,201767000,0.0,0.0
2021-09-02 00:00:00-04:00,22.44433930541851,22.51909472765023,22.22206920355075,22.322738647460938,187834000,0.0,0.0
2021-09-03 00:00:00-04:00,22.2519691858628,22.91080616281464,22.12737809725463,22.768274307250977,280532000,0.0,0.0
2021-09-07 00:00:00-04:00,22.758307882725695,22.82409196545465,22.4483244181334,22.587867736816406,198107000,0.0,0.0
2021-09-08 00:00:00-04:00,22.439356967135367,22.536039786741064,21.90510910488169,22.265926361083984,254434000,0.0,0.0
2021-09-09 00:00:00-04:00,22.239008815072744,22.464269311558628,22.05860118166775,22.104450225830078,196856000,0.0,0.0
2021-09-10 00:00:00-04:00,22.274896532355616,22.551987038677307,22.197152562012025,22.40447235107422,248376000,0.0,0.0
2021-09-13 00:00:00-04:00,22.609795740171823,22.88888048395177,21.786497552074803,22.07953643798828,297500000,0.0,0.0
2021-09-14 00:00:00-04:00,22.202139682124887,22.336698334878353,22.01375870893594,22.169248580932617,199755000,0.0,0.0
2021-09-15 00:00:00-04:00,22.236022722228473,22.29383355511717,21.894144334606132,22.26791763305664,166538000,0.0,0.0
2021-09-16 00:00:00-04:00,22.11044155051932,22.20413394633798,21.855278391174537,22.169248580932617,156033000,0.0,0.0
2021-09-17 00:00:00-04:00,22.227050730218956,22.247981943060058,21.758588894411496,21.828359603881836,294503000,0.0,0.0
2021-09-20 00:00:00-04:00,21.076824957284188,21.362886747600268,20.594409012672557,21.043933868408203,349440000,0.0,0.0
2021-09-21 00:00:00-04:00,21.346946241430278,21.3549194960274,20.88147471017902,21.17650604248047,204688000,0.0,0.0
2021-09-22 00:00:00-04:00,21.29610478128571,21.888161496452156,21.126660825026075,21.869224548339844,268726000,0.0,0.0
2021-09-23 00:00:00-04:00,22.067570844468374,22.461279102173783,21.81838869165872,22.4084529876709,248555000,0.0,0.0
2021-09-24 00:00:00-04:00,21.997802477816837,22.076544517927047,21.78948654099759,22.008766174316406,217655000,0.0,0.0
2021-09-27 00:00:00-04:00,21.63898325171852,21.72769282238247,21.255244302712523,21.589147567749023,245215000,0.0,0.0
2021-09-28 00:00:00-04:00,21.144603190689022,21.348932496688196,20.58344330923957,20.63128662109375,343069000,0.0,0.0
2021-09-29 00:00:00-04:00,20.871501019861885,20.948248800717536,20.40004683540283,20.44988441467285,218394000,0.0,0.0
2021-09-30 00:00:00-04:00,20.70006144475727,20.99708693414732,20.620323224212417,20.648231506347656,221009000,0.0,0.0
2021-10-01 00:00:00-04:00,20.68212371981342,20.79076641966092,20.13691215457875,20.674150466918945,240978000,0.0,0.0
2021-10-04 00:00:00-04:00,20.436927789431792,20.474803591708355,19.491032716054217,19.66745376586914,345635000,0.0,0.0
2021-10-05 00:00:00-04:00,19.884741262731815,20.580457952473463,19.789054624206987,20.38410186767578,279282000,0.0,0.0
2021-10-06 00:00:00-04:00,20.054183467600772,20.652219202114356,20.014313404708272,20.632286071777344,297202000,0.0,0.0
2021-10-07 00:00:00-04:00,21.023004241236695,21.252253324633013,20.90339784226503,21.006061553955078,256919000,0.0,0.0
2021-10-08 00:00:00-04:00,21.031972742875528,21.136628803152057,20.707038964304342,20.762855529785156,151258000,0.0,0.0
2021-10-11 00:00:00-04:00,20.507690089797787,20.994092574074557,20.44389838459358,20.627296447753906,163388000,0.0,0.0
2021-10-12 00:00:00-04:00,20.75985852420754,20.988109422261587,20.460840760457746,20.60337257385254,162134000,0.0,0.0
2021-10-13 00:00:00-04:00,20.849573164865863,20.921338143306798,20.64524382851647,20.87050437927246,180652000,0.0,0.0
2021-10-14 00:00:00-04:00,21.218361862587606,21.683833248654274,21.052904524091133,21.674863815307617,243589000,0.0,0.0
2021-10-15 00:00:00-04:00,21.73865543684794,21.859259915283243,21.5911407550322,21.790485382080078,226994000,0.0,0.0
2021-10-18 00:00:00-04:00,21.67785122654991,22.21807795415585,21.573193276980525,22.149303436279297,189494000,0.0,0.0
2021-10-19 00:00:00-04:00,22.203128841785272,22.305792542429998,21.964912250814812,22.217084884643555,161473000,0.0,0.0
2021-10-20 00:00:00-04:00,22.23203574791411,22.359617290338466,21.910092397516213,22.030696868896484,146276000,0.0,0.0
2021-10-21 00:00:00-04:00,22.024712578350698,22.636704274322128,22.010758438417145,22.617765426635742,187590000,0.0,0.0
2021-10-22 00:00:00-04:00,22.748339913629675,23.054334844956028,22.48719785150225,22.651657104492188,249384000,0.0,0.0
2021-10-25 00:00:00-04:00,22.897851941944545,23.278602340486742,22.695516863119877,23.090221405029297,230235000,0.0,0.0
2021-10-26 00:00:00-04:00,23.910523636621996,25.176369464220407,23.845735742786594,24.636140823364258,485898000,0.0,0.0
2021-10-27 00:00:00-04:00,24.393941025402942,25.007925176618038,24.202567761764556,24.371015548706055,245990000,0.0,0.0
2021-10-28 00:00:00-04:00,24.79661760339399,24.868382573846535,24.442779360511576,24.859411239624023,234204000,0.0,0.0
2021-10-29 00:00:00-04:00,24.91921376694326,25.62489787147844,24.91821758575926,25.483362197875977,292503000,0.0,0.0
2021-11-01 00:00:00-04:00,25.565096437115333,25.809293921603484,25.144476013269458,25.74251365661621,265740000,0.0,0.0
2021-11-02 00:00:00-04:00,25.73753168250349,26.590730535065173,25.715602386475727,26.31463623046875,294112000,0.0,0.0
2021-11-03 00:00:00-04:00,26.58275893777931,26.69638634791327,26.149182413290003,26.51099395751953,239910000,0.0,0.0
2021-11-04 00:00:00-04:00,27.139925507145282,31.2623950368217,27.029288562062703,29.70351219177246,1153631000,0.0,0.0
2021-11-05 00:00:00-04:00,30.088251003295557,31.297282321186877,29.313792339899493,29.654674530029297,851260000,0.0,0.0
2021-11-08 00:00:00-05:00,30.05037382681619,30.998263036065406,29.809164902811037,30.703231811523438,503101000,0.0,0.0
2021-11-09 00:00:00-05:00,32.17639722764453,32.20430550943804,29.86597932140083,30.556711196899414,646746000,0.0,0.0
2021-11-10 00:00:00-05:00,29.25996904882886,30.74908123163005,28.683858832683175,29.36263084411621,636206000,0.0,0.0
2021-11-11 00:00:00-05:00,30.368334246239346,30.489934904320453,29.679594643475284,30.29058837890625,332172000,0.0,0.0
2021-11-12 00:00:00-05:00,29.911832261950494,30.579640650645906,29.53307424388538,30.29058837890625,413054000,0.0,0.0
2021-11-15 00:00:00-05:00,30.45205912496515,30.543757233968925,29.151327703396426,29.926782608032227,384909000,0.0,0.0
2021-11-16 00:00:00-05:00,29.66165441463244,30.29058893056083,29.60882638673667,30.10420036315918,264484000,0.0,0.0
2021-11-17 00:00:00-05:00,30.31849611458015,30.409199941675634,28.705788874793846,29.165281295776367,428508000,0.0,0.0
2021-11-18 00:00:00-05:00,32.26112600578859,32.65283822619273,31.218546110509166,31.571388244628906,781711000,0.0,0.0
2021-11-19 00:00:00-05:00,32.1375210519031,32.97975795583658,31.80062743099509,32.87709426879883,533867000,0.0,0.0
2021-11-22 00:00:00-05:00,33.40735981814446,34.53366450538527,31.79565055921418,31.85146713256836,754335000,0.0,0.0
2021-11-23 00:00:00-05:00,31.431842568314533,32.25414458908274,30.778984519657556,31.642152786254883,532163000,0.0,0.0
2021-11-24 00:00:00-05:00,31.35808076043458,32.74751961280794,30.82682344260041,32.56711196899414,435162000,0.0,0.0
2021-11-26 00:00:00-05:00,32.49335785082512,32.602998628839266,31.247448733080454,31.399948120117188,283069000,0.0,0.0
2021-11-29 00:00:00-05:00,32.26012461188157,33.30270053648563,31.931202291527786,33.26681900024414,454964000,0.0,0.0
2021-11-30 00:00:00-05:00,33.060498227989086,33.24389825426,31.75976866465923,32.56911087036133,622066000,0.0,0.0
2021-12-01 00:00:00-05:00,33.11439240625947,33.184171666297914,31.2811809672,31.336008071899414,484368000,0.004,0.0
2021-12-02 00:00:00-05:00,31.11570313644076,32.375722550194084,30.9272972457991,32.02482986450195,472890000,0.0,0.0
2021-12-03 00:00:00-05:00,31.899225278294047,32.027820642535175,30.03511346450326,30.596342086791992,544325000,0.0,0.0
2021-12-06 00:00:00-05:00,29.785902441906565,30.145765658155717,27.94970412663919,29.94240951538086,658938000,0.0,0.0
2021-12-07 00:00:00-05:00,30.859514259780514,32.346816391112846,30.554476224251633,32.32488250732422,593053000,0.0,0.0
2021-12-08 00:00:00-05:00,31.898226458005908,32.188310380047575,31.322045727763758,31.725770950317383,475551000,0.0,0.0
2021-12-09 00:00:00-05:00,31.63405989309718,32.103579151197884,30.332173100678283,30.393978118896484,488507000,0.0,0.0
2021-12-10 00:00:00-05:00,31.051903118678588,31.206415682530494,29.766962833942674,30.102901458740234,488825000,0.0,0.0
2021-12-13 00:00:00-05:00,30.1537389247884,30.19859728465225,28.027454948851968,28.07231330871582,598344000,0.0,0.0
2021-12-14 00:00:00-05:00,27.61176761656936,28.58768456683166,27.16418223461943,28.247758865356445,667035000,0.0,0.0
2021-12-15 00:00:00-05:00,28.310561418103585,30.40394841022342,27.750331012948195,30.36307716369629,698297000,0.0,0.0
2021-12-16 00:00:00-05:00,31.053895348302806,31.061869576386897,28.004528853648427,28.2976016998291,707366000,0.0,0.0
2021-12-17 00:00:00-05:00,27.896870039197612,28.830919505652275,27.67257823059536,27.713449478149414,713758000,0.0,0.0
2021-12-20 00:00:00-05:00,27.219012340762006,28.05536898927544,27.059516359346297,27.6317081451416,461847000,0.0,0.0
2021-12-21 00:00:00-05:00,28.284649573405428,29.028300675592686,27.314712117766373,28.983442306518555,524385000,0.0,0.0
2021-12-22 00:00:00-05:00,28.800017170257917,29.46192565947625,28.359407778692482,29.30741310119629,395184000,0.0,0.0
2021-12-23 00:00:00-05:00,29.661295177874464,29.964338677580162,29.338316106879212,29.54665756225586,343022000,0.0,0.0
2021-12-27 00:00:00-05:00,29.566596240467327,30.989102457785446,29.54665876702278,30.847549438476562,403686000,0.0,0.0
2021-12-28 00:00:00-05:00,31.213393083122995,31.231336047997825,29.917485879079116,30.226511001586914,420591000,0.0,0.0
2021-12-29 00:00:00-05:00,30.177665528495464,30.451799123179573,29.273520345909006,29.90652084350586,343139000,0.0,0.0
2021-12-30 00:00:00-05:00,29.733070560375477,30.361087673132488,29.446975608009016,29.492830276489258,308864000,0.0,0.0
2021-12-31 00:00:00-05:00,29.580552622443367,29.935432431024672,29.23863236196779,29.31838035583496,266530000,0.0,0.0
2022-01-03 00:00:00-05:00,29.72110791823675,30.614286167328913,29.691201708964883,30.02614402770996,391547000,0.0,0.0
2022-01-04 00:00:00-05:00,30.18165084016446,30.372049319821922,28.25972307978426,29.1977596282959,527154000,0.0,0.0
2022-01-05 00:00:00-05:00,28.857834470045624,29.323364772152377,27.446295212189224,27.517070770263672,498064000,0.0,0.0
2022-01-06 00:00:00-05:00,27.55295615903355,28.348443450993756,26.979768076203065,28.089262008666992,454186000,0.0,0.0
2022-01-07 00:00:00-05:00,28.05238144846275,28.332496683528657,26.97179355482779,27.161195755004883,409939000,0.0,0.0
2022-01-10 00:00:00-05:00,26.497288278632688,27.382492201861595,25.563238883232685,27.313709259033203,594681000,0.0,0.0
2022-01-11 00:00:00-05:00,27.236953065488187,27.976616901866414,26.754478046594247,27.72939682006836,404089000,0.0,0.0
2022-01-12 00:00:00-05:00,27.978608560513216,28.504945618330236,27.52105444566208,27.910823822021484,383413000,0.0,0.0
2022-01-13 00:00:00-05:00,28.289629905928102,28.39031167418518,26.41455294503116,26.49131202697754,540171000,0.0,0.0
2022-01-14 00:00:00-05:00,26.217178269218586,27.111354801279813,26.127461534880105,26.85715675354004,395832000,0.0,0.0
2022-01-18 00:00:00-05:00,26.177302480368454,26.554112344866216,25.688845811972694,25.821426391601562,424270000,0.0,0.0
2022-01-19 00:00:00-05:00,25.996870135634115,26.459407663390692,24.97310403064186,24.988056182861328,488315000,0.0,0.0
2022-01-20 00:00:00-05:00,25.22431503185262,25.498448638286458,24.00217414256686,24.07394790649414,435181000,0.0,0.0
2022-01-21 00:00:00-05:00,23.432974653185838,24.744830454694682,23.189743544758542,23.30039405822754,718958000,0.0,0.0
2022-01-24 00:00:00-05:00,22.259678694181396,23.30637129274654,20.82222037714528,23.298397064208984,913982000,0.0,0.0
2022-01-25 00:00:00-05:00,22.474999365021613,22.870750425042836,21.93071925859125,22.253698348999023,664616000,0.0,0.0
2022-01-26 00:00:00-05:00,23.166815419200876,23.981242067414527,22.22977501124328,22.700288772583008,755959000,0.0,0.0
2022-01-27 00:00:00-05:00,23.493779360509365,23.91943467808651,21.606739331750255,21.874893188476562,573353000,0.0,0.0
2022-01-28 00:00:00-05:00,21.942680495703392,22.786017001467613,21.228935667863265,22.76807403564453,543774000,0.0,0.0
2022-01-31 00:00:00-05:00,23.108991809594748,24.43181423649078,22.979402057018028,24.408885955810547,564680000,0.0,0.0
2022-02-01 00:00:00-05:00,25.024949378923388,25.065820637894237,23.814771478973682,24.56041717529297,518925000,0.0,0.0
2022-02-02 00:00:00-05:00,25.712771637079914,25.735698020360548,24.475678597564364,25.16250991821289,543419000,0.0,0.0
2022-02-03 00:00:00-05:00,24.38097558762337,24.998025678674647,23.705111287686467,23.872581481933594,410178000,0.0,0.0
2022-02-04 00:00:00-05:00,23.89650713053911,24.55741930721573,23.557577711661764,24.242414474487305,354829000,0.0,0.0
2022-02-07 00:00:00-05:00,24.295253265592574,25.10270207486209,24.12578851289725,24.65013313293457,376868000,0.0,0.0
2022-02-08 00:00:00-05:00,24.28228698772841,25.150544291203026,23.904480837599923,25.028928756713867,410359000,0.0,0.0
2022-02-09 00:00:00-05:00,25.54131148574977,26.640838580536943,25.27315951224319,26.620901107788086,524282000,0.0,0.0
2022-02-10 00:00:00-05:00,25.913138706568642,26.84020840080806,25.519382164128384,25.74267578125,513200000,0.0,0.0
2022-02-11 00:00:00-05:00,25.834385491481136,26.069642339244744,23.698134593993387,23.873579025268555,605472000,0.0,0.0
2022-02-14 00:00:00-05:00,23.858630725496297,24.79666745710509,23.680193553099095,24.190582275390625,440424000,0.0,0.0
2022-02-15 00:00:00-05:00,24.870429246985168,26.461403743864466,24.705949858768733,26.411561965942383,699869000,0.0,0.0
2022-02-16 00:00:00-05:00,26.176307798231086,26.498290583942875,25.47153350229462,26.427513122558594,732676000,0.0,0.0
2022-02-17 00:00:00-05:00,25.549287576906618,25.70380014996148,24.08890276641559,24.429824829101562,810595000,0.0,0.0
2022-02-18 00:00:00-05:00,24.59031284874341,24.90731216889236,23.02725202902934,23.56754493713379,761255000,0.0,0.0
2022-02-22 00:00:00-05:00,22.9624522816011,23.98821082892475,22.92756266443645,23.316333770751953,633422000,0.0,0.0
2022-02-23 00:00:00-05:00,23.727040557473366,24.078929495655366,22.230768194872702,22.316495895385742,566511000,0.0,0.0
2022-02-24 00:00:00-05:00,20.948817318078245,23.725046427228275,20.82421097780637,23.67321014404297,735801000,0.0,0.0
2022-02-25 00:00:00-05:00,23.64630098063684,24.14073741705025,23.30737152091748,24.0809268951416,528866000,0.0,0.0
2022-02-28 00:00:00-05:00,23.916442673962294,24.58732353254716,23.63234037536328,24.308204650878906,477319000,0.0,0.0
2022-03-01 00:00:00-05:00,24.21450233159208,24.3002319386135,23.059151897859554,23.403064727783203,412056000,0.0,0.0
2022-03-02 00:00:00-05:00,23.685222229370265,24.336276568768735,23.345238595457605,24.147838592529297,389642000,0.004,0.0
2022-03-03 00:00:00-05:00,24.189710547156224,24.2535209394166,23.399074019480082,23.64334487915039,365095000,0.0,0.0
2022-03-04 00:00:00-05:00,23.31433339065873,23.609451053409828,22.4150202714538,22.86766815185547,431415000,0.0,0.0
2022-03-07 00:00:00-05:00,22.749018838877227,22.964376798114145,21.2664496692882,21.28838348388672,450821000,0.0,0.0
2022-03-08 00:00:00-05:00,21.24551054038405,22.306339565350985,20.58847361397796,21.449899673461914,557467000,0.0,0.0
2022-03-09 00:00:00-05:00,22.320301778530236,23.150820212926504,22.1807194875951,22.9454345703125,492742000,0.0,0.0
2022-03-10 00:00:00-05:00,22.463869834153396,22.720104081485786,21.816803338925023,22.590492248535156,428066000,0.0,0.0
2022-03-11 00:00:00-05:00,22.9534068346535,23.076041459647897,21.980314929450074,22.034154891967773,367209000,0.0,0.0
2022-03-14 00:00:00-04:00,21.80384653913913,22.19567534891805,21.095962710522347,21.26645278930664,385354000,0.0,0.0
2022-03-15 00:00:00-04:00,21.45388943534592,22.96936124008591,21.258474245006287,22.90455436706543,491996000,0.0,0.0
2022-03-16 00:00:00-04:00,23.429986500774472,24.523718332751294,23.10296459283885,24.423019409179688,671422000,0.0,0.0
2022-03-17 00:00:00-04:00,24.04813969626861,24.76798684900342,23.834776570421486,24.692214965820312,471941000,0.0,0.0
2022-03-18 00:00:00-04:00,24.725117703242326,26.489844911193696,24.550639830280833,26.374189376831055,730719000,0.0,0.0
2022-03-21 00:00:00-04:00,26.428027300009337,27.071106099040612,25.88963521663449,26.65435028076172,591727000,0.0,0.0
2022-03-22 00:00:00-04:00,26.647371123248757,27.156850275284068,25.994323791878227,26.444976806640625,547007000,0.0,0.0
2022-03-23 00:00:00-04:00,26.048163421646912,26.532715564299693,25.498806299804944,25.55763053894043,502120000,0.0,0.0
2022-03-24 00:00:00-04:00,26.08804154718275,28.235623263570396,25.829812434294954,28.066129684448242,877379000,0.0,0.0
2022-03-25 00:00:00-04:00,27.80292125310054,28.27351518468518,27.189753699361987,27.609498977661133,579016000,0.0,0.0
2022-03-28 00:00:00-04:00,27.673304055239864,28.165831710193313,27.12494158890915,28.134923934936523,425494000,0.0,0.0
2022-03-29 00:00:00-04:00,28.609510581218807,28.859762245849687,27.896640581268052,28.570627212524414,488984000,0.0,0.0
2022-03-30 00:00:00-04:00,28.21967492416321,28.411102336887122,27.421060745065915,27.60750389099121,463487000,0.0,0.0
2022-03-31 00:00:00-04:00,27.699226807551824,28.163838026854247,27.188753110757293,27.20470428466797,523440000,0.0,0.0
2022-04-01 00:00:00-04:00,27.29343862106805,27.41407840137785,26.188740006342908,26.632413864135742,517235000,0.0,0.0
2022-04-04 00:00:00-04:00,26.648367352938315,27.475894378510496,26.533710211634048,27.278484344482422,397120000,0.0,0.0
2022-04-05 00:00:00-04:00,27.17279688323679,27.237603749312893,25.743069446541703,25.85373878479004,436615000,0.0,0.0
2022-04-06 00:00:00-04:00,24.859712215391237,25.224620987328382,23.931486259303167,24.33428192138672,703833000,0.0,0.0
2022-04-07 00:00:00-04:00,24.36818131196346,24.648344247170577,23.40805109513817,24.135875701904297,557992000,0.0,0.0
2022-04-08 00:00:00-04:00,23.84574022331702,23.851722863847915,22.993288112629596,23.05011749267578,524781000,0.0,0.0
2022-04-11 00:00:00-04:00,22.147817756385205,22.253500942815894,21.59546745592254,21.851701736450195,575207000,0.0,0.0
2022-04-12 00:00:00-04:00,22.469859146979278,22.6572987895722,21.21859693777354,21.4399356842041,662258000,0.0,0.0
2022-04-13 00:00:00-04:00,21.663265165709976,22.432964462991524,21.39107781519928,22.13684844970703,516943000,0.0,0.0
2022-04-14 00:00:00-04:00,22.43795452773653,22.70914547536355,21.09995342256858,21.194669723510742,569097000,0.0,0.0
2022-04-18 00:00:00-04:00,21.13684014323295,22.02219313271973,21.016200346382977,21.718103408813477,525701000,0.0,0.0
2022-04-19 00:00:00-04:00,21.655291766215953,22.306346247197283,21.250501171882018,22.131868362426758,512781000,0.0,0.0
2022-04-20 00:00:00-04:00,22.449913552276662,22.602457585796717,21.1368379554735,21.417997360229492,468974000,0.0,0.0
2022-04-21 00:00:00-04:00,21.6443221623934,22.325287868143974,19.940414139309308,20.12286949157715,656209000,0.0,0.0
2022-04-22 00:00:00-04:00,20.24251007228569,20.424965416989473,19.441902979823055,19.456857681274414,624713000,0.0,0.0
2022-04-25 00:00:00-04:00,19.14479141968029,19.885577840769354,19.039108228053102,19.84270668029785,641566000,0.0,0.0
2022-04-26 00:00:00-04:00,19.659252706344454,19.729043844449905,18.614374777282016,18.732023239135742,653143000,0.0,0.0
2022-04-27 00:00:00-04:00,18.542591397089467,19.109896444638807,18.235510346277362,18.360137939453125,499460000,0.0,0.0
2022-04-28 00:00:00-04:00,18.910486477885513,19.977299987584416,18.43490842453144,19.723058700561523,570327000,0.0,0.0
2022-04-29 00:00:00-04:00,19.344193301516768,20.068030059623467,18.461829879065967,18.491741180419922,500435000,0.0,0.0
2022-05-02 00:00:00-04:00,18.48575531052603,19.515676409074107,18.336202633213315,19.47480010986328,572049000,0.0,0.0
2022-05-03 00:00:00-04:00,19.342198449627805,19.765933327881584,19.075993762803037,19.543596267700195,475751000,0.0,0.0
2022-05-04 00:00:00-04:00,19.86364548989257,20.339223690643312,18.695136244226077,20.273420333862305,648855000,0.0,0.0
2022-05-05 00:00:00-04:00,19.807811910008564,19.865637775003147,18.44488396034569,18.787858963012695,626331000,0.0,0.0
2022-05-06 00:00:00-04:00,18.68017713798414,19.45386415893865,17.93639951654731,18.61935806274414,633297000,0.0,0.0
2022-05-09 00:00:00-04:00,17.98026782674294,18.200608121706267,16.776863370793325,16.899497985839844,644455000,0.0,0.0
2022-05-10 00:00:00-04:00,17.63630138327549,18.14378578300302,16.974279965454567,17.54258155822754,761474000,0.0,0.0
2022-05-11 00:00:00-04:00,17.295314714048374,17.700105173473105,16.518636414884845,16.5804500579834,670167000,0.0,0.0
2022-05-12 00:00:00-04:00,16.170675786077656,16.73798070919897,15.520618927510899,16.126806259155273,708728000,0.0,0.0
2022-05-13 00:00:00-04:00,16.73798356385744,17.874586549641382,16.543564832253985,17.653247833251953,670437000,0.0,0.0
2022-05-16 00:00:00-04:00,17.456837299175664,17.73500542241008,17.055038053763205,17.212566375732422,521446000,0.0,0.0
2022-05-17 00:00:00-04:00,18.020154721542657,18.31627080412137,17.581466905252842,18.122848510742188,585830000,0.0,0.0
2022-05-18 00:00:00-04:00,17.652248119677026,18.06401769834439,16.813754263169248,16.88753318786621,545161000,0.0,0.0
2022-05-19 00:00:00-04:00,16.88653775929863,17.634303190844598,16.684141563200637,17.072980880737305,621310000,0.0,0.0
2022-05-20 00:00:00-04:00,17.280363930362633,17.35813066451446,15.708061631405265,16.644264221191406,739105000,0.0,0.0
2022-05-23 00:00:00-04:00,16.2255129579709,16.864603890150594,16.130796688219526,16.847654342651367,639889000,0.0,0.0
2022-05-24 00:00:00-04:00,16.460809506552845,16.547550187898246,15.732984010714674,16.10586929321289,588550000,0.0,0.0
2022-05-25 00:00:00-04:00,15.972272324867756,17.060021530351076,15.952331454150205,16.924427032470703,781132000,0.0,0.0
2022-05-26 00:00:00-04:00,15.988220610755953,18.038094588752674,15.974262384109384,17.797813415527344,996575000,0.0,0.0
2022-05-27 00:00:00-04:00,18.1318174179565,18.82474642934616,18.046073205336302,18.754955291748047,738379000,0.0,0.0
2022-05-31 00:00:00-04:00,18.923452187686582,19.142797955948794,18.29532999144944,18.616371154785156,664100000,0.0,0.0
2022-06-01 00:00:00-04:00,18.668214653926945,18.99623300147652,18.06800706571725,18.265417098999023,544514000,0.0,0.0
2022-06-02 00:00:00-04:00,18.237500543404728,19.560546538437922,18.14378074438324,19.533626556396484,648656000,0.0,0.0
2022-06-03 00:00:00-04:00,19.025147490431646,19.274402636121195,18.466814594887644,18.66422462463379,598779000,0.0,0.0
2022-06-06 00:00:00-04:00,19.08197511741872,19.279385129007327,18.508687574396717,18.730026245117188,422406000,0.0,0.0
2022-06-07 00:00:00-04:00,18.416963933581936,18.94339066834296,18.133809698571795,18.869611740112305,388914000,0.0,0.0
2022-06-08 00:00:00-04:00,18.74695362356912,19.12689931949138,18.4836845843309,18.596372604370117,363252000,0.004,0.0
2022-06-09 00:00:00-04:00,18.42983530392258,18.880583584037574,17.991052933850728,17.99803352355957,395574000,0.0,0.0
2022-06-10 00:00:00-04:00,17.55127599699547,17.648007580932866,16.82229882218963,16.92700958251953,465248000,0.0,0.0
2022-06-13 00:00:00-04:00,15.955703971257755,16.266840472595092,15.562794707707624,15.603681564331055,604153000,0.0,0.0
2022-06-14 00:00:00-04:00,15.68744737975274,16.021519942748558,15.369330314017972,15.792157173156738,469680000,0.0,0.0
2022-06-15 00:00:00-04:00,16.050441789659057,16.82130252550863,15.88190997775459,16.481246948242188,563936000,0.0,0.0
2022-06-16 00:00:00-04:00,15.816089727372347,15.897863432906357,15.358360878066698,15.557806968688965,545749000,0.0,0.0
2022-06-17 00:00:00-04:00,15.604676739581116,15.950716157739642,15.285562995334534,15.836034774780273,630334000,0.0,0.0
2022-06-21 00:00:00-04:00,16.429386318006205,16.960909651002094,16.36157379723121,16.52013397216797,483089000,0.0,0.0
2022-06-22 00:00:00-04:00,16.181077014713374,16.61587073985761,16.135204840649315,16.314706802368164,437135000,0.0,0.0
2022-06-23 00:00:00-04:00,16.473269061348233,16.539086336361255,15.80911335486878,16.180084228515625,463680000,0.0,0.0
2022-06-24 00:00:00-04:00,16.454316515193973,17.092543941061024,16.26484203486428,17.078582763671875,472153000,0.0,0.0
2022-06-27 00:00:00-04:00,17.26407044859053,17.282020263994987,16.579968879448046,16.822296142578125,427968000,0.0,0.0
2022-06-28 00:00:00-04:00,16.85320941802592,17.15437333107961,15.900853555794448,15.937751770019531,461149000,0.0,0.0
2022-06-29 00:00:00-04:00,15.770216310534561,15.776199264816002,15.127999283665375,15.498969078063965,482352000,0.0,0.0
2022-06-30 00:00:00-04:00,15.318471504237966,15.523901498559498,14.820853441865891,15.11703109741211,686070000,0.0,0.0
2022-07-01 00:00:00-04:00,14.857748388493345,15.021293870313341,14.352152181051169,14.482789039611816,577610000,0.0,0.0
2022-07-05 00:00:00-04:00,14.135756008662238,14.92955177197515,14.01608834866183,14.922571182250977,651397000,0.0,0.0
2022-07-06 00:00:00-04:00,14.968446110382747,15.276590681067619,14.74805726364274,15.088113784790039,529066000,0.0,0.0
2022-07-07 00:00:00-04:00,15.41320992490336,15.900855482165372,15.346395028402622,15.814096450805664,492903000,0.0,0.0
2022-07-08 00:00:00-04:00,15.387282758295411,15.992602644864192,15.346395900511634,15.794153213500977,467972000,0.0,0.0
2022-07-11 00:00:00-04:00,15.483016286395417,15.484013921133512,14.996367398257068,15.110052108764648,437321000,0.0,0.0
2022-07-12 00:00:00-04:00,15.225729017833062,15.388277846313347,14.835811736826283,15.040244102478027,458483000,0.0,0.0
2022-07-13 00:00:00-04:00,14.549607579077355,15.332434145906136,14.424953642931776,15.122017860412598,521918000,0.0,0.0
2022-07-14 00:00:00-04:00,15.06617297485196,15.430162236147307,14.687224899011335,15.329442024230957,456235000,0.0,0.0
2022-07-15 00:00:00-04:00,15.615647329390558,15.738305988579,15.40223910380052,15.718361854553223,385935000,0.0,0.0
2022-07-18 00:00:00-04:00,16.25686498780902,16.850216937133126,15.957696353307478,16.056421279907227,670517000,0.0,0.0
2022-07-19 00:00:00-04:00,16.440361792575256,17.062634918351485,16.12723186188764,16.944961547851562,702366000,0.0,0.0
2022-07-20 00:00:00-04:00,16.90008038178597,17.883350564875844,16.754484694338107,17.75769805908203,760538000,0.0,0.0
2022-07-21 00:00:00-04:00,17.835482614701714,18.093764403863,17.49642380939711,18.000024795532227,557049000,0.0,0.0
2022-07-22 00:00:00-04:00,17.843465596264313,17.917260145054595,17.08955795011608,17.271055221557617,536671000,0.0,0.0
2022-07-25 00:00:00-04:00,16.971880453577725,17.076591197104143,16.602905897371375,16.97686767578125,480748000,0.0,0.0
2022-07-26 00:00:00-04:00,16.842239834616713,16.872157459195602,16.43237845884533,16.487226486206055,397865000,0.0,0.0
2022-07-27 00:00:00-04:00,16.984846555686445,17.88634506733334,16.866176524140016,17.74074935913086,569776000,0.0,0.0
2022-07-28 00:00:00-04:00,17.925233960102176,18.089776144359217,17.391715338129444,17.934207916259766,474646000,0.0,0.0
2022-07-29 00:00:00-04:00,17.763681512135797,18.19348797443547,17.643016231379985,18.112712860107422,435460000,0.0,0.0
2022-08-01 00:00:00-04:00,18.131664131200854,18.7938273733398,17.940196227316555,18.38994789123535,476469000,0.0,0.0
2022-08-02 00:00:00-04:00,18.07182959440469,18.885570510659182,18.041911963650172,18.47471046447754,489527000,0.0,0.0
2022-08-03 00:00:00-04:00,18.133657657387115,18.915487551007924,18.08678689420816,18.840694427490234,418146000,0.0,0.0
2022-08-04 00:00:00-04:00,18.796816360490926,19.220638962108396,18.708062062276774,19.161802291870117,409652000,0.0,0.0
2022-08-05 00:00:00-04:00,18.75792468015069,19.17576531807126,18.61432423658541,18.936429977416992,386068000,0.0,0.0
2022-08-08 00:00:00-04:00,17.453543487866224,18.188502488777342,17.19426311465401,17.743736267089844,981859000,0.0,0.0
2022-08-09 00:00:00-04:00,17.204237068091455,17.398696888442636,16.67769900606931,17.0386962890625,668263000,0.0,0.0
2022-08-10 00:00:00-04:00,17.648998636902306,18.067835838460873,17.269053012858226,18.046894073486328,597422000,0.0,0.0
2022-08-11 00:00:00-04:00,18.080802254514673,18.655207729285816,17.826507193274058,17.892324447631836,509327000,0.0,0.0
2022-08-12 00:00:00-04:00,18.109721945226894,18.666177625548745,17.903294316475968,18.657201766967773,478094000,0.0,0.0
2022-08-15 00:00:00-04:00,18.649224212452747,19.1109416861416,18.561468505502724,18.979307174682617,457666000,0.0,0.0
2022-08-16 00:00:00-04:00,18.867619490970508,19.089004999072056,18.449778881107083,18.826732635498047,451240000,0.0,0.0
2022-08-17 00:00:00-04:00,18.47171804037453,18.63626023321667,18.09476431039142,18.284236907958984,446799000,0.0,0.0
2022-08-18 00:00:00-04:00,18.25033399183685,18.812771727418596,18.13266064622917,18.721027374267578,415447000,0.0,0.0
2022-08-19 00:00:00-04:00,18.35504051013906,18.468725204485096,17.720801686073024,17.799583435058594,441588000,0.0,0.0
2022-08-22 00:00:00-04:00,17.44157616837466,17.509388691765842,16.91902677104241,16.986839294433594,409593000,0.0,0.0
2022-08-23 00:00:00-04:00,16.94196640912856,17.4166484395593,16.923018006184385,17.133434295654297,369986000,0.0,0.0
2022-08-24 00:00:00-04:00,16.964904394732812,17.35781467913653,16.848229612549492,17.17432403564453,522661000,0.0,0.0
2022-08-25 00:00:00-04:00,16.797364674114142,17.897311489093674,16.786395448843106,17.863405227661133,770691000,0.0,0.0
2022-08-26 00:00:00-04:00,17.807563767738106,17.874377717185446,16.192047853448514,16.214984893798828,769127000,0.0,0.0
2022-08-29 00:00:00-04:00,15.97564814658675,16.29276663412164,15.723348333249264,15.757253646850586,496132000,0.0,0.0
2022-08-30 00:00:00-04:00,15.915813141555713,15.994593942634191,15.13996723606161,15.425175666809082,530181000,0.0,0.0
2022-08-31 00:00:00-04:00,15.34140885146709,15.49697709866868,14.917585283969304,15.05221176147461,573710000,0.0,0.0
2022-09-01 00:00:00-04:00,14.169658975117944,14.340186004315418,13.233259619419709,13.898412704467773,1178865000,0.0,0.0
2022-09-02 00:00:00-04:00,14.060962564890257,14.131765139366534,13.553371026300562,13.609216690063477,743157000,0.0,0.0
2022-09-06 00:00:00-04:00,13.6929833994128,13.74085083822802,13.314035378216058,13.427720069885254,535751000,0.0,0.0
2022-09-07 00:00:00-04:00,13.529468012385438,13.803788702525829,13.313004492414725,13.680094718933105,512657000,0.004,0.0
2022-09-08 00:00:00-04:00,13.425727332314585,13.973370875053297,13.335950622483423,13.955414772033691,624873000,0.0,0.0
2022-09-09 00:00:00-04:00,14.121999969055892,14.438216654464224,14.091077423081934,14.351431846618652,486612000,0.0,0.0
2022-09-12 00:00:00-04:00,14.333474709676818,14.511034122553694,14.162897008334632,14.469138145446777,484159000,0.0,0.0
2022-09-13 00:00:00-04:00,13.767880097963864,13.887583331601544,13.06661791696599,13.098538398742676,714956000,0.0,0.0
2022-09-14 00:00:00-04:00,13.221233728873338,13.2571449823335,12.881077130493788,13.095545768737793,588507000,0.0,0.0
2022-09-15 00:00:00-04:00,12.982824382811994,13.200284898230091,12.758380252068209,12.8970365524292,523625000,0.0,0.0
2022-09-16 00:00:00-04:00,12.710499810260421,13.179338177876392,12.58580882588614,13.165372848510742,670751000,0.0,0.0
2022-09-19 00:00:00-04:00,12.979829053180309,13.429714208269386,12.977834142605268,13.34891414642334,569685000,0.0,0.0
2022-09-20 00:00:00-04:00,13.182330035591837,13.449667136036723,13.024720650726076,13.143425941467285,524818000,0.0,0.0
2022-09-21 00:00:00-04:00,13.18033355166007,13.996311035255735,13.077587561187178,13.228214263916016,807679000,0.0,0.0
2022-09-22 00:00:00-04:00,13.037687792673827,13.116492959222398,12.39727571074283,12.529946327209473,759162000,0.0,0.0
2022-09-23 00:00:00-04:00,12.38929449653901,12.579822277960686,12.22669736982,12.48505687713623,663309000,0.0,0.0
2022-09-26 00:00:00-04:00,12.460118479404896,12.627703351069655,12.18380288466906,12.197768211364746,547343000,0.0,0.0
2022-09-27 00:00:00-04:00,12.47607929062904,12.70451323216134,12.227695289178223,12.382311820983887,553854000,0.0,0.0
2022-09-28 00:00:00-04:00,12.379319288548018,12.791298357950701,12.323457977799615,12.704513549804688,542414000,0.0,0.0
2022-09-29 00:00:00-04:00,12.417226765945308,12.469098260371657,11.916467924408922,12.189790725708008,532763000,0.0,0.0
2022-09-30 00:00:00-04:00,12.057117275528151,12.601767882452046,12.045146859340639,12.108988761901855,565638000,0.0,0.0
2022-10-03 00:00:00-04:00,12.316475611950034,12.646657634128852,12.075073310975306,12.481067657470703,547478000,0.0,0.0
2022-10-04 00:00:00-04:00,12.847160878067555,13.187318430145417,12.847160878067555,13.134449005126953,584182000,0.0,0.0
2022-10-05 00:00:00-04:00,12.87908032737509,13.2880665303076,12.58979733374113,13.176342964172363,507131000,0.0,0.0
2022-10-06 00:00:00-04:00,13.187319474814661,13.622241522053011,13.070608128835538,13.097541809082031,644157000,0.0,0.0
2022-10-07 00:00:00-04:00,12.47408277401214,12.638674790247842,11.992277140241855,12.046143531799316,672478000,0.0,0.0
2022-10-10 00:00:00-04:00,12.007240867482555,12.094025672565365,11.379796220873162,11.641148567199707,698699000,0.0,0.0
2022-10-11 00:00:00-04:00,11.532419973360271,11.816715273902876,11.255107337706313,11.557358741760254,667482000,0.0,0.0
2022-10-12 00:00:00-04:00,11.550375185170276,11.705988711915621,11.316953468077253,11.471570014953613,492590000,0.0,0.0
2022-10-13 00:00:00-04:00,10.943877897680135,12.048141591530223,10.786268503018803,11.93043327331543,850103000,0.0,0.0
2022-10-14 00:00:00-04:00,12.027192471424224,12.081058872016744,11.176301596444594,11.199244499206543,713432000,0.0,0.0
2022-10-17 00:00:00-04:00,11.48952497727775,11.918462240438945,11.48852799742512,11.858610153198242,580774000,0.0,0.0
2022-10-18 00:00:00-04:00,12.313482956867912,12.461116834509994,11.589277945577948,11.93741512298584,659362000,0.0,0.0
2022-10-19 00:00:00-04:00,11.849633087075178,12.319469375980995,11.80474425754511,12.021207809448242,523131000,0.0,0.0
2022-10-20 00:00:00-04:00,12.083054517539724,12.737432910817912,12.075073921985922,12.163854598999023,652398000,0.0,0.0
2022-10-21 00:00:00-04:00,12.068089492311048,12.467101136617279,11.857611660936854,12.435179710388184,609494000,0.0,0.0
2022-10-24 00:00:00-04:00,12.477077391333092,12.678577660700563,12.034174829585528,12.567852020263672,517457000,0.0,0.0
2022-10-25 00:00:00-04:00,12.662616631719668,13.267118353397784,12.632690116328606,13.228214263916016,505482000,0.0,0.0
2022-10-26 00:00:00-04:00,12.837183946889244,13.354899906667043,12.676581741774218,12.864116668701172,532953000,0.0,0.0
2022-10-27 00:00:00-04:00,13.596304034739564,13.803789999892798,13.08955953917814,13.143425941467285,583113000,0.0,0.0
2022-10-28 00:00:00-04:00,13.071604141512527,13.815760155792058,13.028710226197942,13.799798965454102,521040000,0.0,0.0
2022-10-31 00:00:00-04:00,13.743936087967768,13.803788166627177,13.264125332932366,13.463630676269531,486341000,0.0,0.0
2022-11-01 00:00:00-04:00,13.776856684484033,13.890575176364532,13.485578741755033,13.509519577026367,432817000,0.0,0.0
2022-11-02 00:00:00-04:00,13.815759886644688,14.174869538553562,13.17833970749939,13.186319351196289,672628000,0.0,0.0
2022-11-03 00:00:00-04:00,13.010757278471257,13.746932822190107,12.923972453329277,13.387822151184082,500065000,0.0,0.0
2022-11-04 00:00:00-04:00,13.95142241289194,14.193821673388257,13.663136398930058,14.121002197265625,612576000,0.0,0.0
2022-11-07 00:00:00-05:00,14.192825541805423,14.376370676305802,13.919503702415724,14.265645027160645,410061000,0.0,0.0
2022-11-08 00:00:00-05:00,14.76440920283428,14.85418686064914,14.180855378354366,14.565901756286621,595292000,0.0,0.0
2022-11-09 00:00:00-05:00,14.126988780724597,14.175868382440134,13.724985188452262,13.741943359375,454414000,0.0,0.0
2022-11-10 00:00:00-05:00,14.763408548398209,15.734002468996637,14.51103380892337,15.7110595703125,700819000,0.0,0.0
2022-11-11 00:00:00-05:00,15.767922381770838,16.348483351245335,15.443726031126113,16.286636352539062,655487000,0.0,0.0
2022-11-14 00:00:00-05:00,16.177907561308043,16.499112040814346,15.882638829501316,16.254716873168945,527852000,0.0,0.0
2022-11-15 00:00:00-05:00,16.680661045178866,16.955977806854108,16.341501419582265,16.624799728393555,545876000,0.0,0.0
2022-11-16 00:00:00-05:00,16.12204333727618,16.321547735639033,15.833757322153295,15.870665550231934,649547000,0.0,0.0
2022-11-17 00:00:00-05:00,15.676146970970423,16.225785292694784,15.496591691851293,15.638240814208984,710894000,0.0,0.0
2022-11-18 00:00:00-05:00,15.926529043321702,15.962441247903389,15.082620775152405,15.370906829833984,492072000,0.0,0.0
2022-11-21 00:00:00-05:00,15.109551164252508,15.438735202574657,15.042716425610418,15.279130935668945,404739000,0.0,0.0
2022-11-22 00:00:00-05:00,15.29010813802562,16.01830401963345,15.084617057750513,15.998353004455566,472866000,0.0,0.0
2022-11-23 00:00:00-05:00,16.05819840801708,16.48613858825563,16.00832279053187,16.47815704345703,427241000,0.0,0.0
2022-11-25 00:00:00-05:00,16.277656134662113,16.446237020144476,16.132017196689414,16.229774475097656,167934000,0.0,0.0
2022-11-28 00:00:00-05:00,15.986378789361892,16.316561753105944,15.686124245692138,15.787871360778809,303741000,0.0,0.0
2022-11-29 00:00:00-05:00,15.787871013684132,15.89261191979211,15.48163079273218,15.600336074829102,298384000,0.0,0.0
2022-11-30 00:00:00-05:00,15.662199992090873,16.89246723894382,15.562422258629718,16.885482788085938,565298000,0.004,0.0
2022-12-01 00:00:00-05:00,16.961313400800822,17.22672251600334,16.59812007687738,17.09701156616211,470977000,0.0,0.0
2022-12-02 00:00:00-05:00,16.622068821587856,16.895461554561713,16.408542540886174,16.838586807250977,371389000,0.0,0.0
2022-12-05 00:00:00-05:00,16.642024612809784,16.957324046486256,16.43548278731988,16.573177337646484,352255000,0.0,0.0
2022-12-06 00:00:00-05:00,16.493352558842304,16.536256494140442,15.783928452332743,15.951556205749512,352694000,0.0,0.0
2022-12-07 00:00:00-05:00,15.737031971375904,16.150114595724432,15.632264273659429,16.084260940551758,372388000,0.0,0.0
2022-12-08 00:00:00-05:00,16.236920451403726,17.14091181811326,15.923615566766111,17.13093376159668,515456000,0.0,0.0
2022-12-09 00:00:00-05:00,17.121952377755747,17.54401482926612,16.937363096057506,16.96330451965332,465338000,0.0,0.0
2022-12-12 00:00:00-05:00,16.999225447921326,17.49911405996947,16.75975781514761,17.49612045288086,457328000,0.0,0.0
2022-12-13 00:00:00-05:00,18.48991872198985,18.748345320787976,17.671736886309308,18.031936645507812,656589000,0.0,0.0
2022-12-14 00:00:00-05:00,17.947122938893273,18.21153673692968,17.38138052214265,17.634817123413086,496888000,0.0,0.0
2022-12-15 00:00:00-05:00,17.107981627041802,17.281595599066822,16.662971407295746,16.914411544799805,478542000,0.0,0.0
2022-12-16 00:00:00-05:00,16.82661330300129,17.003220944622573,16.373619336340138,16.53426170349121,478232000,0.0,0.0
2022-12-19 00:00:00-05:00,16.535258005172167,16.572174722426883,16.109204679647327,16.21796226501465,354039000,0.0,0.0
2022-12-20 00:00:00-05:00,16.028385941930914,16.27384085919094,15.81685699546008,16.049339294433594,403260000,0.0,0.0
2022-12-21 00:00:00-05:00,16.078275356146534,16.590138515163844,16.066300925017234,16.46441650390625,325025000,0.0,0.0
2022-12-22 00:00:00-05:00,16.0583199304805,16.10222300797655,14.849007005999164,15.304993629455566,565045000,0.0,0.0
2022-12-23 00:00:00-05:00,15.162308930007534,15.304991533429133,14.850003158774006,15.172286987304688,349326000,0.0,0.0
2022-12-27 00:00:00-05:00,15.040579253955626,15.066521631264365,14.024835696731898,14.089692115783691,464902000,0.0,0.0
2022-12-28 00:00:00-05:00,13.896122364527548,14.23037967097622,13.85321747946532,14.004880905151367,351066000,0.0,0.0
2022-12-29 00:00:00-05:00,14.370070713593025,14.650446912717559,14.195458504097823,14.570624351501465,354923000,0.0,0.0
2022-12-30 00:00:00-05:00,14.30222215199044,14.596568233600799,14.201446229451317,14.581602096557617,310490000,0.0,0.0
2023-01-03 00:00:00-05:00,14.818073166185235,14.96275213841312,14.06474698864116,14.2832612991333,401277000,0.0,0.0
2023-01-04 00:00:00-05:00,14.534704309371103,14.820069526606867,14.209426861493185,14.716300010681152,431324000,0.0,0.0
2023-01-05 00:00:00-05:00,14.458872413551465,14.531710520758232,14.11663246222546,14.233373641967773,389168000,0.0,0.0
2023-01-06 00:00:00-05:00,14.44191076025438,14.976722686175162,14.00288666985135,14.826057434082031,405044000,0.0,0.0
2023-01-09 00:00:00-05:00,15.250116050155102,16.020403900966134,15.107432477127848,15.593353271484375,504231000,0.0,0.0
2023-01-10 00:00:00-05:00,15.472619594978903,15.926610744079499,15.437697345288079,15.87372875213623,384101000,0.0,0.0
2023-01-11 00:00:00-05:00,15.804883260537807,15.992466195096986,15.528496936448766,15.96552562713623,353285000,0.0,0.0
2023-01-12 00:00:00-05:00,16.064302035827335,16.60011010345823,15.457649393597999,16.474390029907227,551409000,0.0,0.0
2023-01-13 00:00:00-05:00,16.24191245912775,16.884485751855593,16.129164009129322,16.861536026000977,447287000,0.0,0.0
2023-01-17 00:00:00-05:00,16.861534824609727,17.68869739083552,16.861534824609727,17.66275405883789,511102000,0.0,0.0
2023-01-18 00:00:00-05:00,17.627830325283927,17.83337297862017,17.243683680111356,17.33847427368164,439624000,0.0,0.0
2023-01-19 00:00:00-05:00,16.998229980422312,17.158874241400532,16.693907773124163,16.72783088684082,452932000,0.0,0.0
2023-01-20 00:00:00-05:00,16.973284656262667,17.816412427942808,16.787698117134013,17.799449920654297,564967000,0.0,0.0
2023-01-23 00:00:00-05:00,18.023952936401,19.202336426570977,17.778499909823832,19.15045166015625,655163000,0.0,0.0
2023-01-24 00:00:00-05:00,18.785263196880425,19.451783519320056,18.77827874521834,19.222291946411133,496204000,0.0,0.0
2023-01-25 00:00:00-05:00,18.871068158440618,19.3270556760891,18.538806268911344,19.28015899658203,449537000,0.0,0.0
2023-01-26 00:00:00-05:00,19.657320791237296,20.121289984084356,19.235258296776955,19.75809669494629,489535000,0.0,0.0
2023-01-27 00:00:00-05:00,19.41885115591402,20.582266410433473,19.36197832095678,20.319849014282227,542142000,0.0,0.0
2023-01-30 00:00:00-05:00,19.905769395745818,20.09534677439952,19.10754194271611,19.119516372680664,488611000,0.0,0.0
2023-01-31 00:00:00-05:00,19.127499744923487,19.643353741949113,18.90798817511003,19.49368667602539,498017000,0.0,0.0
2023-02-01 00:00:00-05:00,19.647343286751223,21.14501488817615,19.567520729990026,20.896568298339844,660477000,0.0,0.0
2023-02-02 00:00:00-05:00,20.953440010374486,21.90033534849852,20.654105914331332,21.66086769104004,564276000,0.0,0.0
2023-02-03 00:00:00-05:00,20.95344017438409,21.696789246514708,20.74290754825101,21.053218841552734,429366000,0.0,0.0
2023-02-06 00:00:00-05:00,20.7598742206852,21.522180421955568,20.739918102623005,21.042247772216797,452197000,0.0,0.0
2023-02-07 00:00:00-05:00,21.33459738007037,22.209653931499272,21.10311135974189,22.123844146728516,664150000,0.0,0.0
2023-02-08 00:00:00-05:00,22.33736696829217,22.827279543884256,21.959207503696422,22.155771255493164,559651000,0.0,0.0
2023-02-09 00:00:00-05:00,22.555882109825383,22.96896380674192,22.07095953858251,22.287477493286133,523876000,0.0,0.0
2023-02-10 00:00:00-05:00,21.641912436236254,22.02905079986804,20.76486152389426,21.217853546142578,550737000,0.0,0.0
2023-02-13 00:00:00-05:00,21.490248862723064,21.999118385629707,20.915525681631326,21.739694595336914,474919000,0.0,0.0
2023-02-14 00:00:00-05:00,21.53016116062426,22.997900655540672,21.318631266584543,22.920074462890625,675474000,0.0,0.0
2023-02-15 00:00:00-05:00,22.49900422442741,22.80432551871884,22.056987553870204,22.71352767944336,420575000,0.0,0.0
2023-02-16 00:00:00-05:00,22.08393046172455,22.500005788164945,21.878387788866807,21.953222274780273,412026000,0.0,0.0
2023-02-17 00:00:00-05:00,21.58304317749563,21.691800771351655,20.92849743532747,21.3405818939209,465888000,0.0,0.0
2023-02-21 00:00:00-05:00,20.953443519073346,21.446347815635267,20.57229043408108,20.609209060668945,410015000,0.0,0.0
2023-02-22 00:00:00-05:00,20.661092053593148,21.05721124102222,20.37572493019937,20.70798683166504,513184000,0.0,0.0
2023-02-23 00:00:00-05:00,23.388029834017708,23.835036491709413,22.97394905021416,23.61153221130371,1117995000,0.0,0.0
2023-02-24 00:00:00-05:00,23.173513218327404,23.421961761973428,22.896129634254915,23.234376907348633,589716000,0.0,0.0
2023-02-27 00:00:00-05:00,23.617522349762986,23.827055854409227,23.40200162980687,23.448896408081055,452994000,0.0,0.0
2023-02-28 00:00:00-05:00,23.320186006063462,23.772182763684846,23.154553648538275,23.164531707763672,455963000,0.0,0.0
2023-03-01 00:00:00-05:00,23.140582657134395,23.204441849787724,22.458099073317108,22.64767837524414,460026000,0.0,0.0
2023-03-02 00:00:00-05:00,22.438146710867823,23.328167510652396,22.38226919901642,23.262313842773438,389415000,0.0,0.0
2023-03-03 00:00:00-05:00,23.268301968351416,23.84701609969888,23.078722643374757,23.837038040161133,412393000,0.0,0.0
2023-03-06 00:00:00-05:00,23.83803229096399,24.19423923751773,23.43492676138987,23.501779556274414,437429000,0.0,0.0
2023-03-07 00:00:00-05:00,23.551677824513874,24.07560247170694,23.193411743392723,23.24031639099121,515154000,0.004,0.0
2023-03-08 00:00:00-05:00,23.438905826491442,24.150447084590173,23.37603510396069,24.131484985351562,513573000,0.0,0.0
2023-03-09 00:00:00-05:00,24.12549713017086,24.403927067293445,23.335119057261018,23.388011932373047,501257000,0.0,0.0
2023-03-10 00:00:00-05:00,23.36106942050816,23.578623466893095,22.679467330163575,22.917978286743164,474866000,0.0,0.0
2023-03-13 00:00:00-04:00,22.70541520633813,23.250296778148737,22.251346912588748,22.918975830078125,421890000,0.0,0.0
2023-03-14 00:00:00-04:00,23.447890629973315,24.169409811888126,23.411963139447696,24.013729095458984,474910000,0.0,0.0
2023-03-15 00:00:00-04:00,23.712347660414334,24.23627231190452,23.312169659954225,24.17839241027832,524486000,0.0,0.0
2023-03-16 00:00:00-04:00,23.97780109757633,25.535603606038674,23.845072112678007,25.48870086669922,583253000,0.0,0.0
2023-03-17 00:00:00-04:00,25.92880464247604,26.34495069136216,25.61544644686534,25.672330856323242,848547000,0.0,0.0
2023-03-20 00:00:00-04:00,25.562547632598424,25.970710514368694,25.078540163743003,25.84696388244629,432747000,0.0,0.0
2023-03-21 00:00:00-04:00,26.12639693275394,26.337962757604163,25.329033093000934,26.145357131958008,547408000,0.0,0.0
2023-03-22 00:00:00-04:00,26.370893785694037,27.532511945846586,26.18327899167826,26.413806915283203,797295000,0.0,0.0
2023-03-23 00:00:00-04:00,27.059476076334736,27.442690531752774,26.63534711506696,27.13532066345215,564889000,0.0,0.0
2023-03-24 00:00:00-04:00,26.97564975875482,27.1113709568097,26.301033385062095,26.724164962768555,454920000,0.0,0.0
2023-03-27 00:00:00-04:00,26.782050151047695,26.944716509158773,26.3110164665487,26.47667694091797,361026000,0.0,0.0
2023-03-28 00:00:00-04:00,26.39284568249232,26.458710520816368,25.79706802172804,26.355920791625977,356104000,0.0,0.0
2023-03-29 00:00:00-04:00,26.770074250919894,27.02255456693602,26.542540461107045,26.928747177124023,393694000,0.0,0.0
2023-03-30 00:00:00-04:00,27.173248891114078,27.442696524698064,27.046508115727384,27.326932907104492,364516000,0.0,0.0
2023-03-31 00:00:00-04:00,27.08442473492415,27.777003872770962,27.04949655680014,27.720121383666992,433933000,0.0,0.0
2023-04-03 00:00:00-04:00,27.45267583533266,27.942669731519793,27.28002971948546,27.90774154663086,398716000,0.0,0.0
2023-04-04 00:00:00-04:00,27.908735793018696,27.94266656976958,27.251084780335454,27.396785736083984,368592000,0.0,0.0
2023-04-05 00:00:00-04:00,26.774068490200907,26.942721186079208,26.340957083573166,26.82596206665039,515015000,0.0,0.0
2023-04-06 00:00:00-04:00,26.529562651009662,27.024547263842212,26.37288455652641,26.98163604736328,397654000,0.0,0.0
2023-04-10 00:00:00-04:00,26.768073362790606,27.56443959944669,26.61438938511563,27.522525787353516,395279000,0.0,0.0
2023-04-11 00:00:00-04:00,27.66722897395978,27.733093806913427,27.070452054276757,27.113365173339844,314378000,0.0,0.0
2023-04-12 00:00:00-04:00,27.313958486817846,27.4117573972983,26.393845475280525,26.440750122070312,446259000,0.0,0.0
2023-04-13 00:00:00-04:00,26.679264263887084,26.831950891020675,26.2750946760363,26.4088191986084,353615000,0.0,0.0
2023-04-14 00:00:00-04:00,26.449729310820583,26.82795296952223,26.166310441978037,26.703208923339844,395660000,0.0,0.0
2023-04-17 00:00:00-04:00,26.510603252147177,26.95070019905627,26.3788735796498,26.94670867919922,321471000,0.0,0.0
2023-04-18 00:00:00-04:00,27.476625156577658,28.05244337278638,27.30098493529646,27.610349655151367,604812000,0.0,0.0
2023-04-19 00:00:00-04:00,27.304977218888993,27.94266877758147,27.176241641344223,27.873809814453125,358660000,0.0,0.0
2023-04-20 00:00:00-04:00,27.614340416338198,27.972606485594795,26.944714827313312,27.04850196838379,427713000,0.0,0.0
2023-04-21 00:00:00-04:00,26.896812971013922,27.127340875735126,26.66728437395246,27.0634708404541,345103000,0.0,0.0
2023-04-24 00:00:00-04:00,26.957689535565127,27.309965480209698,26.61638884445198,26.986629486083984,339282000,0.0,0.0
2023-04-25 00:00:00-04:00,27.02255332861515,27.191207903080986,26.171301222877446,26.187267303466797,378527000,0.0,0.0
2023-04-26 00:00:00-04:00,26.946709851264895,27.27403733509567,26.65031712353252,26.900802612304688,406337000,0.0,0.0
2023-04-27 00:00:00-04:00,27.306974277389113,27.438703972842852,26.57048448729234,27.17025375366211,377161000,0.0,0.0
2023-04-28 00:00:00-04:00,27.169253428500934,27.701161077962098,27.015567531365026,27.692180633544922,292216000,0.0,0.0
2023-05-01 00:00:00-04:00,27.782990951478922,28.998497210087734,27.723114349099813,28.850799560546875,570329000,0.0,0.0
2023-05-02 00:00:00-04:00,28.621277734605123,28.776958460184716,28.025499975903916,28.152238845825195,402730000,0.0,0.0
2023-05-03 00:00:00-04:00,27.782993707204334,28.30891502450401,27.415747210218576,27.745071411132812,383387000,0.0,0.0
2023-05-04 00:00:00-04:00,27.594380294690612,27.801954572191782,27.184222567509938,27.505563735961914,321850000,0.0,0.0
2023-05-05 00:00:00-04:00,27.76902351276572,28.696120235561477,27.67421872062941,28.621274948120117,361494000,0.0,0.0
2023-05-08 00:00:00-04:00,28.46359870886539,29.16016946274796,28.291951910306917,29.091310501098633,344979000,0.0,0.0
2023-05-09 00:00:00-04:00,28.83982635316878,28.91367423632623,28.3917463228912,28.512496948242188,314869000,0.0,0.0
2023-05-10 00:00:00-04:00,28.94560847700235,29.053389041510602,28.402723651406696,28.825855255126953,369350000,0.0,0.0
2023-05-11 00:00:00-04:00,28.8368313012262,28.890721581405018,28.188162647959096,28.519481658935547,322149000,0.0,0.0
2023-05-12 00:00:00-04:00,28.47058123775665,28.72106862682804,27.988570462268328,28.28196907043457,274222000,0.0,0.0
2023-05-15 00:00:00-04:00,28.449626392092515,28.90968288930767,28.09435634331566,28.893714904785156,293926000,0.0,0.0
2023-05-16 00:00:00-04:00,28.78194306415263,29.808837256233236,28.772962619924,29.153181076049805,449405000,0.0,0.0
2023-05-17 00:00:00-04:00,29.523423532319487,30.137164031905737,29.369739532230806,30.116207122802734,432535000,0.0,0.0
2023-05-18 00:00:00-04:00,30.34773663384986,31.762832606733102,30.25792075284202,31.613140106201172,748725000,0.0,0.0
2023-05-19 00:00:00-04:00,31.47142600851462,31.51533653819643,30.852696589930833,31.199983596801758,473908000,0.0,0.0
2023-05-22 00:00:00-04:00,30.837727010931786,31.455460948812917,30.617180758045432,31.112165451049805,372000000,0.0,0.0
2023-05-23 00:00:00-04:00,30.936523538862662,31.22393392865523,30.568279631249496,30.62516212463379,356253000,0.0,0.0
2023-05-24 00:00:00-04:00,30.14814019154648,30.54432854642124,29.74496810397816,30.4754695892334,721419000,0.0,0.0
2023-05-25 00:00:00-04:00,38.44411669724596,39.39915781484461,36.559982197378055,37.90222930908203,1543911000,0.0,0.0
2023-05-26 00:00:00-04:00,37.81241541975771,39.08979325980009,37.47311145513567,38.86625289916992,714397000,0.0,0.0
2023-05-30 00:00:00-04:00,40.51187589734803,41.852124379037896,39.86719878603495,40.028865814208984,923401000,0.0,0.0
2023-05-31 00:00:00-04:00,39.40714734389047,40.212494220771234,37.7445581109248,37.756534576416016,1002580000,0.0,0.0
2023-06-01 00:00:00-04:00,38.41018533563602,39.967989732477896,38.261492175606385,39.68856430053711,635873000,0.0,0.0
2023-06-02 00:00:00-04:00,40.014895164925456,40.4170698367897,38.97802122010776,39.2464714050293,482731000,0.0,0.0
2023-06-05 00:00:00-04:00,38.829332843104154,39.483987893521245,38.62774678025024,39.090797424316406,396094000,0.0,0.0
2023-06-06 00:00:00-04:00,38.75050177628396,39.07982415887529,38.06989507940597,38.574859619140625,388729000,0.0,0.0
2023-06-07 00:00:00-04:00,38.8393365135724,39.42220064737449,37.28336583715142,37.40213394165039,511998000,0.004,0.0
2023-06-08 00:00:00-04:00,37.650656098499375,38.78843910356959,37.43208391857247,38.43512725830078,417772000,0.0,0.0
2023-06-09 00:00:00-04:00,38.96109353851752,39.63378277087799,38.49201001557308,38.69461441040039,427717000,0.0,0.0
2023-06-12 00:00:00-04:00,39.12378209838564,39.45313848189554,38.542912981212005,39.40523147583008,388701000,0.0,0.0
2023-06-13 00:00:00-04:00,40.107864800357326,41.0210866253636,39.66273283742683,40.942237854003906,613208000,0.0,0.0
2023-06-14 00:00:00-04:00,40.744627187256896,42.91639507972652,40.47315286932789,42.91340255737305,740465000,0.0,0.0
2023-06-15 00:00:00-04:00,42.51917264005908,43.20483722073351,42.06505544214176,42.570072174072266,568622000,0.0,0.0
2023-06-16 00:00:00-04:00,43.36551525859182,43.635988226566326,42.578047952217986,42.60898971557617,655709000,0.0,0.0
2023-06-20 00:00:00-04:00,42.9144051358894,43.90447708552211,42.5910337413259,43.72282791137695,451153000,0.0,0.0
2023-06-21 00:00:00-04:00,43.4164145123668,43.53019507003835,41.99817993261105,42.961299896240234,551603000,0.0,0.0
2023-06-22 00:00:00-04:00,42.170846843287116,43.341566542076215,42.15188658669768,42.941349029541016,417737000,0.0,0.0
2023-06-23 00:00:00-04:00,42.3814316538767,42.72575823031128,41.93330340139626,42.12692642211914,358140000,0.0,0.0
2023-06-26 00:00:00-04:00,42.378439961624785,42.680852228000454,40.02203048498169,40.55299758911133,594322000,0.0,0.0
2023-06-27 00:00:00-04:00,40.71967293420545,41.858453292545065,40.369357466339395,41.794578552246094,462175000,0.0,0.0
2023-06-28 00:00:00-04:00,40.58094756482351,41.763645026068765,40.439225350764865,41.03705978393555,582639000,0.0,0.0
2023-06-29 00:00:00-04:00,41.47719520674288,41.51911336113598,40.521057714884826,40.74262619018555,380514000,0.0,0.0
2023-06-30 00:00:00-04:00,41.598957222632954,42.4672645183677,41.4203044195064,42.21974563598633,501148000,0.0,0.0
2023-07-03 00:00:00-04:00,42.434326127886784,42.81458581035407,42.11994000015232,42.330528259277344,198209000,0.0,0.0
2023-07-05 00:00:00-04:00,42.053080590984536,43.09305457985884,42.003178561095986,42.2347297668457,323618000,0.0,0.0
2023-07-06 00:00:00-04:00,41.76265332751653,42.09700114412261,41.26562038709098,42.021148681640625,303582000,0.0,0.0
2023-07-07 00:00:00-04:00,42.23972032067983,43.129988283454175,42.09799808880361,42.42036819458008,355881000,0.0,0.0
2023-07-10 00:00:00-04:00,42.57406572515449,42.727765640952,41.568022298100566,42.097991943359375,353908000,0.0,0.0
2023-07-11 00:00:00-04:00,42.39840799700593,42.674869883688075,41.98521523561071,42.32255554199219,298244000,0.0,0.0
2023-07-12 00:00:00-04:00,42.949329116868,43.84957572671799,42.69382635632928,43.8166389465332,481277000,0.0,0.0
2023-07-13 00:00:00-04:00,44.43144469055369,46.06525908080091,44.405494267990946,45.88760757446289,478204000,0.0,0.0
2023-07-14 00:00:00-04:00,46.49243252940778,47.994507542631396,44.97239476607481,45.38059997558594,772075000,0.0,0.0
2023-07-17 00:00:00-04:00,46.1990038397671,46.40559830268811,45.1740001632929,46.37066650390625,510488000,0.0,0.0
2023-07-18 00:00:00-04:00,46.610203412946326,47.80287977104107,45.64508441337884,47.40166091918945,569164000,0.0,0.0
2023-07-19 00:00:00-04:00,47.37171073363014,47.7250225002053,46.65111448328101,46.9854621887207,427502000,0.0,0.0
2023-07-20 00:00:00-04:00,46.41657614955658,46.99545027981004,44.974385975713794,45.431495666503906,537865000,0.0,0.0
2023-07-21 00:00:00-04:00,45.698971418551594,45.776822685139486,44.01425371443011,44.22284698486328,963769000,0.0,0.0
2023-07-24 00:00:00-04:00,44.64402903720118,45.02129625877823,43.95437445925072,44.52526092529297,382516000,0.0,0.0
2023-07-25 00:00:00-04:00,44.85362300335587,46.093204951452925,44.835656447425045,45.590187072753906,348081000,0.0,0.0
2023-07-26 00:00:00-04:00,45.93151847506049,45.96345774796509,44.54322423850326,45.363624572753906,364237000,0.0,0.0
2023-07-27 00:00:00-04:00,46.42855262404122,47.30284884094631,45.66104681024001,45.81075668334961,455976000,0.0,0.0
2023-07-28 00:00:00-04:00,46.57726209617673,46.93556524542494,46.29082136263418,46.65910339355469,331194000,0.0,0.0
2023-07-31 00:00:00-04:00,46.66309836248381,47.038366761861774,46.41557944946755,46.638145446777344,251055000,0.0,0.0
2023-08-01 00:00:00-04:00,46.36967069517526,46.80881767569898,45.93751388194452,46.41658020019531,237858000,0.0,0.0
2023-08-02 00:00:00-04:00,45.74188936339505,45.750870737209425,43.302641133046315,44.182926177978516,530142000,0.0,0.0
2023-08-03 00:00:00-04:00,43.71483776411609,45.03027593449394,43.71483776411609,44.42844772338867,324176000,0.0,0.0
2023-08-04 00:00:00-04:00,44.89753933286693,45.553259657619556,44.306691262413594,44.59313201904297,362666000,0.0,0.0
2023-08-07 00:00:00-04:00,45.02329239286848,45.45145915668349,44.47635751419299,45.328697204589844,322154000,0.0,0.0
2023-08-08 00:00:00-04:00,44.76579541158173,45.15403903929904,43.970344091683025,44.57716369628906,353843000,0.0,0.0
2023-08-09 00:00:00-04:00,44.18791316298273,44.2258412871121,42.05207472701769,42.47126007080078,586449000,0.0,0.0
2023-08-10 00:00:00-04:00,42.07803421130193,43.48928663606157,41.75366530069566,42.30559158325195,492705000,0.0,0.0
2023-08-11 00:00:00-04:00,41.66982393739307,41.936306917018776,40.55998646089097,40.77556610107422,533085000,0.0,0.0
2023-08-14 00:00:00-04:00,40.40728424676243,43.714840105511556,40.23262525589616,43.667930603027344,690286000,0.0,0.0
2023-08-15 00:00:00-04:00,44.473365790467945,45.17998944739272,43.62501611478745,43.85456848144531,676512000,0.0,0.0
2023-08-16 00:00:00-04:00,44.43344112151487,44.58813853982079,43.32160482572684,43.401451110839844,527451000,0.0,0.0
2023-08-17 00:00:00-04:00,43.884505920253574,43.97632609118521,42.91738827793847,43.25972366333008,452395000,0.0,0.0
2023-08-18 00:00:00-04:00,42.55210279035976,43.4932701006516,41.57900001272248,43.214813232421875,583768000,0.0,0.0
2023-08-21 00:00:00-04:00,44.407491420923556,46.97349186656967,44.13602090022551,46.87568283081055,692573000,0.0,0.0
2023-08-22 00:00:00-04:00,48.04141493797538,48.09331578963794,45.24486440473432,45.5792121887207,755293000,0.0,0.0
2023-08-23 00:00:00-04:00,45.776832751180166,47.10823894798695,45.120111028865615,47.0244026184082,779046000,0.0,0.0
2023-08-24 00:00:00-04:00,50.1183701071456,50.168272136137816,47.06731429104691,47.07130432128906,1156044000,0.0,0.0
2023-08-25 00:00:00-04:00,46.92059855717943,47.71205604609622,44.93646092899701,45.928531646728516,925341000,0.0,0.0
2023-08-28 00:00:00-04:00,46.39162792536596,46.88866080793937,44.80072902830529,46.74394226074219,685192000,0.0,0.0
2023-08-29 00:00:00-04:00,46.57526237156326,48.98556752704201,46.30079556232575,48.689144134521484,701397000,0.0,0.0
2023-08-30 00:00:00-04:00,48.94864322959215,49.82992584763343,48.33084725951484,49.168216705322266,735206000,0.0,0.0
2023-08-31 00:00:00-04:00,49.28399374905417,49.64728445636799,48.86281334141854,49.25904083251953,528570000,0.0,0.0
2023-09-01 00:00:00-04:00,49.66524637506185,49.7031706927899,48.0483934780796,48.41468048095703,463830000,0.0,0.0
2023-09-05 00:00:00-04:00,48.12924438500935,48.7560255895284,47.766951165430406,48.45361328125,382653000,0.0,0.0
2023-09-06 00:00:00-04:00,48.35080099771677,48.45859779156676,46.49326626281809,46.97336959838867,468670000,0.004,0.0
2023-09-07 00:00:00-04:00,45.44023695298754,46.257712272283236,45.067930357984686,46.154903411865234,433330000,0.0,0.0
2023-09-08 00:00:00-04:00,45.856454433608306,46.519215678178135,45.18670244634744,45.48714065551758,473069000,0.0,0.0
2023-09-11 00:00:00-04:00,46.06206706824175,46.077038527672016,44.22948732817348,45.093875885009766,473966000,0.0,0.0
2023-09-12 00:00:00-04:00,44.654687644477335,45.58794785369134,44.448072389819984,44.786441802978516,349256000,0.0,0.0
2023-09-13 00:00:00-04:00,44.516948715229006,45.844473946840324,44.420129217307256,45.40030288696289,398355000,0.0,0.0
2023-09-14 00:00:00-04:00,45.864436629731664,45.90136648262812,45.04696145729557,45.496124267578125,370097000,0.0,0.0
2023-09-15 00:00:00-04:00,45.25657120735263,45.5140902129406,43.726424825872876,43.81825637817383,506831000,0.0,0.0
2023-09-18 00:00:00-04:00,42.66839815481211,44.15961559349167,41.921789942113186,43.88412857055664,500271000,0.0,0.0
2023-09-19 00:00:00-04:00,43.7513779115944,43.8841296709857,42.921924053303314,43.438961029052734,373064000,0.0,0.0
2023-09-20 00:00:00-04:00,43.51881278602881,43.82124998391259,42.14437793528599,42.16034698486328,367108000,0.0,0.0
2023-09-21 00:00:00-04:00,41.505572228064345,42.02160786318076,40.903694380315116,40.94062423706055,450736000,0.0,0.0
2023-09-22 00:00:00-04:00,41.494589042058344,42.0365810200349,41.154224400495224,41.53252029418945,479236000,0.0,0.0
2023-09-25 00:00:00-04:00,41.51355366859355,42.4567936946112,41.1003231092512,42.14337921142578,419091000,0.0,0.0
2023-09-26 00:00:00-04:00,41.92278696484624,42.74026210135053,41.577430601284675,41.83295440673828,402282000,0.0,0.0
2023-09-27 00:00:00-04:00,42.25117631483952,42.79216683776979,41.55148148041127,42.388916015625,444935000,0.0,0.0
2023-09-28 00:00:00-04:00,42.38092828086827,43.36509217094579,42.03657334360293,43.008758544921875,424663000,0.0,0.0
2023-09-29 00:00:00-04:00,43.74538760189782,44.06179864340564,43.22635545841842,43.417999267578125,397830000,0.0,0.0
2023-10-02 00:00:00-04:00,43.94801356401108,45.09088199561907,43.77932952657343,44.69861602783203,433298000,0.0,0.0
2023-10-03 00:00:00-04:00,44.724558993956826,45.045961784832514,43.165467413747166,43.43596267700195,470850000,0.0,0.0
2023-10-04 00:00:00-04:00,43.660548982906214,44.06080325905543,43.21138616245394,43.95899200439453,361821000,0.0,0.0
2023-10-05 00:00:00-04:00,43.96797721587723,44.81639678263096,43.80628011216114,44.60478973388672,393483000,0.0,0.0
2023-10-06 00:00:00-04:00,44.110713380697035,45.70374229719828,43.944024517632684,45.67679214477539,434436000,0.0,0.0
2023-10-09 00:00:00-04:00,44.75849682767498,45.52007649973999,44.28538045832398,45.18869400024414,409675000,0.0,0.0
2023-10-10 00:00:00-04:00,45.22563248789511,46.17286291728584,45.00404573819931,45.71272277832031,368582000,0.0,0.0
2023-10-11 00:00:00-04:00,46.109976834306515,46.77174426177856,45.96424879463127,46.718841552734375,378137000,0.0,0.0
2023-10-12 00:00:00-04:00,46.68989566086201,47.52034710135052,46.24372943331202,46.857582092285156,481325000,0.0,0.0
2023-10-13 00:00:00-04:00,46.87255588078778,47.02826743741539,45.19568386802554,45.376346588134766,474115000,0.0,0.0
2023-10-16 00:00:00-04:00,44.97908693457242,46.13892190023753,44.82836714020883,46.0091667175293,375099000,0.0,0.0
2023-10-17 00:00:00-04:00,43.91807074145932,44.67066838631244,42.40090056802487,43.85618591308594,812333000,0.0,0.0
2023-10-18 00:00:00-04:00,42.51168506984707,43.13851774775219,41.74711270086322,42.1174201965332,627294000,0.0,0.0
2023-10-19 00:00:00-04:00,42.731286777485096,43.216381906827145,41.8040157217801,42.02260971069336,501233000,0.0,0.0
2023-10-20 00:00:00-04:00,41.81199054712487,42.390912280968735,41.00150240429951,41.30992889404297,477266000,0.0,0.0
2023-10-23 00:00:00-04:00,41.152230295210934,43.1674718539468,40.86875871685224,42.89497756958008,478530000,0.0,0.0
2023-10-24 00:00:00-04:00,42.996784415979555,43.615628825296106,42.611505424258,43.58169174194336,401463000,0.0,0.0
2023-10-25 00:00:00-04:00,43.31718712471628,43.56872058494652,41.477620479123594,41.701202392578125,398379000,0.0,0.0
2023-10-26 00:00:00-04:00,41.77506880872993,42.177318286010724,39.80574303401105,40.250911712646484,541001000,0.0,0.0
2023-10-27 00:00:00-04:00,41.053411354619094,41.1292700454015,39.94048596248548,40.424583435058594,416784000,0.0,0.0
2023-10-30 00:00:00-04:00,41.01049849985918,41.68823125867914,40.405624059194345,41.08435821533203,388028000,0.0,0.0
2023-10-31 00:00:00-04:00,40.37467609597359,40.80287807912132,39.15694672159714,40.70405960083008,517969000,0.0,0.0
2023-11-01 00:00:00-04:00,40.807870455778854,42.30208459844571,40.79289899587781,42.24618911743164,437593000,0.0,0.0
2023-11-02 00:00:00-04:00,43.247317846401735,43.802282272530825,42.814127888386025,43.42498779296875,409172000,0.0,0.0
2023-11-03 00:00:00-04:00,43.93803330221259,45.22463078266812,43.641585445769095,44.921199798583984,424610000,0.0,0.0
2023-11-06 00:00:00-05:00,45.20067395834923,45.849465106470674,44.815391150878824,45.66580581665039,400733000,0.0,0.0
2023-11-07 00:00:00-05:00,45.63386613375853,46.131933661639785,45.07390997743288,45.86942672729492,343165000,0.0,0.0
2023-11-08 00:00:00-05:00,46.01415021384401,46.77972399420801,45.882396057118896,46.48727035522461,346719000,0.0,0.0
2023-11-09 00:00:00-05:00,47.378607266813916,48.1401869158154,46.662943389487246,46.862571716308594,540496000,0.0,0.0
2023-11-10 00:00:00-05:00,47.411547124751294,48.38173722144184,47.194952159011976,48.244991302490234,421245000,0.0,0.0
2023-11-13 00:00:00-05:00,48.23001652415506,49.02453561714493,48.00942740784403,48.529457092285156,384136000,0.0,0.0
2023-11-14 00:00:00-05:00,49.58749116388393,49.74120373030796,48.948683517262864,49.563533782958984,416954000,0.0,0.0
2023-11-15 00:00:00-05:00,49.8420139297863,49.86696509098912,48.11024418489581,48.79696273803711,475497000,0.0,0.0
2023-11-16 00:00:00-05:00,48.58835975878918,49.43278516309001,48.24001057724096,49.38786697387695,339756000,0.0,0.0
2023-11-17 00:00:00-05:00,49.431776726847154,49.62441812223873,48.9157411685867,49.206199645996094,325205000,0.0,0.0
2023-11-20 00:00:00-05:00,49.22017851068948,50.453877068941594,49.08942192234672,50.31513595581055,414120000,0.0,0.0
2023-11-21 00:00:00-05:00,50.03265822480747,50.42292897370047,49.130342262240724,49.85099792480469,565747000,0.0,0.0
2023-11-22 00:00:00-05:00,49.759168450104845,50.24126692176278,47.60119189596065,48.625282287597656,899420000,0.0,0.0
2023-11-24 00:00:00-05:00,48.379750254535665,48.829910707399556,47.656097917344944,47.687042236328125,294645000,0.0,0.0
2023-11-27 00:00:00-05:00,47.7109937696309,48.43963402417859,47.56327053938668,48.15217208862305,395662000,0.0,0.0
2023-11-28 00:00:00-05:00,48.146180818273855,48.233020614585215,47.38460109717888,47.73195266723633,401491000,0.0,0.0
2023-11-29 00:00:00-05:00,48.288911166313994,48.67119737228817,47.77087663297862,48.05035400390625,382005000,0.0,0.0
2023-11-30 00:00:00-05:00,47.934573676190574,48.02041588268528,46.335559349897565,46.68291091918945,526247000,0.0,0.0
2023-12-01 00:00:00-05:00,46.43837411108703,47.112116530587656,46.1010022026633,46.67792510986328,369317000,0.0,0.0
2023-12-04 00:00:00-05:00,45.99120035967438,45.99120035967438,44.926185864436995,45.425254821777344,437543000,0.0,0.0
2023-12-05 00:00:00-05:00,45.385328820380614,46.51731562556562,45.19067511548695,46.48337936401367,371718000,0.004,0.0
2023-12-06 00:00:00-05:00,47.13122440124437,47.30292009715476,45.331422145943435,45.42226028442383,380590000,0.0,0.0
2023-12-07 00:00:00-05:00,45.6189146142351,46.54626712955494,45.52308427817849,46.51332473754883,350823000,0.0,0.0
2023-12-08 00:00:00-05:00,46.5123243077979,47.65629078492983,46.467402174460815,47.42170715332031,359224000,0.0,0.0
2023-12-11 00:00:00-05:00,47.40673880790064,47.446664942684954,45.74868658721169,46.54426956176758,509728000,0.0,0.0
2023-12-12 00:00:00-05:00,45.96430689603469,47.581431635575925,45.96430689603469,47.57244873046875,372387000,0.0,0.0
2023-12-13 00:00:00-05:00,47.54449269431196,48.50778063121328,47.52353004634861,48.00267791748047,447792000,0.0,0.0
2023-12-14 00:00:00-05:00,48.3041320524151,48.58363397802505,47.33785124678629,48.26420211791992,391232000,0.0,0.0
2023-12-15 00:00:00-05:00,48.10848518903452,49.31633726064535,48.034615184125286,48.80324935913086,479948000,0.0,0.0
2023-12-18 00:00:00-05:00,49.31235079913167,50.34351507731144,49.062794375670336,49.9881477355957,412587000,0.0,0.0
2023-12-19 00:00:00-05:00,49.33629886505029,49.61181008886036,48.808238224699814,49.5159797668457,464444000,0.0,0.0
2023-12-20 00:00:00-05:00,49.5668939044448,49.91028529819524,48.012657344636494,48.025634765625,397894000,0.0,0.0
2023-12-21 00:00:00-05:00,48.724392927903814,49.007889407965415,48.333086371904265,48.903076171875,300425000,0.0,0.0
2023-12-22 00:00:00-05:00,49.107708829124014,49.29537497058781,48.38099994161529,48.74335861206055,252507000,0.0,0.0
2023-12-26 00:00:00-05:00,48.88111364335506,49.51199224313979,48.87312841671405,49.19156265258789,244200000,0.0,0.0
2023-12-27 00:00:00-05:00,49.42315780443188,49.591856680513665,48.997911127361846,49.329322814941406,233648000,0.0,0.0
2023-12-28 00:00:00-05:00,49.55491912329638,49.79548883206165,49.324326187941345,49.43413162231445,246587000,0.0,0.0
2023-12-29 00:00:00-05:00,49.72461566156116,49.90829110638661,48.664499712290464,49.43413162231445,389293000,0.0,0.0
2024-01-02 00:00:00-05:00,49.1566219566508,49.20753015338818,47.51054964423797,48.0825309753418,411254000,0.0,0.0
2024-01-03 00:00:00-05:00,47.40074185532866,48.098499031561545,47.23603372218609,47.48459243774414,320896000,0.0,0.0
2024-01-04 00:00:00-05:00,47.68224884044641,48.41395003873669,47.42370949212884,47.912841796875,306535000,0.0,0.0
2024-01-05 00:00:00-05:00,48.37601604637922,49.459090025386296,48.22029079492016,49.0098876953125,415039000,0.0,0.0
2024-01-08 00:00:00-05:00,49.424155596522276,52.18225389964643,49.39121320158821,52.1602897644043,642510000,0.0,0.0
2024-01-09 00:00:00-05:00,52.30802809263291,54.22861420741035,51.598287244233845,53.04571533203125,773100000,0.0,0.0
2024-01-10 00:00:00-05:00,53.52087170860792,54.50312317370562,53.39409433002728,54.25356674194336,533796000,0.0,0.0
2024-01-11 00:00:00-05:00,54.90141170121365,55.24779611496442,53.46496584925973,54.72472381591797,596759000,0.0,0.0
2024-01-12 00:00:00-05:00,54.52307840206245,54.87245962885345,54.23359588697403,54.612918853759766,352994000,0.0,0.0
2024-01-16 00:00:00-05:00,54.92037758541191,56.734151032115776,54.80258693421074,56.28195571899414,449580000,0.0,0.0
2024-01-17 00:00:00-05:00,56.24702551752996,56.370806056804064,54.64287831771136,55.953548431396484,474394000,0.0,0.0
2024-01-18 00:00:00-05:00,57.15840086229008,57.497797746406825,56.00744677307047,57.005672454833984,491650000,0.0,0.0
2024-01-19 00:00:00-05:00,57.88610696898355,59.394427545023596,57.12346261571884,59.38544464111328,543501000,0.0,0.0
2024-01-22 00:00:00-05:00,59.942452516713104,60.223953645882176,58.96518950299891,59.548152923583984,452955000,0.0,0.0
2024-01-23 00:00:00-05:00,59.464298025036406,59.80369487757325,58.481045210719586,59.766761779785156,294654000,0.0,0.0
2024-01-24 00:00:00-05:00,60.19700279855746,62.73748534909312,59.831651069260054,61.25312423706055,560271000,0.0,0.0
2024-01-25 00:00:00-05:00,62.23937252647403,62.607721109617174,60.742033936667,61.50767517089844,482777000,0.0,0.0
2024-01-26 00:00:00-05:00,60.85183343731232,61.67337498834804,60.4655228910145,60.922706604003906,390309000,0.0,0.0
2024-01-29 00:00:00-05:00,61.12335021592604,62.37811980223714,60.798929932553925,62.354164123535156,348733000,0.0,0.0
2024-01-30 00:00:00-05:00,62.788400246614664,63.38034661468554,62.1495325776363,62.662620544433594,410735000,0.0,0.0
2024-01-31 00:00:00-05:00,61.33098779929159,62.15851930991276,60.592302887690344,61.4178352355957,453795000,0.0,0.0
2024-02-01 00:00:00-05:00,61.98980411350433,63.078871582567636,61.54060566972606,62.9151611328125,369146000,0.0,0.0
2024-02-02 00:00:00-05:00,63.86048434942647,66.48182425910672,63.57698787949549,66.04261016845703,476578000,0.0,0.0
2024-02-05 00:00:00-05:00,68.10394628020288,69.37369252800232,67.08575942583846,69.208984375,680078000,0.0,0.0
2024-02-06 00:00:00-05:00,69.50645284574946,69.630233381063,66.18236704818828,68.1019515991211,683111000,0.0,0.0
2024-02-07 00:00:00-05:00,68.19777661316522,70.09540449820057,67.48005062301553,69.97461700439453,495575000,0.0,0.0
2024-02-08 00:00:00-05:00,69.9496558671256,70.66837949372972,69.33175856710787,69.51742553710938,414422000,0.0,0.0
2024-02-09 00:00:00-05:00,70.40786033375117,72.0569298484953,70.08743069197543,72.0050277709961,436637000,0.0,0.0
2024-02-12 00:00:00-05:00,72.47117717433613,74.4786104438433,71.12357413495056,72.11980438232422,613710000,0.0,0.0
2024-02-13 00:00:00-05:00,70.27509946360114,73.31968365428922,69.4964845401849,72.00003051757812,602580000,0.0,0.0
2024-02-14 00:00:00-05:00,73.0721307009838,74.10429279758857,71.81037331243682,73.76889038085938,504917000,0.0,0.0
2024-02-15 00:00:00-05:00,73.73793302512789,73.8437401296513,72.27153779440317,72.5290756225586,420122000,0.0,0.0
2024-02-16 00:00:00-05:00,73.96851471281462,74.2699807907232,72.37235296886776,72.4841537475586,495327000,0.0,0.0
2024-02-20 00:00:00-05:00,71.81934169951924,71.82832841143384,67.61381946264177,69.32877349853516,704833000,0.0,0.0
2024-02-21 00:00:00-05:00,67.88532873628714,68.76576751724065,66.13045246980936,67.35227966308594,673755000,0.0,0.0
2024-02-22 00:00:00-05:00,74.8918837924214,78.43558041658676,74.08831180865685,78.39865112304688,865100000,0.0,0.0
2024-02-23 00:00:00-05:00,80.64666901641925,82.24781959665485,77.43238049388252,78.67716979980469,829388000,0.0,0.0
2024-02-26 00:00:00-05:00,79.5585907729136,80.50291911362528,78.36571128314377,78.95167541503906,503973000,0.0,0.0
2024-02-27 00:00:00-05:00,79.24014935736925,79.33898034064636,77.0250924240117,78.56135559082031,391705000,0.0,0.0
2024-02-28 00:00:00-05:00,77.48227691873889,78.7929431019633,76.98815248522881,77.52519989013672,393110000,0.0,0.0
2024-02-29 00:00:00-05:00,78.95365284686739,79.84805903387235,78.2109697529952,78.97161865234375,507289000,0.0,0.0
2024-03-01 00:00:00-05:00,79.85804035116041,82.15396205759876,79.29404050410636,82.13299560546875,479135000,0.0,0.0
2024-03-04 00:00:00-05:00,83.98071640863849,87.5393930852347,83.57045019844777,85.08575439453125,615616000,0.0,0.0
2024-03-05 00:00:00-05:00,85.12270452666515,85.94827947163024,83.2729084960246,85.81550598144531,520639000,0.004,0.0
2024-03-06 00:00:00-05:00,87.86995321567885,89.56900902315816,86.87966241798968,88.5467758178711,582520000,0.0,0.0
2024-03-07 00:00:00-05:00,90.00224735235656,92.60674140930558,89.44720809741612,92.5089111328125,608119000,0.0,0.0
2024-03-08 00:00:00-05:00,94.97364703765751,97.23174040772027,86.35655527181379,87.37679290771484,1142269000,0.0,0.0
2024-03-11 00:00:00-04:00,86.27970659200646,88.64361241866209,84.02061512714978,85.62583923339844,678364000,0.0,0.0
2024-03-12 00:00:00-04:00,87.8969031445505,91.80114256968415,86.0011815049168,91.75422668457031,668075000,0.0,0.0
2024-03-13 00:00:00-04:00,90.89769886633881,91.34592070136199,88.28222228746216,90.73098754882812,635713000,0.0,0.0
2024-03-14 00:00:00-04:00,89.42225054534444,90.48940398821422,86.45038860441925,87.79206848144531,602318000,0.0,0.0
2024-03-15 00:00:00-04:00,86.77983369344113,89.39131202190967,86.10799973550625,87.68526458740234,642086000,0.0,0.0
2024-03-18 00:00:00-04:00,90.2318598178106,92.24537384693531,86.93456418081807,88.30220031738281,668976000,0.0,0.0
2024-03-19 00:00:00-04:00,86.55022352343148,90.38758481674583,84.86314816147532,89.24356842041016,672171000,0.0,0.0
2024-03-20 00:00:00-04:00,89.64187768825083,90.25382534481801,88.07059918494765,90.21588897705078,479063000,0.0,0.0
2024-03-21 00:00:00-04:00,92.14054972284487,92.48794810720764,90.24881917443113,91.27703857421875,480372000,0.0,0.0
2024-03-22 00:00:00-04:00,90.983542177901,94.61425987373234,90.67707334814835,94.12610626220703,586719000,0.0,0.0
2024-03-25 00:00:00-04:00,93.77871131394467,96.59882785449742,93.34845614456138,94.83787536621094,552136000,0.0,0.0
2024-03-26 00:00:00-04:00,95.68541767838448,96.20851455285562,92.34220396856466,92.4011001586914,513648000,0.0,0.0
2024-03-27 00:00:00-04:00,92.95115660792449,93.07893385392306,88.96904884364167,90.09410095214844,586067000,0.0,0.0
2024-03-28 00:00:00-04:00,89.8445176119648,91.14227480173439,89.03891256279711,90.19990539550781,435212000,0.0,0.0
2024-04-01 00:00:00-04:00,90.14300911365386,92.0656767674512,89.04989954343785,90.20689392089844,452441000,0.0,0.0
2024-04-02 00:00:00-04:00,88.29520668047454,89.93836697964663,87.46864171818919,89.29747772216797,433064000,0.0,0.0
2024-04-03 00:00:00-04:00,88.33115142365672,90.21788597554938,88.24729689318218,88.81031799316406,370067000,0.0,0.0
2024-04-04 00:00:00-04:00,90.24981545155312,90.47742601324012,85.73163346290652,85.756591796875,434965000,0.0,0.0
2024-04-05 00:00:00-04:00,86.71594667786945,88.32816244191248,85.7775755946387,87.8559799194336,399678000,0.0,0.0
2024-04-08 00:00:00-04:00,88.546769676755,88.67654997902457,86.58217465386001,86.98248291015625,283220000,0.0,0.0
2024-04-09 00:00:00-04:00,87.29093308519522,87.48360044285332,82.87857107978263,85.20653533935547,501700000,0.0,0.0
2024-04-10 00:00:00-04:00,83.78102746556362,87.24902545092569,83.56439945092491,86.8886489868164,431929000,0.0,0.0
2024-04-11 00:00:00-04:00,87.26897200773683,90.58223837088431,86.77582976459976,90.4594497680664,431637000,0.0,0.0
2024-04-12 00:00:00-04:00,89.54404775764081,90.01923104025528,87.37879585703206,88.03366088867188,426805000,0.0,0.0
2024-04-15 00:00:00-04:00,88.94407438415881,90.45645646962656,85.78055040974887,85.85242462158203,443077000,0.0,0.0
2024-04-16 00:00:00-04:00,86.28368645109244,87.965773191981,85.91532822119116,87.26399230957031,370453000,0.0,0.0
2024-04-17 00:00:00-04:00,88.18737923912188,88.62163290761173,83.80496405819224,83.88982391357422,495400000,0.0,0.0
2024-04-18 00:00:00-04:00,84.82321393436638,86.0411075798554,82.25964941091485,84.52472686767578,447260000,0.0,0.0
2024-04-19 00:00:00-04:00,83.00635763015296,84.17832549176838,75.47539137545536,76.068359375,875198000,0.0,0.0
2024-04-22 00:00:00-04:00,77.9690642204774,79.93466435331439,76.26801328194024,79.38062286376953,596341000,0.0,0.0
2024-04-23 00:00:00-04:00,80.62946711947102,82.62601207910251,80.12534225900131,82.28060913085938,438559000,0.0,0.0
2024-04-24 00:00:00-04:00,83.80498148732187,83.93675724779338,79.04621772256601,79.53936767578125,512208000,0.0,0.0
2024-04-25 00:00:00-04:00,78.73175253009703,83.1790583894206,78.08787011237102,82.4892578125,424641000,0.0,0.0
2024-04-26 00:00:00-04:00,83.67321658546781,88.17842147858853,83.2429613231266,87.58345031738281,551011000,0.0,0.0
2024-04-29 00:00:00-04:00,87.44368500312586,87.8399947565515,85.11870586410434,87.60540771484375,388971000,0.0,0.0
2024-04-30 00:00:00-04:00,87.08928872900789,88.66556334587189,86.15091777999787,86.25273895263672,363709000,0.0,0.0
2024-05-01 00:00:00-04:00,84.93002290842145,85.85142484392729,81.11461964994571,82.89753723144531,559863000,0.0,0.0
2024-05-02 00:00:00-04:00,84.30310641773906,86.08801954331209,83.05626359727954,85.66874694824219,377898000,0.0,0.0
2024-05-03 00:00:00-04:00,87.6373400551101,89.12675929539812,86.8896334546632,88.63561248779297,398341000,0.0,0.0
2024-05-06 00:00:00-04:00,89.23557056109705,92.06068332323404,88.90115021604193,91.98081970214844,376203000,0.0,0.0
2024-05-07 00:00:00-04:00,90.94062670307744,91.62244547206083,88.85723403089521,90.39756774902344,437342000,0.0,0.0
2024-05-08 00:00:00-04:00,89.32841761603471,91.03646035901207,89.26552291616532,90.25581359863281,325721000,0.0,0.0
2024-05-09 00:00:00-04:00,90.37260819958134,90.91466942223298,88.07858152551931,88.59368896484375,378013000,0.0,0.0
2024-05-10 00:00:00-04:00,90.14900450939767,91.24311191356409,89.07286375704587,89.72274017333984,335325000,0.0,0.0
2024-05-13 00:00:00-04:00,90.32168664844454,90.84079255928056,88.3760562473726,90.24282836914062,289680000,0.0,0.0
2024-05-14 00:00:00-04:00,89.44421267221655,91.49266969851776,88.78036057605543,91.19818115234375,296507000,0.0,0.0
2024-05-15 00:00:00-04:00,92.31225306463462,94.69812368698847,91.44076009123388,94.46652221679688,417735000,0.0,0.0
2024-05-16 00:00:00-04:00,94.74604980958085,95.65347613046144,93.94043705092355,94.19599914550781,323952000,0.0,0.0
2024-05-17 00:00:00-04:00,94.20598653059943,94.57634022771545,91.64741042469609,92.31924438476562,359691000,0.0,0.0
2024-05-20 00:00:00-04:00,93.58805245494568,95.03554461976276,93.27859039868353,94.61627197265625,318764000,0.0,0.0
2024-05-21 00:00:00-04:00,93.43729892728764,95.23519004733342,93.01902406434208,95.2212142944336,328946000,0.0,0.0
2024-05-22 00:00:00-04:00,95.29408831779949,95.85411617010452,93.0879071432018,94.78596496582031,548648000,0.0,0.0
2024-05-23 00:00:00-04:00,101.85176064066984,106.13634662239213,101.34463491102811,103.61970520019531,835065000,0.0,0.0
2024-05-24 00:00:00-04:00,104.26856517672162,106.29106630104066,102.82207077624999,106.28507995605469,429494000,0.0,0.0
2024-05-28 00:00:00-04:00,110.0535586136133,114.74044777454472,109.69318217417998,113.70423889160156,652728000,0.0,0.0
2024-05-29 00:00:00-04:00,112.85469764744549,115.29247256775368,110.70940819239908,114.62662506103516,557442000,0.0,0.0
2024-05-30 00:00:00-04:00,114.45194499585061,115.61892428256706,109.47356046717066,110.30911254882812,484553000,0.0,0.0
2024-05-31 00:00:00-04:00,112.32560941345422,112.52227529514084,106.75525509489461,109.443603515625,613263000,0.0,0.0
2024-06-03 00:00:00-04:00,113.42473014133537,114.80134582519531,111.80952128063097,114.80134582519531,438392000,0.0,0.0
2024-06-04 00:00:00-04:00,115.51609997186799,116.39856789561996,113.84798144289938,116.23584747314453,403324000,0.0,0.0
2024-06-05 00:00:00-04:00,118.16652151115385,122.23747225440593,117.26508152569082,122.2284927368164,528402000,0.0,0.0
2024-06-06 00:00:00-04:00,123.83370517037008,125.3700480295792,118.11560338652608,120.78897857666016,664696000,0.0,0.0
2024-06-07 00:00:00-04:00,119.56310374577737,121.48178833918006,117.81812979264019,120.6791763305664,412386000,0.0,0.0
2024-06-10 00:00:00-04:00,120.16206002224595,122.88733960177423,116.80786391189227,121.57960510253906,313434100,0.0,10.0
2024-06-11 00:00:00-04:00,121.56962216023484,122.66781818606155,118.54460929253459,120.71104431152344,222551200,0.01,0.0
2024-06-12 00:00:00-04:00,122.85750988511934,126.67122400488891,122.36831828276222,124.99398803710938,299595000,0.0,0.0
2024-06-13 00:00:00-04:00,129.1770893049594,129.5864183097163,126.9507630154097,129.396728515625,260704500,0.0,0.0
2024-06-14 00:00:00-04:00,129.74617063783822,132.6214215295718,128.10886970168357,131.6630096435547,309320400,0.0,0.0
2024-06-17 00:00:00-04:00,132.7711675834259,133.50994014798042,129.36677515556565,130.76446533203125,288504400,0.0,0.0
2024-06-18 00:00:00-04:00,130.92420671975586,136.10566894087242,130.47495024767164,135.35690307617188,294335100,0.0,0.0
2024-06-20 00:00:00-04:00,139.56998250489207,140.5283944338281,129.30689796657785,130.5648193359375,517768400,0.0,0.0
2024-06-21 00:00:00-04:00,126.91082285827493,130.41504917764772,124.09546355999291,126.36172485351562,649445800,0.0,0.0
2024-06-24 00:00:00-04:00,123.03719724453093,124.2551908621237,117.8457572795687,117.91564178466797,476060900,0.0,0.0
2024-06-25 00:00:00-04:00,121.00056940292565,126.29185160793926,119.12366557563713,125.88252258300781,414192600,0.0,0.0
2024-06-26 00:00:00-04:00,125.92244899462368,127.90917229563556,122.39825886605338,126.19200897216797,362975900,0.0,0.0
2024-06-27 00:00:00-04:00,123.8957921998042,126.2019962793405,122.71773358253314,123.78597259521484,252571700,0.0,0.0
2024-06-28 00:00:00-04:00,124.37501298465715,127.49986001719877,122.54802231076043,123.33672332763672,315516700,0.0,0.0
2024-07-01 00:00:00-04:00,123.26683813440599,124.6345790000873,118.63447360818265,124.09547424316406,284885500,0.0,0.0
2024-07-02 00:00:00-04:00,120.93067286767031,123.20692743216773,120.8308389451457,122.4681396484375,218374000,0.0,0.0
2024-07-03 00:00:00-04:00,121.45980705227005,128.06890869140625,121.16029766804549,128.06890869140625,215749000,0.0,0.0
2024-07-05 00:00:00-04:00,127.17039258704797,128.63798252741702,125.47319299554034,125.6229476928711,214176700,0.0,0.0
2024-07-08 00:00:00-04:00,127.28020581947078,130.55481479101948,126.83094936680692,127.9890365600586,237677300,0.0,0.0
2024-07-09 00:00:00-04:00,130.13552958791902,133.59982130546845,128.4383145629174,131.16383361816406,285366600,0.0,0.0
2024-07-10 00:00:00-04:00,133.80946190177127,134.87770860466375,132.20211043348235,134.68801879882812,248978600,0.0,0.0
2024-07-11 00:00:00-04:00,135.52663558437,135.9259713268732,126.84095369862746,127.19037628173828,374782700,0.0,0.0
2024-07-12 00:00:00-04:00,128.04894535138322,131.70292655352904,127.01066335258953,129.02734375,252680500,0.0,0.0
2024-07-15 00:00:00-04:00,130.34514408452472,131.1737800395054,126.97070905664152,128.2286376953125,208326200,0.0,0.0
2024-07-16 00:00:00-04:00,128.22864817880884,128.82765170945768,124.37499938694933,126.15206909179688,214769500,0.0,0.0
2024-07-17 00:00:00-04:00,121.15031675281162,121.64949400158038,116.52793817127537,117.79584503173828,390086200,0.0,0.0
2024-07-18 00:00:00-04:00,121.64949097287113,122.19858897958201,116.36819489836525,120.89073944091797,320979500,0.0,0.0
2024-07-19 00:00:00-04:00,120.15196272062997,121.39990584738524,117.176870571876,117.73594665527344,217223800,0.0,0.0
2024-07-22 00:00:00-04:00,120.15196984200875,123.86585002604772,119.66277824004172,123.33672332763672,258068900,0.0,0.0
2024-07-23 00:00:00-04:00,122.57795729865761,124.4848179409612,121.89907597271183,122.38826751708984,173911000,0.0,0.0
2024-07-24 00:00:00-04:00,118.97391446537992,119.75262982559674,113.25334693957731,114.06201171875,327776900,0.0,0.0
2024-07-25 00:00:00-04:00,112.85398925547956,116.43807811661003,106.12508231687993,112.0952377319336,460067000,0.0,0.0
2024-07-26 00:00:00-04:00,115.998801321254,116.00877938122822,111.39638688236367,112.87394714355469,293399100,0.0,0.0
2024-07-29 00:00:00-04:00,113.50293033164324,116.0886649396649,111.11686358531041,111.40637969970703,248152100,0.0,0.0
2024-07-30 00:00:00-04:00,111.33648541055072,111.80571322284378,102.37126667488353,103.55931091308594,486833300,0.0,0.0
2024-07-31 00:00:00-04:00,112.71421539482289,118.1452582531107,110.6975352036146,116.82743072509766,473174200,0.0,0.0
2024-08-01 00:00:00-04:00,117.33660563582859,119.9622829008677,106.63424395188704,109.0302963256836,523462300,0.0,0.0
2024-08-02 00:00:00-04:00,103.58926418951675,108.54110155423277,101.20319756374683,107.0934829711914,482027500,0.0,0.0
2024-08-05 00:00:00-04:00,91.90851250035082,103.239842127859,90.5407717150732,100.28470611572266,552842400,0.0,0.0
2024-08-06 00:00:00-04:00,103.6691316762756,107.5327664843651,100.38455194570304,104.07846069335938,409012100,0.0,0.0
2024-08-07 00:00:00-04:00,107.6325862976113,108.6209626457341,98.52759897070796,98.74723815917969,411440400,0.0,0.0
2024-08-08 00:00:00-04:00,101.83216509669424,105.32640605589452,97.3595333175079,104.79727935791016,391910000,0.0,0.0
2024-08-09 00:00:00-04:00,105.46616394434741,106.42458330646772,103.25980151433504,104.57762908935547,290844200,0.0,0.0
2024-08-12 00:00:00-04:00,106.14505252549102,110.88723650727509,106.08515369153115,108.84060668945312,325559900,0.0,0.0
2024-08-13 00:00:00-04:00,112.25497470709487,116.03873891622582,111.39638928672005,115.94888305664062,312646700,0.0,0.0
2024-08-14 00:00:00-04:00,118.33496818813165,118.40485270467185,113.88230763624145,117.88571166992188,339246400,0.0,0.0
2024-08-15 00:00:00-04:00,118.56458490618095,123.03720888953038,117.27670666159618,122.6578369140625,318086700,0.0,0.0
2024-08-16 00:00:00-04:00,121.73934484458584,124.79430704362497,120.98059332504539,124.375,302589900,0.0,0.0
2024-08-19 00:00:00-04:00,124.0754979878485,129.7860870361328,123.21691249503145,129.7860870361328,318333600,0.0,0.0
2024-08-20 00:00:00-04:00,128.18872055728244,129.66629628755138,125.6828560733908,127.04061889648438,300087400,0.0,0.0
2024-08-21 00:00:00-04:00,127.11048517418402,129.13715105648026,126.45157521398528,128.28854370117188,257883600,0.0,0.0
2024-08-22 00:00:00-04:00,129.80605728559254,130.5348518103843,122.89743830728821,123.53638458251953,376189100,0.0,0.0
2024-08-23 00:00:00-04:00,125.65288601497598,129.38673697357257,125.01393980516215,129.1571044921875,323230300,0.0,0.0
2024-08-26 00:00:00-04:00,129.3567902083498,131.04399639094717,124.16534262628207,126.25189971923828,331964700,0.0,0.0
2024-08-27 00:00:00-04:00,124.84424526829238,128.98741074794592,123.67616460225028,128.08889770507812,303134600,0.0,0.0
2024-08-28 00:00:00-04:00,127.90917706049713,128.118838213882,122.43819852070378,125.40331268310547,448101100,0.0,0.0
2024-08-29 00:00:00-04:00,121.1602924143949,124.22524016378769,116.51794286125214,117.39649200439453,453023300,0.0,0.0
2024-08-30 00:00:00-04:00,119.33331674975315,121.54966504357485,117.02712020356385,119.173583984375,333751600,0.0,0.0
2024-09-03 00:00:00-04:00,115.8191103772934,116.01877823521122,107.1134577156826,107.8222885131836,477155100,0.0,0.0
2024-09-04 00:00:00-04:00,105.23656107081584,113.08362114689852,103.94868273468121,106.03524017333984,372470300,0.0,0.0
2024-09-05 00:00:00-04:00,104.8172363950656,109.46957200218677,104.58761912643209,107.03358459472656,306850700,0.0,0.0
2024-09-06 00:00:00-04:00,107.86221523834789,107.97203483673319,100.78387825686288,102.6607894897461,413638100,0.0,0.0
2024-09-09 00:00:00-04:00,104.70741977949132,106.37467762407766,103.51938307487873,106.29480743408203,273912000,0.0,0.0
2024-09-10 00:00:00-04:00,107.63258781478571,109.21997530676359,104.77729355808466,107.92211151123047,268283700,0.0,0.0
2024-09-11 00:00:00-04:00,109.21000549756162,116.9971741685222,107.24324578146685,116.71763610839844,441422400,0.0,0.0
2024-09-12 00:00:00-04:00,116.6577172050991,120.60155948017247,115.19999582839206,118.95413208007812,366052700,0.01,0.0
2024-09-13 00:00:00-04:00,118.8942191250157,119.77284345041441,117.41652479583126,118.9141845703125,238358300,0.0,0.0
2024-09-16 00:00:00-04:00,116.60779536966285,117.99562620382233,114.1815861384539,116.59780883789062,248772300,0.0,0.0
2024-09-17 00:00:00-04:00,117.98564481894722,118.61466685067687,114.65085910577872,115.40966796875,231925900,0.0,0.0
2024-09-18 00:00:00-04:00,115.70918780797278,117.51636140830334,113.04335537027728,113.19312286376953,310318900,0.0,0.0
2024-09-19 00:00:00-04:00,117.16691844656921,119.47331975028854,117.06707598202318,117.68611145019531,293506400,0.0,0.0
2024-09-20 00:00:00-04:00,116.87737463970251,118.43494609535816,115.2099818009,115.81903076171875,382462400,0.0,0.0
2024-09-23 00:00:00-04:00,116.36817703420066,116.80748542405605,114.68081111279044,116.07862854003906,206228500,0.0,0.0
2024-09-24 00:00:00-04:00,116.33821493002908,121.60998405209612,115.19999404233639,120.68143463134766,354966800,0.0,0.0
2024-09-25 00:00:00-04:00,121.82963321276459,124.74508350925583,121.42027681497308,123.31731414794922,284692900,0.0,0.0
2024-09-26 00:00:00-04:00,126.60217747362803,127.47081527785902,121.6099781665842,123.84648132324219,302582900,0.0,0.0
2024-09-27 00:00:00-04:00,123.77659196922,123.83649592385486,119.07394109309165,121.21060180664062,271009200,0.0,0.0
2024-09-30 00:00:00-04:00,118.1254274144435,121.31045327548797,117.96568098439478,121.25054931640625,226553700,0.0,0.0
2024-10-01 00:00:00-04:00,121.58002164337385,122.24898215671047,115.60935538711523,116.81746673583984,302094500,0.0,0.0
2024-10-02 00:00:00-04:00,116.25833761189251,119.19374556676668,114.9603627706106,118.6645736694336,221845900,0.0,0.0
2024-10-03 00:00:00-04:00,120.73135113827638,124.16598683922703,120.15225416683853,122.65834045410156,277118000,0.0,0.0
2024-10-04 00:00:00-04:00,124.74507834860822,124.84492081095192,121.63992977952229,124.72510528564453,243678100,0.0,0.0
2024-10-07 00:00:00-04:00,124.7949925984476,130.43617917860723,124.75505409102715,127.52073669433594,346250200,0.0,0.0
2024-10-08 00:00:00-04:00,130.0567614433445,133.27173878303944,129.21807567689768,132.6826629638672,285722500,0.0,0.0
2024-10-09 00:00:00-04:00,133.9007523863322,134.31011633076392,131.17501619764158,132.44302368164062,246191600,0.0,0.0
2024-10-10 00:00:00-04:00,131.70420101079952,134.78937641455914,130.79561711338704,134.59967041015625,242311300,0.0,0.0
2024-10-11 00:00:00-04:00,133.80093033986074,135.5681732923908,133.4514855032485,134.58970642089844,170209500,0.0,0.0
2024-10-14 00:00:00-04:00,136.25710420849128,139.38222619629536,136.08737124143596,137.8546142578125,232347700,0.0,0.0
2024-10-15 00:00:00-04:00,137.654906403531,138.3538265330219,128.5391603262797,131.3946990966797,377831000,0.0,0.0
2024-10-16 00:00:00-04:00,133.7709642153392,136.40684475827754,131.37471471629812,135.5082550048828,264879700,0.0,0.0
2024-10-17 00:00:00-04:00,139.12261346955344,140.6701983777905,136.65646567187503,136.71636962890625,306435900,0.0,0.0
2024-10-18 00:00:00-04:00,138.45365135367973,138.68328825202838,137.06582057977474,137.78469848632812,176090200,0.0,0.0
2024-10-21 00:00:00-04:00,137.91451267760561,143.48580932617188,137.78471061125512,143.48580932617188,264554500,0.0,0.0
2024-10-22 00:00:00-04:00,142.68705023422552,144.194689003585,141.55880826832362,143.36598205566406,226311600,0.0,0.0
2024-10-23 00:00:00-04:00,141.80841766733155,142.20778753302577,137.24555525009052,139.34226989746094,285930000,0.0,0.0
2024-10-24 00:00:00-04:00,140.6003124972593,141.12948441968888,138.2439937495604,140.19094848632812,172354900,0.0,0.0
2024-10-25 00:00:00-04:00,140.71013437273555,143.90515439009727,140.5803475394567,141.31918334960938,205122100,0.0,0.0
2024-10-28 00:00:00-04:00,142.77690797567064,142.9166889544992,139.83151327072179,140.30078125,173586700,0.0,0.0
2024-10-29 00:00:00-04:00,140.0711235834401,142.0380513591214,138.68329276437913,141.02963256835938,157593600,0.0,0.0
2024-10-30 00:00:00-04:00,139.32230457284558,140.11108066863528,136.59656776236113,139.12261962890625,179418100,0.0,0.0
2024-10-31 00:00:00-04:00,137.38534807029694,137.39532698555524,131.9039070664443,132.55288696289062,270039600,0.0,0.0
2024-11-01 00:00:00-04:00,134.48984636430032,137.09577501351765,134.36005954202903,135.18875122070312,207127800,0.0,0.0
2024-11-04 00:00:00-05:00,136.9959472521015,138.74321710094807,135.3585064031532,135.83775329589844,187528200,0.0,0.0
2024-11-05 00:00:00-05:00,137.2355728771189,140.15101580482042,137.11576495412646,139.69174194335938,160537400,0.0,0.0
2024-11-06 00:00:00-05:00,142.73696823952852,146.26145970555473,141.73852838547052,145.38282775878906,242043900,0.0,0.0
2024-11-07 00:00:00-05:00,146.1616297903136,148.69766066609404,145.9419717733186,148.6477508544922,207323300,0.0,0.0
2024-11-08 00:00:00-05:00,148.53790960818029,149.53634951772108,146.03181568484314,147.39968872070312,175665800,0.0,0.0
2024-11-11 00:00:00-05:00,148.44801790297308,148.6177660708997,143.3460052965638,145.03335571289062,182325600,0.0,0.0
2024-11-12 00:00:00-05:00,146.55100082856893,149.41651833977537,145.78219787373922,148.0586395263672,198634700,0.0,0.0
2024-11-13 00:00:00-05:00,148.83742831045777,149.0970171738845,145.67236073742527,146.0417938232422,191903300,0.0,0.0
2024-11-14 00:00:00-05:00,147.40965302668107,148.76753177848803,145.32291747893564,146.53102111816406,194463300,0.0,0.0
2024-11-15 00:00:00-05:00,144.6439744081883,145.0134075079149,139.86145428913719,141.75848388671875,250132900,0.0,0.0
2024-11-18 00:00:00-05:00,139.28235565663965,141.32916034590224,136.93601597273187,139.93133544921875,221205300,0.0,0.0
2024-11-19 00:00:00-05:00,141.09952959154865,146.90046279249913,140.77004260660007,146.7806396484375,227834900,0.0,0.0
2024-11-20 00:00:00-05:00,147.18001681813428,147.3297766964244,142.50731056070873,145.66238403320312,309871700,0.0,0.0
2024-11-21 00:00:00-05:00,149.11701974284432,152.65149063112756,140.4805046221909,146.44119262695312,400946600,0.0,0.0
2024-11-22 00:00:00-05:00,145.70230145652508,146.93039328493344,140.8798510014857,141.728515625,236406200,0.0,0.0
2024-11-25 00:00:00-05:00,141.76847182265374,141.82837577269152,135.60810012239304,135.8077850341797,344941900,0.0,0.0
2024-11-26 00:00:00-05:00,137.48518763604767,139.08269776121745,135.45835561529256,136.70640563964844,190287700,0.0,0.0
2024-11-27 00:00:00-05:00,134.7993582371888,137.00591700209634,131.59437486042492,135.12884521484375,226370900,0.0,0.0
2024-11-29 00:00:00-05:00,136.56660913585418,139.1326070072914,135.83775227020575,138.03431701660156,141863200,0.0,0.0
2024-12-02 00:00:00-05:00,138.6133964568137,140.23086402488357,137.60497776381663,138.41371154785156,171682800,0.0,0.0
2024-12-03 00:00:00-05:00,138.04430354930304,140.32074544201365,137.73478959893222,140.0411834716797,164414000,0.0,0.0
2024-12-04 00:00:00-05:00,141.77848830332968,145.56256942155275,140.07114909994493,144.91358947753906,231224300,0.0,0.0
2024-12-05 00:00:00-05:00,144.89360218968224,146.32146235801875,143.73532840807314,144.8436737060547,172621200,0.01,0.0
2024-12-06 00:00:00-05:00,144.38436733563313,145.4827177885172,141.09926510716357,142.2275848388672,188505600,0.0,0.0
2024-12-09 00:00:00-05:00,138.76274660606958,139.74128080496888,136.92549436926976,138.6029815673828,189308600,0.0,0.0
2024-12-10 00:00:00-05:00,138.80268748950093,141.60850970621567,133.5904709096604,134.8685760498047,210020900,0.0,0.0
2024-12-11 00:00:00-05:00,137.155160163518,139.96096726526153,135.00837248215075,139.1022491455078,184905200,0.0,0.0
2024-12-12 00:00:00-05:00,136.8755860719742,138.2335586289744,135.59749604609573,137.13519287109375,159211400,0.0,0.0
2024-12-13 00:00:00-05:00,138.7327975455873,139.39181692680097,132.34233289302693,134.04978942871094,231514900,0.0,0.0
2024-12-16 00:00:00-05:00,133.97985695977695,134.19953003840055,130.22547066007974,131.80311584472656,237951100,0.0,0.0
2024-12-17 00:00:00-05:00,128.89747709842524,131.39374870651014,126.67080709010266,130.19554138183594,259410300,0.0,0.0
2024-12-18 00:00:00-05:00,133.6603731199009,136.49613412730267,128.08869283192976,128.71775817871094,277444500,0.0,0.0
2024-12-19 00:00:00-05:00,131.56348324328064,133.8301019554315,129.35678784338916,130.48509216308594,209719200,0.0,0.0
2024-12-20 00:00:00-05:00,129.61640819653473,135.07825184796977,128.02878306565836,134.49911499023438,306528600,0.0,0.0
2024-12-23 00:00:00-05:00,136.0767567466981,139.58151660116854,134.91848306333998,139.46170043945312,176053500,0.0,0.0
2024-12-24 00:00:00-05:00,139.7912064019445,141.68836668012935,138.44321367436993,140.01087951660156,105157000,0.0,0.0
2024-12-26 00:00:00-05:00,139.49166074428362,140.63995487774488,137.52459740894255,139.7213134765625,116205600,0.0,0.0
2024-12-27 00:00:00-05:00,138.3433913393573,138.81269167406333,134.50912136885398,136.80567932128906,170582600,0.0,0.0
2024-12-30 00:00:00-05:00,134.628906293037,140.060795108374,133.82011682531788,137.28494262695312,167734700,0.0,0.0
2024-12-31 00:00:00-05:00,137.82414956509464,137.86409844380188,133.63041622678574,134.0897216796875,155659200,0.0,0.0
2025-01-02 00:00:00-05:00,135.79717669922962,138.6728864930968,134.42922472124587,138.10372924804688,198247200,0.0,0.0
2025-01-03 00:00:00-05:00,139.8011917981673,144.6838985290199,139.52161059265686,144.25454711914062,229322500,0.0,0.0
2025-01-06 00:00:00-05:00,148.36840963752263,151.93309314343088,147.599568879649,149.2071533203125,265377400,0.0,0.0
2025-01-07 00:00:00-05:00,152.80177547515166,152.9016324332477,139.80118875754107,139.93099975585938,351782200,0.0,0.0
2025-01-08 00:00:00-05:00,142.36739537864082,143.73534764411033,137.35487662508692,139.9010772705078,227349900,0.0,0.0
2025-01-10 00:00:00-05:00,137.24503329388114,139.71135128077043,134.01985409411643,135.70733642578125,207602500,0.0,0.0
2025-01-13 00:00:00-05:00,129.79615256902926,133.29093305056014,129.31685741876072,133.03131103515625,204808900,0.0,0.0
2025-01-14 00:00:00-05:00,135.84710238324766,136.1766120600162,129.85605059334506,131.56349182128906,195590500,0.0,0.0
2025-01-15 00:00:00-05:00,133.45068552943664,136.2465130176968,131.09420431967888,136.03683471679688,185217300,0.0,0.0
2025-01-16 00:00:00-05:00,138.4332346192246,138.54307117698642,133.2909213149963,133.3708038330078,209235600,0.0,0.0
2025-01-17 00:00:00-05:00,136.4861555399997,138.29345383465838,135.25799411499426,137.504638671875,201188800,0.0,0.0
2025-01-21 00:00:00-05:00,138.95247218370304,141.6184885428412,136.88555189361048,140.61997985839844,197749000,0.0,0.0
2025-01-22 00:00:00-05:00,144.44429795506818,147.5696203828536,143.4557686808276,146.8507080078125,237651400,0.0,0.0
2025-01-23 00:00:00-05:00,144.83369562852502,147.0104373660888,143.50567717742842,147.00045776367188,155915500,0.0,0.0
2025-01-24 00:00:00-05:00,148.14872775799392,148.74783905952535,141.66841618539428,142.4073028564453,234657600,0.0,0.0
2025-01-27 00:00:00-05:00,124.6138830305536,128.20850504229963,116.52595684106743,118.24339294433594,818830900,0.0,0.0
2025-01-28 00:00:00-05:00,121.62833781559046,128.8076175411123,116.0766320864675,128.79763793945312,579666400,0.0,0.0
2025-01-29 00:00:00-05:00,126.31135328562937,126.70077107762197,119.8709750783515,123.5155258178711,467120600,0.0,0.0
2025-01-30 00:00:00-05:00,122.91641979157204,124.81358785050304,117.92387627755191,124.464111328125,392925500,0.0,0.0
2025-01-31 00:00:00-05:00,123.59540412169352,127.6593341751579,119.01225290264883,119.89093780517578,388161100,0.0,0.0
2025-02-03 00:00:00-05:00,114.57887527254843,118.39317826666118,112.84147223806173,116.48603057861328,371235700,0.0,0.0
2025-02-04 00:00:00-05:00,116.78557844108887,121.01925326141507,116.52596404203554,118.47306060791016,256550000,0.0,0.0
2025-02-05 00:00:00-05:00,121.57842315704723,124.8135892575584,120.57991444298676,124.64384460449219,262230800,0.0,0.0
2025-02-06 00:00:00-05:00,127.22998260932282,128.5779755110731,125.02327919443763,128.48809814453125,251483600,0.0,0.0
2025-02-07 00:00:00-05:00,129.02727661770408,130.17555536084487,124.81356929927793,129.64634704589844,228186300,0.0,0.0
2025-02-10 00:00:00-05:00,129.89598286165247,134.79866384787866,129.76618710141213,133.3708038330078,216989100,0.0,0.0
2025-02-11 00:00:00-05:00,132.38230132778313,134.27946199343057,130.8246300046561,132.6019744873047,178902400,0.0,0.0
2025-02-12 00:00:00-05:00,129.826117774307,132.04280851778788,128.8875170693692,130.94444274902344,160278600,0.0,0.0
2025-02-13 00:00:00-05:00,131.36379338160384,136.29642846871295,130.97437562399168,135.08822631835938,197430000,0.0,0.0
2025-02-14 00:00:00-05:00,136.27645326854343,139.04232643389201,135.29791907929888,138.64292907714844,195479600,0.0,0.0
2025-02-18 00:00:00-05:00,141.05932980350207,143.226091877041,137.72429913092634,139.19210815429688,219176600,0.0,0.0
2025-02-19 00:00:00-05:00,139.30196590613915,141.14921339596293,137.015387315137,139.0223846435547,167536000,0.0,0.0
2025-02-20 00:00:00-05:00,139.82119473321993,140.45026019183956,136.58602053522247,139.9010772705078,143903600,0.0,0.0
2025-02-21 00:00:00-05:00,139.83115735009994,141.24905316966826,133.83012530319377,134.22952270507812,228217600,0.0,0.0
2025-02-24 00:00:00-05:00,136.35635785611953,138.38332947991822,129.88602516626045,130.08572387695312,251381100,0.0,0.0
2025-02-25 00:00:00-05:00,129.78615711570163,130.00583024952502,124.25442559786755,126.44115447998047,271428700,0.0,0.0
2025-02-26 00:00:00-05:00,129.79615892181477,133.53057192522448,128.29839578499454,131.084228515625,322553800,0.0,0.0
2025-02-27 00:00:00-05:00,134.7986782828192,134.80865788512716,119.83103458283094,119.9708251953125,443175800,0.0,0.0
2025-02-28 00:00:00-05:00,117.84399213493025,124.90344826210318,116.2264129341289,124.73370361328125,389091100,0.0,0.0
2025-03-03 00:00:00-05:00,123.32581202011416,123.51552349340123,112.11255593535711,113.88990020751953,411381400,0.0,0.0
2025-03-04 00:00:00-05:00,110.48499132597254,119.13207287466713,109.9457957033308,115.81702423095703,398163300,0.0,0.0
2025-03-05 00:00:00-05:00,117.40465751759531,118.10361057672029,114.3392360416895,117.12507629394531,284337900,0.0,0.0
2025-03-06 00:00:00-05:00,113.3606904001891,115.17797591196373,110.05562907278994,110.40510559082031,321181900,0.0,0.0
2025-03-07 00:00:00-05:00,111.0841023095759,113.31078025161912,107.3996024558792,112.52195739746094,341755500,0.0,0.0
2025-03-10 00:00:00-04:00,109.73610085349598,111.6831896506324,105.30272006245755,106.8204574584961,366487400,0.0,0.0
2025-03-11 00:00:00-04:00,106.83044416478043,112.0726148635708,104.6137536218378,108.59780883789062,354865700,0.0,0.0
2025-03-12 00:00:00-04:00,113.96030532134075,116.59661034457649,112.72203506897391,115.57803344726562,323857500,0.01,0.0
2025-03-13 00:00:00-04:00,116.86621875800482,117.59520049683546,113.63075517539951,115.41825103759766,299033100,0.0,0.0
2025-03-14 00:00:00-04:00,118.44401014075397,121.70943054003341,117.98465480860956,121.49972534179688,277593500,0.0,0.0
2025-03-17 00:00:00-04:00,122.56823120330081,122.71802281178023,117.86482345684047,119.36272430419922,255501500,0.0,0.0
2025-03-18 00:00:00-04:00,117.83486627342975,118.85343549406599,114.37970924440411,115.26846313476562,299686900,0.0,0.0
2025-03-19 00:00:00-04:00,117.10587965509883,120.2814296141779,115.51810848491796,117.35552978515625,273426200,0.0,0.0
2025-03-20 00:00:00-04:00,116.38688818380663,120.0317738155389,116.30699831746894,118.3641128540039,248829700,0.0,0.0
2025-03-21 00:00:00-04:00,116.77634740953133,117.82487338576216,115.25847035053427,117.5352783203125,266498500,0.0,0.0
2025-03-24 00:00:00-04:00,119.71223179694545,122.04896105750126,119.17298658297102,121.24009704589844,228452500,0.0,0.0
2025-03-25 00:00:00-04:00,120.38129943766901,121.12026171196634,118.75357566400419,120.52110290527344,167447200,0.0,0.0
2025-03-26 00:00:00-04:00,118.5638454632065,118.6736845133834,112.55226594608844,113.60079956054688,293463300,0.0,0.0
2025-03-27 00:00:00-04:00,111.19416561141583,114.28982567832341,110.50513643809545,111.27405548095703,236902100,0.0,0.0
2025-03-28 00:00:00-04:00,111.33397028810096,112.71204388720727,108.9173588485005,109.51651763916016,229872500,0.0,0.0
2025-03-31 00:00:00-04:00,104.98287310192077,110.80471613819729,103.50494855407659,108.22832489013672,299212700,0.0,0.0
2025-04-01 00:00:00-04:00,108.36813339033893,110.04578269736857,106.32100673854832,109.99585723876953,222614000,0.0,0.0
2025-04-02 00:00:00-04:00,107.1398553905561,111.82329447216486,106.64055510872038,110.26547241210938,220601200,0.0,0.0
2025-04-03 00:00:00-04:00,103.36515315702636,105.48218161280622,101.45782230020173,101.65754699707031,338769400,0.0,0.0
2025-04-04 00:00:00-04:00,98.7715853475697,99.98987163475934,91.98109847139008,94.17801666259766,532273800,0.0,0.0
2025-04-07 00:00:00-04:00,87.33759621246332,101.60759784636036,86.4987754744505,97.50334930419922,611041300,0.0,0.0
2025-04-08 00:00:00-04:00,103.66472218207363,105.70186824827938,94.3278084260022,96.16523742675781,476243400,0.0,0.0
2025-04-09 00:00:00-04:00,98.75161045127601,114.9389248904037,97.39351305704149,114.17000579833984,612918300,0.0,0.0
2025-04-10 00:00:00-04:00,109.21694044618194,110.70485307181585,99.01124202201945,107.4194564819336,437812400,0.0,0.0
2025-04-11 00:00:00-04:00,108.34815778630501,111.39389245819964,107.32958859529616,110.7747573852539,313417300,0.0,0.0
2025-04-14 00:00:00-04:00,113.9503045917023,114.1300529879136,108.91735711650354,110.55506134033203,264705000,0.0,0.0
2025-04-15 00:00:00-04:00,110.81470199440513,113.46099492172469,110.3453585264742,112.04297637939453,228966900,0.0,0.0
2025-04-16 00:00:00-04:00,104.40369410395131,106.64055727885454,100.30942561460589,104.3437728881836,397016900,0.0,0.0
2025-04-17 00:00:00-04:00,104.30381795694564,104.3237942331935,99.90998190333623,101.34796142578125,292517500,0.0,0.0
2025-04-21 00:00:00-04:00,98.63177356997639,99.3008417327631,94.90699776234818,96.77438354492188,288501100,0.0,0.0
2025-04-22 00:00:00-04:00,98.6417555090913,99.67031279819463,97.14385476914264,98.75160217285156,241004800,0.0,0.0
2025-04-23 00:00:00-04:00,104.37372584399631,104.6533403969428,101.87722447592722,102.5662612915039,247526000,0.0,0.0
2025-04-24 00:00:00-04:00,103.33517578708889,106.39089066307956,102.96569088547095,106.28104400634766,220815000,0.0,0.0
2025-04-25 00:00:00-04:00,106.70047768277183,111.76338266185121,105.58204983332996,110.85466003417969,251064700,0.0,0.0
2025-04-28 00:00:00-04:00,109.53649064316203,110.21553928394424,105.87162103934429,108.57783508300781,207708500,0.0,0.0
2025-04-29 00:00:00-04:00,107.51932238432487,110.04578062718967,107.2896485179105,108.867431640625,170444300,0.0,0.0
2025-04-30 00:00:00-04:00,104.32379376082015,108.76756286621094,103.93434018163836,108.76756286621094,235044600,0.0,0.0
2025-05-01 00:00:00-04:00,112.92174799120272,114.7791455573913,111.14424029465428,111.45380401611328,236121500,0.0,0.0
2025-05-02 00:00:00-04:00,114.02021557227994,115.23850951002053,113.21135153306962,114.33976745605469,190194800,0.0,0.0
2025-05-05 00:00:00-04:00,112.75199823422925,114.50952981770942,112.50234808238875,113.66072082519531,133163200,0.0,0.0
2025-05-06 00:00:00-04:00,111.32400387233044,114.57943650755207,110.6649237860017,113.38111877441406,158525600,0.0,0.0
2025-05-07 00:00:00-04:00,112.8918038042742,117.5153219594032,112.12287705585727,116.89618682861328,206758800,0.0,0.0
2025-05-08 00:00:00-04:00,118.08452294119296,118.51392151118237,115.68787993703612,117.20575714111328,198428100,0.0,0.0
2025-05-09 00:00:00-04:00,117.18577270674557,118.06454606438504,115.04876814493281,116.48675537109375,132972200,0.0,0.0
2025-05-12 00:00:00-04:00,121.79931583574867,122.82787322998047,120.11167839159091,122.82787322998047,225023300,0.0,0.0
2025-05-13 00:00:00-04:00,124.8051066300396,131.03637225526788,124.29581818961599,129.7481689453125,330430100,0.0,0.0
2025-05-14 00:00:00-04:00,133.01358451331882,135.25045513495294,131.49570747587302,135.1505889892578,281180800,0.0,0.0
2025-05-15 00:00:00-04:00,134.10204362723803,136.10924022234616,132.47433530494334,134.64129638671875,226632600,0.0,0.0
2025-05-16 00:00:00-04:00,136.02937003025397,136.15919297953724,133.27323795943153,135.21051025390625,226542500,0.0,0.0
2025-05-19 00:00:00-04:00,132.20472197026768,135.67984750647184,132.20472197026768,135.38027954101562,193154600,0.0,0.0
2025-05-20 00:00:00-04:00,134.1020699305735,134.39167264198855,132.43440873143513,134.19195556640625,161514200,0.0,0.0
2025-05-21 00:00:00-04:00,132.87377060547334,137.20769280906822,130.40722632757777,131.61553955078125,270608700,0.0,0.0
2025-05-22 00:00:00-04:00,132.04495280891254,134.0621302833829,131.36591171623223,132.6441192626953,187344000,0.0,0.0
2025-05-23 00:00:00-04:00,129.81807417545411,132.49431639064062,128.97925335315108,131.10626220703125,198821300,0.0,0.0
2025-05-27 00:00:00-04:00,133.96224703921547,135.47014350181522,133.1234263008756,135.31036376953125,192953600,0.0,0.0
2025-05-28 00:00:00-04:00,135.83963178227697,137.05792567392893,134.60136161311598,134.621337890625,304021100,0.0,0.0
2025-05-29 00:00:00-04:00,142.05093948600498,143.28920975153582,137.71701641280157,138.99522399902344,369241900,0.0,0.0
2025-05-30 00:00:00-04:00,138.52585950975748,139.42459384487097,132.73397369059805,134.94088745117188,333170900,0.0,0.0
2025-06-02 00:00:00-04:00,135.30038976970178,137.9266987725352,135.21050414256473,137.187744140625,197663100,0.0,0.0
2025-06-03 00:00:00-04:00,138.5857816307834,141.801276586457,137.75694135463795,141.02236938476562,225578800,0.0,0.0
2025-06-04 00:00:00-04:00,141.99100090060617,142.19071794379053,139.3447005567539,141.72137451171875,167120800,0.0,0.0
2025-06-05 00:00:00-04:00,141.97103980754113,143.79848066110154,138.63571759363617,139.79409790039062,231397900,0.0,0.0
2025-06-06 00:00:00-04:00,142.31055518995854,143.0695013401578,141.31195466595716,141.52166748046875,153986200,0.0,0.0
2025-06-09 00:00:00-04:00,142.98961854621228,144.7970831461155,141.74136782943543,142.43040466308594,185114500,0.0,0.0
2025-06-10 00:00:00-04:00,142.49031793007975,144.088069701399,141.33193761060437,143.758544921875,155881900,0.0,0.0
2025-06-11 00:00:00-04:00,144.41764573923192,144.79714515361243,141.6812848999734,142.6400146484375,167694000,0.01,0.0
2025-06-12 00:00:00-04:00,141.78116046611606,144.80712890625,141.6613249598906,144.80712890625,162365000,0.0,0.0
2025-06-13 00:00:00-04:00,142.2904745799642,143.38901749969733,140.6626531024409,141.78115844726562,180820600,0.0,0.0
2025-06-16 00:00:00-04:00,143.15931427294294,145.98553624599697,143.0095046678558,144.49752807617188,183133700,0.0,0.0
2025-06-17 00:00:00-04:00,144.2978018718573,145.0268265438421,143.58873962374116,143.92828369140625,139108000,0.0,0.0
2025-06-18 00:00:00-04:00,143.81843788371728,145.4562558084884,142.92962233744194,145.28648376464844,161494100,0.0,0.0
2025-06-20 00:00:00-04:00,145.25650804226413,146.00551033389334,142.46022977248353,143.6586456298828,242956200,0.0,0.0
2025-06-23 00:00:00-04:00,142.31044894200824,144.58741490600102,141.84107290887454,143.9782257080078,154308900,0.0,0.0
2025-06-24 00:00:00-04:00,145.36637857516104,147.76319531946535,145.3064608232896,147.70326232910156,187566100,0.0,0.0
2025-06-25 00:00:00-04:00,149.0714619384952,154.24456476496755,149.06146548674553,154.10475158691406,269146500,0.0,0.0
2025-06-26 00:00:00-04:00,155.77251147358507,156.5115326130379,153.795149532093,154.8137969970703,198145700,0.0,0.0
2025-06-27 00:00:00-04:00,155.83242906789442,158.49889084686143,155.05346784206984,157.5401611328125,263234500,0.0,0.0
2025-06-30 00:00:00-04:00,158.1893045239527,158.4489684480595,155.7525627920192,157.7798614501953,194580300,0.0,0.0
2025-07-01 00:00:00-04:00,156.08212868043222,156.9909220439906,151.2885248378942,153.0961151123047,213143600,0.0,0.0
2025-07-02 00:00:00-04:00,152.77650803107835,157.39037305932783,152.7665268185242,157.04083251953125,171224100,0.0,0.0
2025-07-03 00:00:00-04:00,158.1593559409033,160.7658851337161,157.56016311083363,159.12806701660156,143716100,0.0,0.0
2025-07-07 00:00:00-04:00,157.98957042846925,159.09809459400483,157.1307137305003,158.02952575683594,140139000,0.0,0.0
2025-07-08 00:00:00-04:00,159.11806346268276,160.00687898854957,158.17931139836438,159.78717041015625,138133000,0.0,0.0
2025-07-09 00:00:00-04:00,161.0055648799297,164.20130555952733,160.94564712320184,162.66336059570312,183656400,0.0,0.0
2025-07-10 00:00:00-04:00,164.10145299216728,164.28120626813552,161.39505073108006,163.88174438476562,167704100,0.0,0.0
2025-07-11 00:00:00-04:00,163.50223698698784,167.66668863474402,163.25256951238498,164.7006378173828,193633300,0.0,0.0
2025-07-14 00:00:00-04:00,165.15003478890583,165.2698855378492,161.80449980139463,163.85177612304688,136975800,0.0,0.0
2025-07-15 00:00:00-04:00,170.96228459346491,172.17066651150088,168.97492621614776,170.47293090820312,230627400,0.0,0.0
2025-07-16 00:00:00-04:00,170.83247408910898,171.52155877211666,168.67534340451815,171.14205932617188,158831500,0.0,0.0
2025-07-17 00:00:00-04:00,171.79120519874627,173.92835823409905,170.60278554683865,172.7698974609375,160841100,0.0,0.0
2025-07-18 00:00:00-04:00,173.40903901870553,174.01822826089457,171.03219980516573,172.18067932128906,146456400,0.0,0.0
2025-07-21 00:00:00-04:00,172.52022673163836,173.1493936504508,170.77255439137573,171.1520538330078,123126100,0.0,0.0
2025-07-22 00:00:00-04:00,171.1120956061046,171.1620321483939,164.3610926233022,166.80783081054688,193114300,0.0,0.0
2025-07-23 00:00:00-04:00,169.30450383433347,171.03219846298632,167.74658125695927,170.55284118652344,154082200,0.0,0.0
2025-07-24 00:00:00-04:00,172.21063723590794,173.59878776513457,171.07215417768242,173.5089111328125,128984600,0.0,0.0
2025-07-25 00:00:00-04:00,173.37908037175941,174.4876045602178,172.72995103806022,173.26922607421875,122316800,0.0,0.0
2025-07-28 00:00:00-04:00,173.78854323017163,176.7645753161742,173.73860668662087,176.51490783691406,140023500,0.0,0.0
2025-07-29 00:00:00-04:00,177.72328828972238,179.14139760883538,174.7871965738649,175.2765350341797,154077500,0.0,0.0
2025-07-30 00:00:00-04:00,176.27521653092245,179.65072563032518,175.80584046425426,179.03155517578125,174312200,0.0,0.0
2025-07-31 00:00:00-04:00,182.65671589592668,183.05619299307685,175.69598557745124,177.63340759277344,221685400,0.0,0.0
2025-08-01 00:00:00-04:00,173.85844036702034,176.3051785902702,170.66269971388826,173.4889373779297,204529000,0.0,0.0
2025-08-04 00:00:00-04:00,174.9270158880054,179.96030526461158,174.28786778877773,179.7605743408203,148174600,0.0,0.0
2025-08-05 00:00:00-04:00,179.38109521170273,180.02024338323596,175.66604170263633,178.0229034423828,156407600,0.0,0.0
2025-08-06 00:00:00-04:00,176.09544939411415,179.66069269115442,176.01555398070957,179.18133544921875,137192300,0.0,0.0
2025-08-07 00:00:00-04:00,181.32851054269395,183.6354356942093,178.5621905082108,180.52957153320312,151878400,0.0,0.0
2025-08-08 00:00:00-04:00,181.30852119793246,183.05619350177665,180.16004168373897,182.4569854736328,123396700,0.0,0.0
2025-08-11 00:00:00-04:00,181.80785936297346,183.59547178906817,180.01025048518693,181.81784057617188,138323200,0.0,0.0
2025-08-12 00:00:00-04:00,182.7166509044063,184.234618174838,179.22130626788388,182.9163818359375,145485700,0.0,0.0
2025-08-13 00:00:00-04:00,182.37710909748589,183.72531968234077,179.1114691947396,181.34848022460938,179871700,0.0,0.0
2025-08-14 00:00:00-04:00,179.51090820642335,182.7765629312542,179.22130065055427,181.77789306640625,129554000,0.0,0.0
2025-08-15 00:00:00-04:00,181.6380820439347,181.658044469753,177.8031781362909,180.20997619628906,156602200,0.0,0.0
2025-08-18 00:00:00-04:00,180.3597704757432,182.69665413107447,180.34977402519155,181.76788330078125,132008000,0.0,0.0
2025-08-19 00:00:00-04:00,182.1873336556069,182.25724785967336,175.25657768801665,175.4063720703125,185229200,0.0,0.0
2025-08-20 00:00:00-04:00,174.93701244991922,175.76591033294957,168.57548977611862,175.1667022705078,215142700,0.0,0.0
2025-08-21 00:00:00-04:00,174.61743669419707,176.6646977817985,173.57881147306438,174.74725341796875,140040900,0.0,0.0
2025-08-22 00:00:00-04:00,172.38040151215634,178.35244288234992,170.97227338198675,177.7532501220703,172789400,0.0,0.0
2025-08-25 00:00:00-04:00,178.11278178635797,181.6680441727565,176.33515059315872,179.57083129882812,163012800,0.0,0.0
2025-08-26 00:00:00-04:00,179.82049655621498,182.14739921043056,178.57215920342722,181.52822875976562,168688200,0.0,0.0
2025-08-27 00:00:00-04:00,181.7379436715125,182.24727507184866,178.86178472902657,181.35845947265625,235518900,0.0,0.0
2025-08-28 00:00:00-04:00,180.57950348224864,184.22464261974775,176.17536544772958,179.93035888671875,281787800,0.0,0.0
2025-08-29 00:00:00-04:00,177.87309917143955,177.91303926310266,172.91968968806756,173.9483184814453,243257900,0.0,0.0
2025-09-02 00:00:00-04:00,169.77387989783634,172.15071909272382,166.99757884564528,170.55284118652344,231164900,0.0,0.0
2025-09-03 00:00:00-04:00,170.83248363379096,172.18069419661035,168.65539040087648,170.39306640625,164424900,0.0,0.0
2025-09-04 00:00:00-04:00,170.34313981864827,171.6314173426514,169.18467902530818,171.4316864013672,141670100,0.0,0.0
2025-09-05 00:00:00-04:00,167.8065026792569,168.80517258283567,163.8517783946414,166.7978515625,224441400,0.0,0.0
2025-09-08 00:00:00-04:00,167.32715219255022,170.73262035939155,167.12742125141602,168.0861358642578,163769100,0.0,0.0
2025-09-09 00:00:00-04:00,168.86509051949957,170.75257602974241,166.51822538667548,170.53286743164062,157548400,0.0,0.0
2025-09-10 00:00:00-04:00,176.4050468150653,179.05151589898875,175.2366048852674,177.09413146972656,226852000,0.0,0.0
2025-09-11 00:00:00-04:00,179.4511179779685,180.050359799309,176.2551971559751,176.94432067871094,151159300,0.01,0.0
2025-09-12 00:00:00-04:00,177.5435512454145,178.37249577533527,176.22522541777622,177.59349060058594,124911000,0.0,0.0
2025-09-15 00:00:00-04:00,175.44622258887705,178.62217970015598,174.28769658655634,177.52357482910156,147061600,0.0,0.0
2025-09-16 00:00:00-04:00,176.77453647764895,177.27389957504343,174.15787872389456,174.65724182128906,140737800,0.0,0.0
2025-09-17 00:00:00-04:00,172.4201024269062,172.97938669910795,168.1954945771254,170.07308959960938,211843800,0.0,0.0
2025-09-18 00:00:00-04:00,173.7583871307785,176.87442336525442,172.73969733735942,176.01551818847656,191763300,0.0,0.0
2025-09-19 00:00:00-04:00,175.54609885389235,177.8531538116004,174.95683884616588,176.4449462890625,237182100,0.0,0.0
2025-09-22 00:00:00-04:00,175.07671637070237,184.31493427279133,174.48747153493287,183.37612915039062,269637000,0.0,0.0
2025-09-23 00:00:00-04:00,181.73821238324945,182.18763613663097,175.9855548133895,178.2027130126953,192559600,0.0,0.0
2025-09-24 00:00:00-04:00,179.54100413716742,179.5509859124944,175.17656050171237,176.74456787109375,143564100,0.0,0.0
2025-09-25 00:00:00-04:00,174.2577508730865,180.03038734713982,172.90947958662534,177.4636688232422,191586700,0.0,0.0
2025-09-26 00:00:00-04:00,177.94304916264082,179.54101721374016,174.70717071687335,177.96302795410156,148573700,0.0,0.0
2025-09-29 00:00:00-04:00,180.20017297627672,183.7656330630971,180.09032771672483,181.61837768554688,193063500,0.0,0.0
2025-09-30 00:00:00-04:00,181.848063160254,187.11135435179565,181.2488213615314,186.3423309326172,236981000,0.0,0.0
2025-10-01 00:00:00-04:00,185.00405809785752,187.9003581593927,183.665753326035,187.0015106201172,173844900,0.0,0.0
2025-10-02 00:00:00-04:00,189.35850113919957,190.80665113886596,187.82045419605362,188.64939880371094,136805800,0.0,0.0
2025-10-03 00:00:00-04:00,188.94900408551683,190.11751186051177,185.1438598655547,187.38099670410156,137596900,0.0,0.0
2025-10-06 00:00:00-04:00,185.2637075602064,186.9914995955013,183.09647356463947,185.30364990234375,157678100,0.0,0.0
2025-10-07 00:00:00-04:00,185.99277739696944,188.8191743935438,183.76562222076905,184.80429077148438,140088000,0.0,0.0
2025-10-08 00:00:00-04:00,186.33235229407293,189.35849142592937,186.30237648821537,188.86911010742188,130168900,0.0,0.0
2025-10-09 00:00:00-04:00,191.9851285494953,195.05122522476873,190.816620752273,192.32470703125,182997200,0.0,0.0
2025-10-10 00:00:00-04:00,193.26350393527704,195.37081685366852,181.81811007166195,182.92669677734375,268774400,0.0,0.0
2025-10-13 00:00:00-04:00,187.73056363822363,189.8678370807686,185.72312947730666,188.0801239013672,153482800,0.0,0.0
2025-10-14 00:00:00-04:00,184.5346420566055,184.56460262310264,179.47109296765566,179.80067443847656,205641400,0.0,0.0
2025-10-15 00:00:00-04:00,184.56460739230218,184.63451030281777,177.06416377208902,179.60093688964844,214450500,0.0,0.0
2025-10-16 00:00:00-04:00,181.99787810828644,183.0465437061986,179.5410200965125,181.5784149169922,179723300,0.0,0.0
2025-10-17 00:00:00-04:00,179.9504818191574,183.86550198639478,179.52103686227596,182.9866180419922,173135200,0.0,0.0
2025-10-20 00:00:00-04:00,182.89674524617425,184.96410068415813,181.49851933568945,182.40736389160156,128544700,0.0,0.0
2025-10-21 00:00:00-04:00,182.55715836486127,182.55715836486127,179.5709767314294,180.9292449951172,124240200,0.0,0.0
2025-10-22 00:00:00-04:00,180.9092591258601,183.20633238125785,176.53483359319367,180.05035400390625,162249600,0.0,0.0
2025-10-23 00:00:00-04:00,180.19017423035882,182.7968501503985,179.5609718650331,181.92796325683594,111363700,0.0,0.0
2025-10-24 00:00:00-04:00,183.60580497197222,187.23118563906056,183.26624175096782,186.02272033691406,131296700,0.0,0.0
2025-10-27 00:00:00-04:00,189.74798924630224,191.75542334831323,188.18996363054165,191.24607849121094,153452700,0.0,0.0
2025-10-28 00:00:00-04:00,192.80410966447576,202.89123585796654,191.66556232510956,200.77394104003906,297986200,0.0,0.0
2025-10-29 00:00:00-04:00,207.715080745974,211.9197249544373,204.51915980095313,206.77627563476562,308829600,0.0,0.0
2025-10-30 00:00:00-04:00,204.88867704045037,205.89740027142088,201.1534507471854,202.63156127929688,178864400,0.0,0.0
2025-10-31 00:00:00-04:00,206.18701808603035,207.70508615602077,201.81260775338424,202.23207092285156,179802200,0.0,0.0
2025-11-03 00:00:00-05:00,207.81493866642379,211.07078042213968,205.29814450690722,206.61647033691406,180267300,0.0,0.0
2025-11-04 00:00:00-05:00,202.7414122562426,203.71017785907821,197.67786326579136,198.43690490722656,188919300,0.0,0.0
2025-11-05 00:00:00-05:00,198.51681234435117,202.66152000582164,194.40205001057666,194.9613494873047,171350300,0.0,0.0
2025-11-06 00:00:00-05:00,196.16981228388872,197.3682807609907,186.14260723026618,187.84043884277344,223029800,0.0,0.0
2025-11-07 00:00:00-05:00,184.66446402160466,188.08012095739036,178.68210397488247,187.9103240966797,264942300,0.0,0.0
2025-11-10 00:00:00-05:00,194.8614791513322,199.68532876518447,193.5431531870904,198.7964630126953,198897100,0.0,0.0
2025-11-11 00:00:00-05:00,194.91140808059743,195.17107140540628,191.05632435423007,192.91395568847656,176483300,0.0,0.0
2025-11-12 00:00:00-05:00,195.47068348463264,195.64046510157328,190.8865341091802,193.55313110351562,154935300,0.0,0.0
2025-11-13 00:00:00-05:00,190.8066439854392,191.1961465947379,183.61581837719615,186.62197875976562,207423100,0.0,0.0
2025-11-14 00:00:00-05:00,182.62706393415107,190.76667594021126,180.34996953708986,189.92774963378906,186591900,0.0,0.0
2025-11-17 00:00:00-05:00,185.73311754704963,188.75925679396335,184.08522536919267,186.36231994628906,173628900,0.0,0.0
2025-11-18 00:00:00-05:00,183.14641371605563,184.5646030780414,179.42115405263684,181.1289825439453,213598900,0.0,0.0
2025-11-19 00:00:00-05:00,184.5546024199349,187.62069907956393,182.5971076589588,186.28240966796875,247246400,0.0,0.0
2025-11-20 00:00:00-05:00,195.70039225393623,195.7503316108911,179.62090987236718,180.40989685058594,343504800,0.0,0.0
2025-11-21 00:00:00-05:00,181.00912433889104,184.32488707538113,172.70969762442783,178.65213012695312,346926200,0.0,0.0
2025-11-24 00:00:00-05:00,179.26135956972516,183.26624588741998,176.25518414830518,182.3174591064453,256618300,0.0,0.0
2025-11-25 00:00:00-05:00,174.68719385821646,177.93305383278917,169.33402110596253,177.59349060058594,320600300,0.0,0.0
2025-11-26 00:00:00-05:00,181.39863013804072,182.67699835309762,178.01294919921247,180.03036499023438,183852000,0.0,0.0
2025-11-28 00:00:00-05:00,178.7819702942556,179.0616124091028,176.27517303639212,176.7745361328125,121332800,0.0,0.0
2025-12-01 00:00:00-05:00,174.53739527000454,180.07034727044882,173.45876908321011,179.69082641601562,188131000,0.0,0.0
2025-12-02 00:00:00-05:00,181.52847225165078,185.4235136530611,179.7707195907086,181.22886657714844,182632200,0.0,0.0
2025-12-03 00:00:00-05:00,180.8493441127912,182.21759414523953,178.88185225801445,179.36123657226562,165138000,0.0,0.0
2025-12-04 00:00:00-05:00,181.39873533031871,184.29521152983364,179.7407692190929,183.15660095214844,167364900,0.01,0.0
2025-12-05 00:00:00-05:00,183.66598269849337,184.43504894381925,180.6896172324408,182.1877899169922,143971100,0.0,0.0
2025-12-08 00:00:00-05:00,182.41751577930148,187.7709870845105,182.17780264974235,185.323974609375,204378100,0.0,0.0
2025-12-09 00:00:00-05:00,185.33395229946427,185.4937610485011,183.09669077375298,184.7446746826172,144719700,0.0,0.0
2025-12-10 00:00:00-05:00,184.74467463147755,185.2540478736652,181.8182359713298,183.55612182617188,162785400,0.0,0.0
2025-12-11 00:00:00-05:00,180.060377409269,181.09911899111663,176.40483245042134,180.70957946777344,182136600,0.0,0.0
2025-12-12 00:00:00-05:00,180.88937065842447,182.59729422559735,174.40727135263347,174.80679321289062,204274900,0.0,0.0
2025-12-15 00:00:00-05:00,177.72322484137152,178.20263580820242,174.81676632707214,176.07522583007812,164775600,0.0,0.0
2025-12-16 00:00:00-05:00,176.04526619844617,178.27256047932946,174.686922405521,177.5034942626953,148588100,0.0,0.0
2025-12-17 00:00:00-05:00,175.88546784627562,175.91543007880585,170.10251312474713,170.73175048828125,222775500,0.0,0.0
2025-12-18 00:00:00-05:00,174.3173807251694,175.93540231223645,171.6106906687844,173.9278564453125,176096000,0.0,0.0
2025-12-19 00:00:00-05:00,176.4547863729682,181.22896236326454,176.12518653595592,180.76953125,324925900,0.0,0.0
2025-12-22 00:00:00-05:00,183.6959478478248,183.935660967629,182.1278683380167,183.4662322998047,129064400,0.0,0.0
2025-12-23 00:00:00-05:00,182.74711840334103,189.09937165158402,182.67719635774475,188.97952270507812,174873600,0.0,0.0
2025-12-24 00:00:00-05:00,187.71105179508496,188.67987134928,186.36269028434322,188.38023376464844,65528500,0.0,0.0
2025-12-26 00:00:00-05:00,189.68863982420257,192.45526970950266,187.7709805748158,190.2978973388672,139740300,0.0,0.0
2025-12-29 00:00:00-05:00,187.4813341773615,188.53004285167208,185.68352392965699,187.99070739746094,120006100,0.0,0.0
2025-12-30 00:00:00-05:00,188.01069817319677,188.75978454971104,186.70228116711607,187.31153869628906,97687300,0.0,0.0
2025-12-31 00:00:00-05:00,189.33906392286715,190.32784810299728,186.26281429981768,186.27279663085938,120100500,0.0,0.0
2026-01-02 00:00:00-05:00,189.60873357074172,192.69496568024334,188.03065649528438,188.6199493408203,148240500,0.0,0.0
2026-01-05 00:00:00-05:00,191.52640398377517,193.39413642527967,185.9232371396652,187.89083862304688,183529700,0.0,0.0
2026-01-06 00:00:00-05:00,190.2879203285983,191.935904267691,186.5924305704924,187.0119171142578,176862600,0.0,0.0
2026-01-07 00:00:00-05:00,188.34028795646717,191.13686475404677,186.3327268208183,188.87962341308594,153543200,0.0,0.0
2026-01-08 00:00:00-05:00,188.87962438445808,189.31909080925226,183.4862088297309,184.8145751953125,172457000,0.0,0.0
2026-01-09 00:00:00-05:00,184.8545293482555,186.1129888751533,183.44624341374129,184.63479614257812,131327500,0.0,0.0
2026-01-12 00:00:00-05:00,182.99680052530172,186.89204340473577,182.79704721562317,184.71470642089844,137968500,0.0,0.0
2026-01-13 00:00:00-05:00,184.7746378408776,187.88084992986475,183.17658082293008,185.58364868164062,160128900,0.0,0.0
2026-01-14 00:00:00-05:00,184.0954710990846,184.2352999433054,180.57975484984624,182.91690063476562,159586100,0.0,0.0
2026-01-15 00:00:00-05:00,186.2727952885624,189.46889382188115,186.10300422087673,186.82212829589844,206188600,0.0,0.0
2026-01-16 00:00:00-05:00,188.84966224271636,190.20800608356458,185.85331687968656,186.0031280517578,187967200,0.0,0.0
2026-01-20 00:00:00-05:00,181.67840938923754,182.15783564218773,177.39364202987932,177.85308837890625,223345300,0.0,0.0
2026-01-21 00:00:00-05:00,178.8318922054109,185.15418310637224,178.18267486272933,183.09669494628906,200381000,0.0,0.0
2026-01-22 00:00:00-05:00,184.52493568425237,185.94320399708803,183.70592730123704,184.6148223876953,139636600,0.0,0.0
2026-01-23 00:00:00-05:00,187.27158465782284,189.3690325020707,186.59242035942677,187.44137573242188,142748100,0.0,0.0
2026-01-26 00:00:00-05:00,186.93200550896393,188.88960930416175,185.76343263076708,186.2428436279297,124799600,0.0,0.0
2026-01-27 00:00:00-05:00,187.01190478720812,189.76853699604698,185.47377232125424,188.29034423828125,143711600,0.0,0.0
2026-01-28 00:00:00-05:00,191.0369866951896,192.1156727976695,189.60872088942648,191.28668212890625,148552700,0.0,0.0
2026-01-29 00:00:00-05:00,191.10690928022157,193.244301759811,185.83334250366076,192.27548217773438,171764400,0.0,0.0
2026-01-30 00:00:00-05:00,190.97707539362895,194.25307849059112,189.23918956869622,190.8971710205078,179489500,0.0,0.0
2026-02-02 00:00:00-05:00,186.97193993484487,190.06816944570554,184.65477420739685,185.38388061523438,165794100,0.0,0.0
2026-02-03 00:00:00-05:00,186.01312186532803,186.04308409913696,176.01530661894333,180.12030029296875,204019600,0.0,0.0
2026-02-04 00:00:00-05:00,179.241398362594,179.36124730830178,171.70059231104517,173.97781372070312,207014100,0.0,0.0
2026-02-05 00:00:00-05:00,174.7168961324724,176.60460839935587,170.8216531377948,171.67062377929688,206312900,0.0,0.0
2026-02-06 00:00:00-05:00,176.4747642750831,186.77220252110314,174.38731390455436,185.18414306640625,231346200,0.0,0.0
2026-02-09 00:00:00-05:00,184.03552934237337,193.42408742490235,183.7259094221984,189.80848693847656,196387400,0.0,0.0
2026-02-10 00:00:00-05:00,191.1468699498802,192.24552080983682,187.89083145679504,188.31031799316406,136764800,0.0,0.0
2026-02-11 00:00:00-05:00,192.21556708670826,193.02457795983298,188.54005713468442,189.81849670410156,144192700,0.0,0.0
2026-02-12 00:00:00-05:00,192.79485804306626,193.3741533411549,186.28279615580217,186.7122802734375,189932500,0.0,0.0
2026-02-13 00:00:00-05:00,187.25160463564347,187.27158453858374,181.36878053627944,182.58729553222656,161888000,0.0,0.0
2026-02-17 00:00:00-05:00,181.5285959992061,186.92201173748992,178.9617194034806,184.7446746826172,162276900,0.0,0.0
2026-02-18 00:00:00-05:00,188.52005804720127,190.13807962880853,186.53247684939709,187.75099182128906,164749100,0.0,0.0
2026-02-19 00:00:00-05:00,186.8321237354349,188.20044994409497,185.43383529156333,187.6710968017578,126554500,0.0,0.0
2026-02-20 00:00:00-05:00,186.342734664171,190.09814888521723,185.71349722992974,189.58877563476562,178422300,0.0,0.0
2026-02-23 00:00:00-05:00,191.1668239815537,193.71372053376285,189.34904909171755,191.316650390625,171584800,0.0,0.0
2026-02-24 00:00:00-05:00,191.2567378902843,193.53395924081437,187.171708627792,192.61508178710938,175123600,0.0,0.0
2026-02-25 00:00:00-05:00,194.2131137016724,197.38924768090467,193.5539140704845,195.32176208496094,250637100,0.0,0.0
2026-02-26 00:00:00-05:00,194.03334246429932,194.0533071271398,184.09546670933034,184.66476440429688,360807900,0.0,0.0
2026-02-27 00:00:00-05:00,181.0292033274304,182.36756729714082,176.1651407824763,176.97415161132812,311636500,0.0,0.0
2026-03-02 00:00:00-05:00,174.79680413295333,183.2365228635074,174.42725972943845,182.25770568847656,209095300,0.0,0.0
2026-03-03 00:00:00-05:00,178.27256086028186,180.67961330625172,176.70446619030554,179.83065795898438,178099400,0.0,0.0
2026-03-04 00:00:00-05:00,180.22019302825058,184.47499807110998,179.84065106191534,182.8170166015625,177731200,0.0,0.0
2026-03-05 00:00:00-05:00,180.94928366467312,183.83576224630102,177.6632984882966,183.11663818359375,198779700,0.0,0.0
2026-03-06 00:00:00-05:00,179.62092189230134,182.53736302725528,176.6046117177772,177.6033935546875,189021900,0.0,0.0
2026-03-09 00:00:00-04:00,176.61458806542097,182.68718325690133,175.34613090826778,182.427490234375,177213600,0.0,0.0
2026-03-10 00:00:00-04:00,182.17778352587916,186.21287029543888,181.78825925636124,184.54490661621094,179118500,0.0,0.0
2026-03-11 00:00:00-04:00,185.6935753620157,187.40157611978597,184.23526832414757,185.8134307861328,145280400,0.01,0.0
2026-03-12 00:00:00-04:00,183.83574790315467,184.72471123223085,181.53842231669145,182.9268035888672,155762700,0.0,0.0
2026-03-13 00:00:00-04:00,184.70472270189353,185.87335881208497,179.73052445930352,180.0401611328125,160988400,0.0,0.0
2026-03-16 00:00:00-04:00,182.7570048934839,188.66012868968363,181.19882333613754,183.0067138671875,217307400,0.0,0.0
2026-03-17 00:00:00-04:00,184.8445618023411,185.1841623368753,181.4684917186082,181.71820068359375,182497800,0.0,0.0
2026-03-18 00:00:00-04:00,182.26756764801692,183.16652908726184,180.12007659614625,180.1899871826172,156683100,0.0,0.0
2026-03-19 00:00:00-04:00,177.80276430906588,179.77047215436778,175.5853475010711,178.3521270751953,170968500,0.0,0.0
2026-03-20 00:00:00-04:00,177.79278016290237,178.05247199547227,171.52009228430225,172.4989471435547,241323500,0.0,0.0
2026-03-23 00:00:00-04:00,177.0536408486584,178.16234927411983,174.55655117338722,175.43553161621094,182836300,0.0,0.0
2026-03-24 00:00:00-04:00,174.6264683383626,176.01484951930743,173.777451794472,174.99603271484375,147667800,0.0,0.0
2026-03-25 00:00:00-04:00,176.89383761026875,181.00903649280792,176.64412864426953,178.47198486328125,162602100,0.0,0.0
2026-03-26 00:00:00-04:00,175.86504388946904,176.30451888215924,170.9407749866337,171.04066467285156,186152200,0.0,0.0
2026-03-27 00:00:00-04:00,169.80209026823204,170.77096223786808,166.81556566439232,167.32498168945312,196212700,0.0,0.0
2026-03-30 00:00:00-04:00,168.58352034150624,169.25273855906806,164.07877596313077,164.97772216796875,185627000,0.0,0.0
2026-03-31 00:00:00-04:00,166.77563225072552,174.41672082635512,166.7656493784466,174.1969757080078,226181300,0.0,0.0
2026-04-01 00:00:00-04:00,175.79511913229018,177.16351944386196,174.54657425208924,175.54541015625,168132000,0.0,0.0
2026-04-02 00:00:00-04:00,171.97954556798163,177.28337661769746,171.170490985778,177.18348693847656,143143200,0.0,0.0
2026-04-06 00:00:00-04:00,176.953760088437,177.58301630024127,175.55538077559635,177.43319702148438,107564300,0.0,0.0
2026-04-07 00:00:00-04:00,175.52541836668527,178.0225079733855,173.4578360976707,177.89266967773438,132534900,0.0,0.0
2026-04-08 00:00:00-04:00,184.28522303450282,185.0443328296099,180.09011531444295,181.8680419921875,147732700,0.0,0.0
2026-04-09 00:00:00-04:00,181.6283100364998,183.86570786090292,180.40972906189933,183.69590759277344,116428500,0.0,0.0
2026-04-10 00:00:00-04:00,184.09543736125556,189.77881591864653,184.08545448929232,188.41041564941406,160459500,0.0,0.0
2026-04-13 00:00:00-04:00,185.81343445538195,189.43921351677633,185.52377876103736,189.08961486816406,133648200,0.0,0.0
2026-04-14 00:00:00-04:00,190.61783708872017,196.28123474121094,190.54792650193752,196.28123474121094,161307000,0.0,0.0
2026-04-15 00:00:00-04:00,196.31119931453722,200.166706463506,195.5121427945441,198.63848876953125,185338400,0.0,0.0
2026-04-16 00:00:00-04:00,197.20015246424893,199.6173486077875,195.58204328148997,198.1190948486328,134012900,0.0,0.0
2026-04-17 00:00:00-04:00,199.66727910555997,201.46518667284232,199.03802288778024,201.44520568847656,160324400,0.0,0.0
2026-04-20 00:00:00-04:00,199.7471876833392,201.9346406188145,197.6096795882359,201.82476806640625,119381400,0.0,0.0
2026-04-21 00:00:00-04:00,201.89470437258373,202.51397775047528,198.76834314349978,199.64732360839844,107945300,0.0,0.0
2026-04-22 00:00:00-04:00,200.75603026628932,202.26426696777344,198.76834136586132,202.26426696777344,107501000,0.0,0.0
2026-04-23 00:00:00-04:00,202.22431724671497,203.59271751351986,196.99041179336916,199.4075927734375,113561800,0.0,0.0
2026-04-24 00:00:00-04:00,199.72721882416832,210.70441481695215,199.57738430538978,208.0275421142578,214134400,0.0,0.0
2026-04-27 00:00:00-04:00,209.4059296471886,216.5775789683675,207.13858324348888,216.3578338623047,187172400,0.0,0.0
2026-04-28 00:00:00-04:00,209.24613572912838,214.4800260296235,207.95762889823203,212.92184448242188,180275400,0.0,0.0
2026-04-29 00:00:00-04:00,212.4523894424142,212.47237042757808,207.33835459433345,209.00640869140625,123711800,0.0,0.0
2026-04-30 00:00:00-04:00,209.68560172993963,210.05518135667162,198.46867945247158,199.33767700195312,225239200,0.0,0.0
2026-05-01 00:00:00-04:00,201.0456862731779,202.76368521944246,196.89052532216473,198.21897888183594,128647000,0.0,0.0
2026-05-04 00:00:00-04:00,199.26774870200734,201.49514834231712,194.51329562325486,198.24893188476562,125368100,0.0,0.0
2026-05-05 00:00:00-04:00,199.06798360144137,200.00689171848026,195.80178617585554,196.271240234375,113406600,0.0,0.0
2026-05-06 00:00:00-04:00,199.65729931010404,208.0275486883452,198.37879062945476,207.5880584716797,188362800,0.0,0.0
2026-05-07 00:00:00-04:00,208.0974592073836,213.95063795079753,206.25960488465944,211.2537841796875,168307900,0.0,0.0
2026-05-08 00:00:00-04:00,212.7820061205359,217.5464575316693,212.642169707093,214.94947814941406,136421400,0.0,0.0
2026-05-11 00:00:00-04:00,213.79081709888328,222.04121091513153,213.64099781886503,219.18453979492188,160685800,0.0,0.0
2026-05-12 00:00:00-04:00,218.29558003818886,223.48952345691538,214.6698009927987,220.52297973632812,159176600,0.0,0.0
2026-05-13 00:00:00-04:00,224.6681467194947,227.57476278227756,221.3120728008497,225.56710815429688,150405400,0.0,0.0
2026-05-14 00:00:00-04:00,229.58243343997336,236.26463268418732,229.03307065698914,235.465576171875,180782900,0.0,0.0
2026-05-15 00:00:00-04:00,229.49252726355346,231.23050718880455,223.97896415639156,225.05770874023438,180977600,0.0,0.0
2026-05-18 00:00:00-04:00,229.60240180074675,229.7322553439391,218.1157890335498,222.0612030029297,146280900,0.0,0.0
2026-05-19 00:00:00-04:00,219.36432694236115,224.21866983705235,217.6563261548179,220.35317993164062,140948200,0.0,0.0
2026-05-20 00:00:00-04:00,222.9201831873553,225.8667612103758,220.2433103590018,223.20985412597656,184201600,0.0,0.0
2026-05-21 00:00:00-04:00,222.03121805596584,227.13526994336974,217.6762930684293,219.25445556640625,203381800,0.0,0.0
2026-05-22 00:00:00-04:00,220.64283833374193,220.75271088945502,214.54994865072538,215.07933044433594,169275700,0.0,0.0
2026-05-26 00:00:00-04:00,216.28791550863897,217.92600574795006,211.75320730356688,214.60987854003906,187202600,0.0,0.0
2026-05-27 00:00:00-04:00,213.87072806866348,213.90069192498567,208.53694826896,212.35250854492188,167601200,0.0,0.0
2026-05-28 00:00:00-04:00,211.03403615445995,215.2691056248748,210.97410844231206,214.00057983398438,143996000,0.0,0.0
2026-05-29 00:00:00-04:00,214.33020874183248,217.6063892667686,210.88422794322287,210.8942108154297,289410600,0.0,0.0
2026-06-01 00:00:00-04:00,215.47885750139108,224.60821672379726,215.44889364463796,224.09881591796875,212850700,0.0,0.0
2026-06-02 00:00:00-04:00,226.91551751623658,232.00958636747916,221.09231801448135,222.56060791015625,193362900,0.0,0.0
2026-06-03 00:00:00-04:00,221.46188713313538,222.56061267075634,214.2602739078757,214.5,160907000,0.0,0.0
2026-06-04 00:00:00-04:00,213.91000366210938,221.60000610351562,210.97000122070312,218.66000366210938,169022200,0.25,0.0
2026-06-05 00:00:00-04:00,214.52999877929688,214.8699951171875,204.3300018310547,205.10000610351562,219655500,0.0,0.0
2026-06-08 00:00:00-04:00,210.17999267578125,210.47000122070312,206.0,208.63999938964844,138372800,0.0,0.0
2026-06-09 00:00:00-04:00,210.6199951171875,211.39999389648438,199.33999633789062,208.19000244140625,180962500,0.0,0.0
2026-06-10 00:00:00-04:00,204.42999267578125,207.22000122070312,199.9199981689453,200.4199981689453,161746600,0.0,0.0
2026-06-11 00:00:00-04:00,201.49000549316406,205.66000366210938,199.5399932861328,204.8699951171875,158643200,0.0,0.0
2026-06-12 00:00:00-04:00,204.86000061035156,207.07000732421875,203.44000244140625,205.19000244140625,112001800,0.0,0.0
2026-06-15 00:00:00-04:00,208.9199981689453,212.7100067138672,208.33999633789062,212.4499969482422,149936700,0.0,0.0
2026-06-16 00:00:00-04:00,211.17999267578125,211.49000549316406,207.2899932861328,207.41000366210938,125694100,0.0,0.0
2026-06-17 00:00:00-04:00,208.52999877929688,209.2100067138672,203.0800018310547,204.64999389648438,128363500,0.0,0.0
2026-06-18 00:00:00-04:00,207.3300018310547,211.38999938964844,206.5,210.69000244140625,241272000,0.0,0.0
2026-06-22 00:00:00-04:00,211.44500732421875,213.99000549316406,207.72000122070312,208.64999389648438,115057966,0.0,0.0
