pattern_time,entry_time,exit_time,entry_price,exit_price,stop,target,risk,pnl,return_pct,r_multiple,outcome
2010-01-05 08:00:00,2010-01-05 12:00:00,2010-01-06 00:00:00,1122.01615,1129.0322999999999,1115.0,1129.0322999999999,7.016149999999925,7.016149999999925,0.006253163111778672,1.0,target
2010-01-11 08:00:00,2010-01-11 12:00:00,2010-01-12 00:00:00,1153.8744708251952,1143.0,1143.0,1164.7489416503904,10.874470825195203,-10.874470825195203,-0.009424310096243232,-1.0,stop
2010-01-12 08:00:00,2010-01-12 12:00:00,2010-01-13 04:00:00,1143.261951171875,1127.199951171875,1127.199951171875,1159.3239511718748,16.061999999999898,-16.061999999999898,-0.014049273645060877,-1.0,stop
2010-01-14 08:00:00,2010-01-14 12:00:00,2010-01-15 00:00:00,1140.5447543945313,1132.800048828125,1132.800048828125,1148.2894599609376,7.74470556640631,-7.74470556640631,-0.006790356570021365,-1.0,stop
2010-01-22 08:00:00,2010-01-22 12:00:00,2010-01-26 00:00:00,1089.7505732910156,1096.5011465820312,1083.0,1096.5011465820312,6.750573291015598,6.750573291015598,0.0061946040281759705,1.0,target
2010-02-01 08:00:00,2010-02-01 12:00:00,2010-02-02 00:00:00,1094.749298828125,1112.6985488281248,1076.800048828125,1112.6985488281248,17.949249999999893,17.949249999999893,0.016395762956152315,1.0,target
2010-02-05 08:00:00,2010-02-05 12:00:00,2010-02-09 00:00:00,1059.415310961914,1073.630670751953,1045.199951171875,1073.630670751953,14.215359790038974,14.215359790038974,0.013418118128887432,1.0,target
2010-02-22 08:00:00,2010-02-22 12:00:00,2010-02-23 08:00:00,1119.4725732910156,1110.0,1110.0,1128.9451465820312,9.472573291015578,-9.472573291015578,-0.008461639451485793,-1.0,stop
2010-03-04 08:00:00,2010-03-04 12:00:00,2010-03-08 00:00:00,1134.6548697998046,1128.5999755859375,1128.5999755859375,1140.7097640136717,6.054894213867101,-6.054894213867101,-0.00533633122725275,-1.0,stop
2010-03-12 08:00:00,2010-03-12 12:00:00,2010-03-16 00:00:00,1109.2695244140625,1118.6390244140625,1099.9000244140625,1118.6390244140625,9.369500000000016,9.369500000000016,0.008446549547955142,1.0,target
2010-03-17 08:00:00,2010-03-17 12:00:00,2010-03-19 00:00:00,1125.8376742797852,1118.0,1118.0,1133.6753485595705,7.837674279785233,-7.837674279785233,-0.006961637950869878,-1.0,stop
2010-03-24 08:00:00,2010-03-24 12:00:00,2010-03-26 00:00:00,1089.6413946533203,1093.7827893066406,1085.5,1093.7827893066406,4.141394653320276,4.141394653320276,0.0038006950485190588,1.0,target
2010-03-31 08:00:00,2010-03-31 12:00:00,2010-04-01 00:00:00,1112.278819946289,1122.5576398925782,1102.0,1122.5576398925782,10.278819946289104,10.278819946289104,0.00924122599654056,1.0,target
2010-04-05 08:00:00,2010-04-05 12:00:00,2010-04-06 12:00:00,1128.075379309082,1136.2507342041017,1119.9000244140625,1136.2507342041017,8.175354895019609,8.175354895019609,0.007247170752035036,1.0,target
2010-04-12 08:00:00,2010-04-12 12:00:00,2010-04-13 00:00:00,1162.3097486572265,1154.5999755859375,1154.5999755859375,1170.0195217285154,7.709773071288964,-7.709773071288964,-0.006633148418651552,-1.0,stop
2010-04-16 08:00:00,2010-04-16 12:00:00,2010-04-19 04:00:00,1146.8872108154296,1130.4000244140625,1130.4000244140625,1163.3743972167968,16.487186401367126,-16.487186401367126,-0.014375595303434276,-1.0,stop
2010-04-20 08:00:00,2010-04-20 12:00:00,2010-04-21 00:00:00,1141.6703082519532,1147.3406165039064,1136.0,1147.3406165039064,5.670308251953202,5.670308251953202,0.004966677517115416,1.0,target
2010-04-27 08:00:00,2010-04-27 12:00:00,2010-04-30 00:00:00,1161.7251510864257,1174.850326586914,1148.5999755859375,1174.850326586914,13.12517550048824,13.12517550048824,0.011298004083163558,1.0,target
2010-05-03 08:00:00,2010-05-03 12:00:00,2010-05-04 00:00:00,1182.9538817626953,1177.300048828125,1177.300048828125,1188.6077146972657,5.653832934570346,-5.653832934570346,-0.004779419571408553,-1.0,stop
2010-05-25 08:00:00,2010-05-25 12:00:00,2010-05-26 00:00:00,1197.9676287231446,1200.3352818603516,1195.5999755859375,1200.3352818603516,2.3676531372070713,2.3676531372070713,0.0019763915822421994,1.0,target
2010-05-27 08:00:00,2010-05-27 12:00:00,2010-05-28 04:00:00,1213.1800999145507,1205.4000244140625,1205.4000244140625,1220.960175415039,7.780075500488238,-7.780075500488238,-0.006412960038691881,-1.0,stop
2010-06-03 08:00:00,2010-06-03 12:00:00,2010-06-04 04:00:00,1213.7489,1201.0,1201.0,1226.4978,12.748900000000049,-12.748900000000049,-0.010503737634695321,-1.0,stop
2010-06-04 08:00:00,2010-06-04 12:00:00,2010-06-07 00:00:00,1210.5817244140626,1224.2634244140627,1196.9000244140625,1224.2634244140627,13.681700000000092,13.681700000000092,0.011301756605174436,1.0,target
2010-06-08 08:00:00,2010-06-08 12:00:00,2010-06-09 08:00:00,1244.9683755859376,1234.0999755859375,1234.0999755859375,1255.8367755859376,10.868400000000065,-10.868400000000065,-0.00872986030258392,-1.0,stop
2010-06-14 08:00:00,2010-06-14 12:00:00,2010-06-15 12:00:00,1226.567951171875,1235.4359511718749,1217.699951171875,1235.4359511718749,8.867999999999938,8.867999999999938,0.007229929651697947,1.0,target
2010-06-18 08:00:00,2010-06-18 12:00:00,2010-06-21 12:00:00,1254.298089453125,1242.9000244140625,1242.9000244140625,1265.6961544921874,11.39806503906243,-11.39806503906243,-0.009087205932069941,-1.0,stop
2010-06-23 08:00:00,2010-06-23 12:00:00,2010-06-24 12:00:00,1237.3158564697267,1247.7316885253908,1226.9000244140625,1247.7316885253908,10.415832055664168,10.415832055664168,0.008418086619678758,1.0,target
2010-06-25 08:00:00,2010-06-25 12:00:00,2010-06-28 00:00:00,1250.802910583496,1243.699951171875,1243.699951171875,1257.905869995117,7.102959411620986,-7.102959411620986,-0.00567871992583346,-1.0,stop
2010-07-02 08:00:00,2010-07-02 12:00:00,2010-07-06 08:00:00,1207.4571236816407,1200.800048828125,1200.800048828125,1214.1141985351564,6.657074853515724,-6.657074853515724,-0.005513301236914922,-1.0,stop
2010-07-08 08:00:00,2010-07-08 12:00:00,2010-07-09 00:00:00,1197.753248828125,1206.2064488281248,1189.300048828125,1206.2064488281248,8.453199999999924,8.453199999999924,0.0070575471268982054,1.0,target
2010-07-29 08:00:00,2010-07-29 12:00:00,2010-07-30 08:00:00,1164.576801171875,1170.4536511718752,1158.699951171875,1170.4536511718752,5.876850000000104,5.876850000000104,0.005046339575102667,1.0,target
2010-08-02 08:00:00,2010-08-02 12:00:00,2010-08-04 08:00:00,1185.2404513671875,1195.7809515625,1174.699951171875,1195.7809515625,10.540500195312461,10.540500195312461,0.008893132345553919,1.0,target
2010-08-06 08:00:00,2010-08-06 12:00:00,2010-08-10 00:00:00,1203.9036220703124,1195.300048828125,1195.300048828125,1212.5071953124998,8.603573242187394,-8.603573242187394,-0.0071463970075878,-1.0,stop
2010-08-10 08:00:00,2010-08-10 12:00:00,2010-08-12 00:00:00,1199.8288,1208.6576,1191.0,1208.6576,8.828800000000001,8.828800000000001,0.007358383129326451,1.0,target
2010-08-20 08:00:00,2010-08-20 12:00:00,2010-08-23 04:00:00,1228.6703082519532,1223.0,1223.0,1234.3406165039064,5.670308251953202,-5.670308251953202,-0.004614995750992331,-1.0,stop
2010-09-01 08:00:00,2010-09-01 12:00:00,2010-09-03 04:00:00,1249.8969686889648,1243.5999755859375,1243.5999755859375,1256.193961791992,6.296993103027262,-6.296993103027262,-0.005038009740620677,-1.0,stop
2010-09-08 08:00:00,2010-09-08 12:00:00,2010-09-09 00:00:00,1258.020851171875,1254.699951171875,1254.699951171875,1261.3417511718749,3.320899999999938,-3.320899999999938,-0.0026397813652344827,-1.0,stop
2010-09-09 08:00:00,2010-09-09 12:00:00,2010-09-14 00:00:00,1250.5462188110353,1256.992462036133,1244.0999755859375,1256.992462036133,6.44624322509776,6.44624322509776,0.005154742086403305,1.0,target
2010-09-15 08:00:00,2010-09-15 12:00:00,2010-09-16 00:00:00,1267.4003602294922,1271.3007204589844,1263.5,1271.3007204589844,3.9003602294922075,3.9003602294922075,0.0030774492038064096,1.0,target
2010-09-16 08:00:00,2010-09-16 12:00:00,2010-09-17 04:00:00,1272.320451171875,1275.940951171875,1268.699951171875,1275.940951171875,3.6204999999999927,3.6204999999999927,0.002845588150898085,1.0,target
2010-09-17 08:00:00,2010-09-17 12:00:00,2010-09-20 08:00:00,1277.1924259887696,1280.5848031494143,1273.800048828125,1280.5848031494143,3.392377160644628,3.392377160644628,0.0026561206374351434,1.0,target
2010-09-24 08:00:00,2010-09-24 12:00:00,2010-09-28 00:00:00,1296.120635131836,1294.199951171875,1294.199951171875,1298.041319091797,1.9206839599610248,-1.9206839599610248,-0.0014818712918382483,-1.0,stop
2010-10-08 08:00:00,2010-10-08 12:00:00,2010-10-11 12:00:00,1339.128934741211,1353.257869482422,1325.0,1353.257869482422,14.12893474121097,14.12893474121097,0.010550839709800917,1.0,target
2010-10-14 08:00:00,2010-10-14 12:00:00,2010-10-15 12:00:00,1378.7491543945312,1371.300048828125,1371.300048828125,1386.1982599609373,7.4491055664061605,-7.4491055664061605,-0.005402799735298759,-1.0,stop
2010-10-20 08:00:00,2010-10-20 12:00:00,2010-10-21 08:00:00,1340.9117676757812,1334.199951171875,1334.199951171875,1347.6235841796874,6.7118165039062205,-6.7118165039062205,-0.005005412485520873,-1.0,stop
2010-10-28 08:00:00,2010-10-28 12:00:00,2010-10-29 08:00:00,1335.3128584472656,1344.7256924804688,1325.9000244140625,1344.7256924804688,9.412834033203126,9.412834033203126,0.007049160032914383,1.0,target
2010-11-08 08:00:00,2010-11-08 12:00:00,2010-11-09 04:00:00,1400.4439408447265,1387.0999755859375,1387.0999755859375,1413.7879061035155,13.343965258789012,-13.343965258789012,-0.00952838230050118,-1.0,stop
2010-11-10 08:00:00,2010-11-10 12:00:00,2010-11-11 12:00:00,1397.72734609375,1411.4546921874999,1384.0,1411.4546921874999,13.72734609374993,13.72734609374993,0.009821190185706785,1.0,target
2010-11-15 08:00:00,2010-11-15 12:00:00,2010-11-16 04:00:00,1366.0104334838868,1355.300048828125,1355.300048828125,1376.7208181396486,10.7103846557618,-10.7103846557618,-0.007840631662267708,-1.0,stop
2010-11-18 08:00:00,2010-11-18 12:00:00,2010-11-19 04:00:00,1351.070351171875,1347.699951171875,1347.699951171875,1354.440751171875,3.370400000000018,-3.370400000000018,-0.002494614730518393,-1.0,stop
2010-11-23 08:00:00,2010-11-23 12:00:00,2010-11-29 00:00:00,1371.9399,1364.5,1364.5,1379.3798000000002,7.43990000000008,-7.43990000000008,-0.005422905187027565,-1.0,stop
2010-11-30 08:00:00,2010-11-30 12:00:00,2010-12-01 12:00:00,1378.8414857910157,1394.8829227539063,1362.800048828125,1394.8829227539063,16.041436962890657,16.041436962890657,0.011633996458764789,1.0,target
2010-12-02 08:00:00,2010-12-02 12:00:00,2010-12-03 12:00:00,1392.7309236816407,1402.1617985351563,1383.300048828125,1402.1617985351563,9.430874853515661,9.430874853515661,0.0067714981358965145,1.0,target
2010-12-06 08:00:00,2010-12-06 12:00:00,2010-12-07 04:00:00,1420.0832133789063,1430.1664267578126,1410.0,1430.1664267578126,10.083213378906294,10.083213378906294,0.007100438399602357,1.0,target
2010-12-21 08:00:00,2010-12-21 12:00:00,2010-12-23 08:00:00,1386.352,1381.5,1381.5,1391.2040000000002,4.852000000000089,-4.852000000000089,-0.0034998326543331628,-1.0,stop
2010-12-29 08:00:00,2010-12-29 12:00:00,2010-12-30 00:00:00,1408.1051934204102,1413.3103624267578,1402.9000244140625,1413.3103624267578,5.20516900634766,5.20516900634766,0.0036965768116399393,1.0,target
2011-01-03 08:00:00,2011-01-03 12:00:00,2011-01-04 00:00:00,1419.3538517700194,1413.699951171875,1413.699951171875,1425.007752368164,5.653900598144446,-5.653900598144446,-0.003983432736729952,-1.0,stop
2011-01-10 08:00:00,2011-01-10 12:00:00,2011-01-11 00:00:00,1370.427658984375,1375.1553667968751,1365.699951171875,1375.1553667968751,4.727707812500057,4.727707812500057,0.0034498047244637233,1.0,target
2011-01-11 08:00:00,2011-01-11 12:00:00,2011-01-13 00:00:00,1380.23350982666,1386.5669952392577,1373.9000244140625,1386.5669952392577,6.333485412597611,6.333485412597611,0.004588705728056854,1.0,target
2011-01-18 08:00:00,2011-01-18 12:00:00,2011-01-19 04:00:00,1366.43102109375,1373.6620910156248,1359.199951171875,1373.6620910156248,7.231069921874905,7.231069921874905,0.005291939227262893,1.0,target
2011-01-28 08:00:00,2011-01-28 12:00:00,2011-02-03 12:00:00,1328.3869841552735,1349.074017138672,1307.699951171875,1349.074017138672,20.687032983398467,20.687032983398467,0.015573047033845662,1.0,target
2011-02-07 08:00:00,2011-02-07 12:00:00,2011-02-08 08:00:00,1349.559048828125,1355.318048828125,1343.800048828125,1355.318048828125,5.7590000000000146,5.7590000000000146,0.00426731976270381,1.0,target
2011-02-09 08:00:00,2011-02-09 12:00:00,2011-02-10 08:00:00,1363.337718811035,1359.5999755859375,1359.5999755859375,1367.0754620361326,3.7377432250975744,-3.7377432250975744,-0.0027416121284733874,-1.0,stop
2011-02-14 08:00:00,2011-02-14 12:00:00,2011-02-15 08:00:00,1361.9207755859375,1367.2415755859374,1356.5999755859375,1367.2415755859374,5.320799999999963,5.320799999999963,0.003906835181151269,1.0,target
2011-02-16 08:00:00,2011-02-16 12:00:00,2011-02-17 12:00:00,1376.9055,1383.3110000000001,1370.5,1383.3110000000001,6.405500000000075,6.405500000000075,0.004652098491871864,1.0,target
2011-02-18 08:00:00,2011-02-18 12:00:00,2011-02-22 00:00:00,1387.928048828125,1394.0560488281249,1381.800048828125,1394.0560488281249,6.127999999999929,6.127999999999929,0.004415214466754244,1.0,target
2011-02-25 08:00:00,2011-02-25 12:00:00,2011-02-28 04:00:00,1406.381,1411.7620000000002,1401.0,1411.7620000000002,5.3810000000000855,5.3810000000000855,0.0038261324633936927,1.0,target
2011-03-02 08:00:00,2011-03-02 12:00:00,2011-03-03 08:00:00,1436.0118987304688,1428.800048828125,1428.800048828125,1443.2237486328127,7.211849902343829,-7.211849902343829,-0.005022137984176586,-1.0,stop
2011-03-04 08:00:00,2011-03-04 12:00:00,2011-03-07 00:00:00,1424.368648828125,1431.9372488281251,1416.800048828125,1431.9372488281251,7.56860000000006,7.56860000000006,0.005313652477697397,1.0,target
2011-03-11 08:00:00,2011-03-11 12:00:00,2011-03-14 12:00:00,1415.4757452392578,1426.051466064453,1404.9000244140625,1426.051466064453,10.575720825195276,10.575720825195276,0.007471495616060636,1.0,target
2011-03-30 08:00:00,2011-03-30 12:00:00,2011-03-31 12:00:00,1422.7531086914062,1433.5062173828123,1412.0,1433.5062173828123,10.753108691406169,10.753108691406169,0.0075579583173755755,1.0,target
2011-04-05 08:00:00,2011-04-05 12:00:00,2011-04-08 08:00:00,1446.9557341430664,1463.6114194580077,1430.300048828125,1463.6114194580077,16.655685314941366,16.655685314941366,0.01151084647714216,1.0,target
2011-04-14 08:00:00,2011-04-14 12:00:00,2011-04-15 08:00:00,1466.4749400390624,1480.2499289062498,1452.699951171875,1480.2499289062498,13.774988867187403,13.774988867187403,0.00939326577706161,1.0,target
2011-04-18 08:00:00,2011-04-18 12:00:00,2011-04-20 12:00:00,1489.633469921875,1501.7669398437502,1477.5,1501.7669398437502,12.133469921875076,12.133469921875076,0.00814527208663714,1.0,target
2011-04-26 08:00:00,2011-04-26 12:00:00,2011-04-27 08:00:00,1501.3958276367186,1507.7916552734373,1495.0,1507.7916552734373,6.39582763671865,6.39582763671865,0.0042599210141578995,1.0,target
2011-04-28 08:00:00,2011-04-28 12:00:00,2011-04-29 00:00:00,1531.598908569336,1536.5978415527343,1526.5999755859375,1536.5978415527343,4.99893298339839,4.99893298339839,0.0032638655952477048,1.0,target
2011-04-29 08:00:00,2011-04-29 12:00:00,2011-05-02 00:00:00,1554.874574169922,1572.449099511719,1537.300048828125,1572.449099511719,17.57452534179697,17.57452534179697,0.011302857242475152,1.0,target
2011-05-06 08:00:00,2011-05-06 12:00:00,2011-05-09 00:00:00,1484.630048828125,1496.9600488281249,1472.300048828125,1496.9600488281249,12.329999999999927,12.329999999999927,0.008305099313955329,1.0,target
2011-05-12 08:00:00,2011-05-12 12:00:00,2011-05-13 00:00:00,1492.1350026855469,1499.4699565429687,1484.800048828125,1499.4699565429687,7.334953857421851,7.334953857421851,0.004915744114453713,1.0,target
2011-05-20 08:00:00,2011-05-20 12:00:00,2011-05-24 00:00:00,1502.586351171875,1516.4727511718752,1488.699951171875,1516.4727511718752,13.886400000000094,13.886400000000094,0.009241665205577048,1.0,target
2011-05-25 08:00:00,2011-05-25 12:00:00,2011-05-26 00:00:00,1526.8533287231446,1526.0999755859375,1526.0999755859375,1527.6066818603517,0.7533531372071138,-0.7533531372071138,-0.0004934024264381159,-1.0,stop
2011-06-01 08:00:00,2011-06-01 12:00:00,2011-06-02 12:00:00,1541.9996155395509,1529.699951171875,1529.699951171875,1554.2992799072267,12.29966436767586,-12.29966436767586,-0.007976438024838394,-1.0,stop
2011-06-03 08:00:00,2011-06-03 12:00:00,2011-06-06 12:00:00,1536.8066170654297,1548.6132341308594,1525.0,1548.6132341308594,11.806617065429691,11.806617065429691,0.007682565219542533,1.0,target
2011-06-09 08:00:00,2011-06-09 12:00:00,2011-06-10 08:00:00,1542.2005176391601,1534.4000244140625,1534.4000244140625,1550.0010108642578,7.800493225097625,-7.800493225097625,-0.005058027886697133,-1.0,stop
2011-06-14 08:00:00,2011-06-14 12:00:00,2011-06-15 12:00:00,1520.8446811523438,1528.5893867187501,1513.0999755859375,1528.5893867187501,7.74470556640631,7.74470556640631,0.005092371142422083,1.0,target
2011-06-16 08:00:00,2011-06-16 12:00:00,2011-06-17 08:00:00,1527.1243728027343,1532.2487456054687,1522.0,1532.2487456054687,5.124372802734342,5.124372802734342,0.003355570046550675,1.0,target
2011-06-22 08:00:00,2011-06-22 12:00:00,2011-06-23 08:00:00,1552.076051123047,1544.4000244140625,1544.4000244140625,1559.7520778320313,7.676026708984409,-7.676026708984409,-0.004945651151198559,-1.0,stop
2011-07-06 08:00:00,2011-07-06 12:00:00,2011-07-08 08:00:00,1521.9176220703125,1533.5351953125,1510.300048828125,1533.5351953125,11.617573242187518,11.617573242187518,0.007633509904684439,1.0,target
2011-07-12 08:00:00,2011-07-12 12:00:00,2011-07-13 00:00:00,1554.3142,1566.6284,1542.0,1566.6284,12.314200000000028,12.314200000000028,0.007922593771581079,1.0,target
2011-07-13 08:00:00,2011-07-13 12:00:00,2011-07-14 08:00:00,1579.1368475708007,1587.4736463134764,1570.800048828125,1587.4736463134764,8.336798742675683,8.336798742675683,0.005279338998073694,1.0,target
2011-07-20 08:00:00,2011-07-20 12:00:00,2011-07-21 00:00:00,1590.6739620361327,1598.947899658203,1582.4000244140625,1598.947899658203,8.273937622070207,8.273937622070207,0.0052015295525924135,1.0,target
2011-07-29 08:00:00,2011-07-29 12:00:00,2011-08-01 12:00:00,1624.200712915039,1610.5999755859375,1610.5999755859375,1637.8014502441406,13.600737329101548,-13.600737329101548,-0.008373803324277321,-1.0,stop
2011-08-02 08:00:00,2011-08-02 12:00:00,2011-08-03 12:00:00,1643.7983236816406,1670.7965985351561,1616.800048828125,1670.7965985351561,26.998274853515568,26.998274853515568,0.016424323145096724,1.0,target
2011-08-05 08:00:00,2011-08-05 12:00:00,2011-08-08 00:00:00,1656.9763060668945,1671.252660961914,1642.699951171875,1671.252660961914,14.276354895019495,14.276354895019495,0.008615907688448948,1.0,target
2011-08-15 08:00:00,2011-08-15 12:00:00,2011-08-16 08:00:00,1751.9827397705078,1773.4654795410156,1730.5,1773.4654795410156,21.482739770507806,21.482739770507806,0.012261958570049514,1.0,target
2011-08-17 08:00:00,2011-08-17 12:00:00,2011-08-18 08:00:00,1789.1942985595704,1796.3885971191407,1782.0,1796.3885971191407,7.19429855957037,7.19429855957037,0.004020971095963304,1.0,target
2011-08-22 08:00:00,2011-08-22 12:00:00,2011-08-23 00:00:00,1878.325051123047,1898.2500778320314,1858.4000244140625,1898.2500778320314,19.925026708984433,19.925026708984433,0.010607869333942652,1.0,target
2011-08-30 08:00:00,2011-08-30 12:00:00,2011-09-02 08:00:00,1816.2993755859375,1849.4987755859374,1783.0999755859375,1849.4987755859374,33.19939999999997,33.19939999999997,0.01827859462281093,1.0,target
2011-09-08 08:00:00,2011-09-08 12:00:00,2011-09-09 04:00:00,1856.133,1877.266,1835.0,1877.266,21.133000000000038,21.133000000000038,0.011385498776219182,1.0,target
2011-09-13 08:00:00,2011-09-13 12:00:00,2011-09-14 00:00:00,1823.4217768432618,1838.743578100586,1808.0999755859375,1838.743578100586,15.321801257324296,15.321801257324296,0.008402774087654944,1.0,target
2011-09-20 08:00:00,2011-09-20 12:00:00,2011-09-22 00:00:00,1794.3995082519532,1776.0,1776.0,1812.7990165039064,18.399508251953193,-18.399508251953193,-0.01025385270523029,-1.0,stop
2011-09-29 08:00:00,2011-09-29 12:00:00,2011-10-03 08:00:00,1612.3133873291015,1639.626774658203,1585.0,1639.626774658203,27.313387329101488,27.313387329101488,0.016940495280726924,1.0,target
2011-10-06 08:00:00,2011-10-06 12:00:00,2011-10-07 00:00:00,1646.9707622070312,1656.3415488281248,1637.5999755859375,1656.3415488281248,9.370786621093657,9.370786621093657,0.005689710367739795,1.0,target
2011-10-26 08:00:00,2011-10-26 12:00:00,2011-10-27 08:00:00,1717.2201967773437,1725.540369140625,1708.9000244140625,1725.540369140625,8.320172363281245,8.320172363281245,0.004845140057690601,1.0,target
2011-11-02 08:00:00,2011-11-02 12:00:00,2011-11-03 08:00:00,1734.4184763183594,1745.6370014648437,1723.199951171875,1745.6370014648437,11.218525146484353,11.218525146484353,0.006468176682652652,1.0,target
2011-11-09 16:00:00,2011-11-09 20:00:00,2011-11-10 00:00:00,1783.9092313232422,1774.199951171875,1774.199951171875,1793.6185114746095,9.709280151367238,-9.709280151367238,-0.0054426985302190685,-1.0,stop
2011-11-23 08:00:00,2011-11-23 12:00:00,2011-11-25 12:00:00,1692.1303095581054,1681.5999755859375,1681.5999755859375,1702.6606435302733,10.53033397216791,-10.53033397216791,-0.0062231223639731825,-1.0,stop
2011-11-29 08:00:00,2011-11-29 12:00:00,2011-11-30 04:00:00,1712.0596936645509,1704.0,1704.0,1720.1193873291018,8.059693664550878,-8.059693664550878,-0.004707600847316039,-1.0,stop
2011-11-30 08:00:00,2011-11-30 12:00:00,2011-12-02 12:00:00,1728.868661376953,1757.8372983398435,1699.9000244140625,1757.8372983398435,28.968636962890514,28.968636962890514,0.01675583438467704,1.0,target
2011-12-07 08:00:00,2011-12-07 12:00:00,2011-12-08 00:00:00,1732.6122240600587,1745.2244481201174,1720.0,1745.2244481201174,12.61222406005868,12.61222406005868,0.0072793114840805214,1.0,target
2011-12-15 08:00:00,2011-12-15 12:00:00,2011-12-19 04:00:00,1582.4395409301758,1599.279106274414,1565.5999755859375,1599.279106274414,16.83956534423828,16.83956534423828,0.010641522098430247,1.0,target
2012-01-03 08:00:00,2012-01-03 12:00:00,2012-01-04 08:00:00,1587.2297170654297,1608.4594341308593,1566.0,1608.4594341308593,21.229717065429668,21.229717065429668,0.01337532736262052,1.0,target
2012-01-05 08:00:00,2012-01-05 12:00:00,2012-01-10 08:00:00,1613.8456341430665,1629.891219458008,1597.800048828125,1629.891219458008,16.04558531494149,16.04558531494149,0.009942453587552389,1.0,target
2012-01-11 08:00:00,2012-01-11 12:00:00,2012-01-12 08:00:00,1640.7310342407227,1647.6620196533204,1633.800048828125,1647.6620196533204,6.930985412597693,6.930985412597693,0.00422432761248106,1.0,target
2012-01-17 08:00:00,2012-01-17 12:00:00,2012-01-19 00:00:00,1651.282948425293,1660.4659212646484,1642.0999755859375,1660.4659212646484,9.182972839355443,9.182972839355443,0.005561114070797236,1.0,target
2012-01-31 08:00:00,2012-01-31 12:00:00,2012-02-02 08:00:00,1738.971819946289,1752.9436398925782,1725.0,1752.9436398925782,13.971819946289088,13.971819946289088,0.008034529246552501,1.0,target
2012-02-07 08:00:00,2012-02-07 12:00:00,2012-02-10 12:00:00,1733.2412992919922,1713.199951171875,1713.199951171875,1753.2826474121093,20.041348120117163,-20.041348120117163,-0.011562930174987066,-1.0,stop
2012-02-21 08:00:00,2012-02-21 12:00:00,2012-02-22 08:00:00,1749.6115903930663,1765.6232052001951,1733.5999755859375,1765.6232052001951,16.011614807128808,16.011614807128808,0.00915152534142258,1.0,target
2012-03-07 08:00:00,2012-03-07 12:00:00,2012-03-08 00:00:00,1679.3772996459961,1685.6546237060547,1673.0999755859375,1685.6546237060547,6.277324060058618,6.277324060058618,0.0037378878834326535,1.0,target
2012-03-15 08:00:00,2012-03-15 12:00:00,2012-03-19 12:00:00,1652.5057897705078,1665.0115795410156,1640.0,1665.0115795410156,12.505789770507818,12.505789770507818,0.007567773648916875,1.0,target
2012-03-23 08:00:00,2012-03-23 12:00:00,2012-03-26 08:00:00,1657.0592469116211,1667.8184449951173,1646.300048828125,1667.8184449951173,10.75919808349613,10.75919808349613,0.006492947131219847,1.0,target
2012-03-30 08:00:00,2012-03-30 12:00:00,2012-04-02 00:00:00,1665.4636,1671.9272,1659.0,1671.9272,6.463600000000042,6.463600000000042,0.003880961433200967,1.0,target
2012-04-02 08:00:00,2012-04-02 12:00:00,2012-04-03 08:00:00,1674.8211500976563,1662.0,1662.0,1687.6423001953126,12.8211500976563,-12.8211500976563,-0.007655235364629064,-1.0,stop
2012-04-10 08:00:00,2012-04-10 12:00:00,2012-04-12 08:00:00,1650.724751171875,1665.2495511718748,1636.199951171875,1665.2495511718748,14.524799999999914,14.524799999999914,0.008799044171166958,1.0,target
2012-04-20 08:00:00,2012-04-20 12:00:00,2012-04-23 08:00:00,1643.6194161621095,1640.9000244140625,1640.9000244140625,1646.3388079101564,2.7193917480469736,-2.7193917480469736,-0.001654514251478495,-1.0,stop
2012-05-04 08:00:00,2012-05-04 12:00:00,2012-05-08 08:00:00,1638.8316359863281,1629.4000244140625,1629.4000244140625,1648.2632475585938,9.431611572265638,-9.431611572265638,-0.005755082685226075,-1.0,stop
2012-05-18 08:00:00,2012-05-18 12:00:00,2012-05-23 00:00:00,1582.5394861328125,1568.199951171875,1568.199951171875,1596.87902109375,14.339534960937499,-14.339534960937499,-0.009061091420839324,-1.0,stop
2012-05-23 08:00:00,2012-05-23 12:00:00,2012-05-24 00:00:00,1542.2405064697266,1550.0809885253907,1534.4000244140625,1550.0809885253907,7.840482055664097,7.840482055664097,0.0050838257864276905,1.0,target
2012-05-25 08:00:00,2012-05-25 12:00:00,2012-05-29 00:00:00,1563.488198828125,1569.676348828125,1557.300048828125,1569.676348828125,6.1881499999999505,6.1881499999999505,0.003957912828915581,1.0,target
2012-06-01 08:00:00,2012-06-01 12:00:00,2012-08-22 04:00:00,1595.22825,1644.9564999999998,1545.5,1644.9564999999998,49.72824999999989,49.72824999999989,0.031173125225183226,1.0,target
2012-08-23 08:00:00,2012-08-23 12:00:00,2012-08-27 00:00:00,1666.4127820556641,1674.8255641113283,1658.0,1674.8255641113283,8.412782055664138,8.412782055664138,0.005048438265869664,1.0,target
2012-08-28 08:00:00,2012-08-28 12:00:00,2012-08-30 00:00:00,1665.475217138672,1659.199951171875,1659.199951171875,1671.750483105469,6.275265966796951,-6.275265966796951,-0.0037678531041596733,-1.0,stop
2012-08-31 08:00:00,2012-08-31 12:00:00,2012-09-06 08:00:00,1673.158881225586,1700.1178112792968,1646.199951171875,1700.1178112792968,26.9589300537109,26.9589300537109,0.016112594181111797,1.0,target
2012-10-01 08:00:00,2012-10-01 12:00:00,2012-10-09 12:00:00,1779.6014700927735,1763.300048828125,1763.300048828125,1795.902891357422,16.301421264648525,-16.301421264648525,-0.009160152730037195,-1.0,stop
2012-11-07 08:00:00,2012-11-07 12:00:00,2012-11-09 00:00:00,1716.8304992919923,1729.9610474121096,1703.699951171875,1729.9610474121096,13.130548120117282,13.130548120117282,0.007648133071687753,1.0,target
2012-11-13 08:00:00,2012-11-13 12:00:00,2012-11-14 12:00:00,1723.963982495117,1729.4279649902342,1718.5,1729.4279649902342,5.4639824951170795,5.4639824951170795,0.0031694296114057915,1.0,target
2012-11-16 08:00:00,2012-11-16 12:00:00,2012-11-19 00:00:00,1711.0218380126953,1715.143651611328,1706.9000244140625,1715.143651611328,4.121813598632798,4.121813598632798,0.002408977785707382,1.0,target
2012-11-29 08:00:00,2012-11-29 12:00:00,2012-11-30 04:00:00,1724.0245885009765,1730.349225830078,1717.699951171875,1730.349225830078,6.324637329101506,6.324637329101506,0.003668530815213442,1.0,target
2012-12-03 08:00:00,2012-12-03 12:00:00,2012-12-04 00:00:00,1718.6018335327149,1714.5,1714.5,1722.7036670654297,4.101833532714863,-4.101833532714863,-0.0023867270781872943,-1.0,stop
2012-12-06 08:00:00,2012-12-06 12:00:00,2012-12-07 04:00:00,1695.00359765625,1686.4000244140625,1686.4000244140625,1703.6071708984373,8.603573242187394,-8.603573242187394,-0.005075843646635266,-1.0,stop
2012-12-12 08:00:00,2012-12-12 12:00:00,2012-12-13 00:00:00,1715.656246142578,1708.0,1708.0,1723.3124922851562,7.656246142578084,-7.656246142578084,-0.004462575856784902,-1.0,stop
2012-12-17 08:00:00,2012-12-17 12:00:00,2012-12-18 00:00:00,1694.7641,1700.0282000000002,1689.5,1700.0282000000002,5.264100000000099,5.264100000000099,0.0031060960047478575,1.0,target
2012-12-21 08:00:00,2012-12-21 12:00:00,2012-12-26 12:00:00,1649.9314544067383,1664.0628599853517,1635.800048828125,1664.0628599853517,14.13140557861334,14.13140557861334,0.008564844036926693,1.0,target
2013-01-02 08:00:00,2013-01-02 12:00:00,2013-01-03 12:00:00,1684.6703500976562,1670.0,1670.0,1699.3407001953124,14.670350097656183,-14.670350097656183,-0.008708142870090745,-1.0,stop
2013-01-14 08:00:00,2013-01-14 12:00:00,2013-01-15 08:00:00,1669.8346588867187,1675.5693421874998,1664.0999755859375,1675.5693421874998,5.734683300781171,5.734683300781171,0.0034342821130593213,1.0,target
2013-01-17 08:00:00,2013-01-17 12:00:00,2013-01-24 12:00:00,1684.8036257202148,1671.0,1671.0,1698.6072514404295,13.803625720214768,-13.803625720214768,-0.008193017577531646,-1.0,stop
2013-02-01 08:00:00,2013-02-01 12:00:00,2013-02-11 08:00:00,1672.4350313110351,1659.9000244140625,1659.9000244140625,1684.9700382080077,12.535006896972618,-12.535006896972618,-0.007495063582318248,-1.0,stop
2013-02-12 08:00:00,2013-02-12 12:00:00,2013-02-13 00:00:00,1646.6832244140626,1650.9664244140627,1642.4000244140625,1650.9664244140627,4.283200000000079,4.283200000000079,0.002601107448291498,1.0,target
2013-02-21 08:00:00,2013-02-21 12:00:00,2013-02-25 08:00:00,1570.968951171875,1586.737951171875,1555.199951171875,1586.737951171875,15.769000000000005,15.769000000000005,0.010037754080522732,1.0,target
2013-02-26 08:00:00,2013-02-26 12:00:00,2013-02-28 08:00:00,1603.8291723632813,1589.0,1589.0,1618.6583447265625,14.829172363281259,-14.829172363281259,-0.0092461046468123,-1.0,stop
2013-03-15 08:00:00,2013-03-15 12:00:00,2013-03-18 00:00:00,1592.8002165161133,1595.4004818603516,1590.199951171875,1595.4004818603516,2.6002653442383235,2.6002653442383235,0.0016325119228862298,1.0,target
2013-03-21 08:00:00,2013-03-21 12:00:00,2013-03-22 00:00:00,1613.0523892211913,1611.9000244140625,1611.9000244140625,1614.2047540283202,1.1523648071288335,-1.1523648071288335,-0.0007144001117565775,-1.0,stop
2013-03-27 08:00:00,2013-03-27 12:00:00,2013-04-02 08:00:00,1600.8714253295898,1590.300048828125,1590.300048828125,1611.4428018310546,10.571376501464783,-10.571376501464783,-0.006603513770188216,-1.0,stop
2013-04-05 08:00:00,2013-04-05 12:00:00,2013-04-09 12:00:00,1568.7080255859375,1587.3160755859376,1550.0999755859375,1587.3160755859376,18.60805000000005,18.60805000000005,0.011862022566659365,1.0,target
2013-04-11 08:00:00,2013-04-11 12:00:00,2013-04-12 08:00:00,1561.9102404785156,1554.800048828125,1554.800048828125,1569.0204321289061,7.110191650390561,-7.110191650390561,-0.0045522408817885995,-1.0,stop
2013-04-16 08:00:00,2013-04-16 12:00:00,2013-04-19 00:00:00,1366.446,1409.8919999999998,1323.0,1409.8919999999998,43.44599999999991,43.44599999999991,0.0317948898090374,1.0,target
2013-04-24 08:00:00,2013-04-24 12:00:00,2013-04-25 00:00:00,1426.2219351074218,1432.0438458007811,1420.4000244140625,1432.0438458007811,5.821910693359314,5.821910693359314,0.004082051011872014,1.0,target
2013-05-02 08:00:00,2013-05-02 12:00:00,2013-05-03 04:00:00,1464.4102499023438,1475.3204998046876,1453.5,1475.3204998046876,10.910249902343821,10.910249902343821,0.007450268736558889,1.0,target
2013-05-06 08:00:00,2013-05-06 12:00:00,2013-05-07 00:00:00,1472.4991953125,1466.800048828125,1466.800048828125,1478.198341796875,5.699146484374978,-5.699146484374978,-0.00387039021991824,-1.0,stop
2013-05-08 08:00:00,2013-05-08 12:00:00,2013-05-10 08:00:00,1465.191151171875,1450.699951171875,1450.699951171875,1479.6823511718749,14.491199999999935,-14.491199999999935,-0.00989031362113382,-1.0,stop
2013-05-23 08:00:00,2013-05-23 12:00:00,2013-05-30 08:00:00,1387.529148828125,1397.258248828125,1377.800048828125,1397.258248828125,9.729100000000017,9.729100000000017,0.007011816658566769,1.0,target
2013-06-05 08:00:00,2013-06-05 12:00:00,2013-06-06 04:00:00,1404.385430480957,1395.5999755859375,1395.5999755859375,1413.1708853759765,8.785454895019484,-8.785454895019484,-0.006255729164044907,-1.0,stop
2013-06-06 08:00:00,2013-06-06 12:00:00,2013-06-07 12:00:00,1408.6427622070312,1391.5999755859375,1391.5999755859375,1425.6855488281249,17.042786621093683,-17.042786621093683,-0.012098728704211288,-1.0,stop
2013-06-10 08:00:00,2013-06-10 12:00:00,2013-06-11 08:00:00,1382.0364833984374,1375.5999755859375,1375.5999755859375,1388.4729912109374,6.43650781249994,-6.43650781249994,-0.004657263313825494,-1.0,stop
2013-06-12 08:00:00,2013-06-12 12:00:00,2013-06-13 12:00:00,1384.300897314453,1373.699951171875,1373.699951171875,1394.9018434570312,10.600946142578096,-10.600946142578096,-0.007657978235182795,-1.0,stop
2013-06-14 08:00:00,2013-06-14 12:00:00,2013-06-18 08:00:00,1384.7761655273437,1377.800048828125,1377.800048828125,1391.7522822265623,6.9761166992186645,-6.9761166992186645,-0.005037721527046975,-1.0,stop
2013-06-21 08:00:00,2013-06-21 12:00:00,2013-06-26 08:00:00,1287.7621596069337,1268.9000244140625,1268.9000244140625,1306.6242947998048,18.862135192871165,-18.862135192871165,-0.014647219637691866,-1.0,stop
2013-06-28 08:00:00,2013-06-28 12:00:00,2013-07-01 00:00:00,1209.3113831054688,1235.4228150390627,1183.199951171875,1235.4228150390627,26.11143193359385,26.11143193359385,0.02159198391611978,1.0,target
2013-07-03 08:00:00,2013-07-03 12:00:00,2013-07-05 08:00:00,1250.2219646972655,1240.300048828125,1240.300048828125,1260.143880566406,9.921915869140548,-9.921915869140548,-0.007936123463918735,-1.0,stop
2013-07-08 08:00:00,2013-07-08 12:00:00,2013-07-09 08:00:00,1227.3552201904297,1239.3104159667969,1215.4000244140625,1239.3104159667969,11.95519577636719,11.95519577636719,0.009740615902959444,1.0,target
2013-07-19 08:00:00,2013-07-19 12:00:00,2013-07-22 00:00:00,1291.8173368896485,1293.634673779297,1290.0,1293.634673779297,1.817336889648459,1.817336889648459,0.0014068063941796302,1.0,target
2013-07-23 08:00:00,2013-07-23 12:00:00,2013-07-24 12:00:00,1336.1411583862305,1327.9000244140625,1327.9000244140625,1344.3822923583984,8.241133972167972,-8.241133972167972,-0.006167861771522314,-1.0,stop
2013-08-15 08:00:00,2013-08-15 12:00:00,2013-08-19 04:00:00,1350.6692641845702,1381.438503955078,1319.9000244140625,1381.438503955078,30.76923977050774,30.76923977050774,0.02278073588139568,1.0,target
2013-08-23 08:00:00,2013-08-23 12:00:00,2013-08-26 04:00:00,1387.8068724975585,1401.7137205810545,1373.9000244140625,1401.7137205810545,13.906848083496016,13.906848083496016,0.010020737293560622,1.0,target
2013-08-27 08:00:00,2013-08-27 12:00:00,2013-08-28 12:00:00,1412.0033256713866,1425.3067001708982,1398.699951171875,1425.3067001708982,13.30337449951162,13.30337449951162,0.009421631137579696,1.0,target
2013-09-03 08:00:00,2013-09-03 12:00:00,2013-09-05 08:00:00,1400.0930652954103,1382.300048828125,1382.300048828125,1417.8860817626955,17.79301646728527,-17.79301646728527,-0.012708452679558885,-1.0,stop
2013-09-06 08:00:00,2013-09-06 12:00:00,2013-09-10 08:00:00,1380.51759765625,1368.9000244140625,1368.9000244140625,1392.1351708984375,11.617573242187518,-11.617573242187518,-0.008415374973785958,-1.0,stop
2013-09-23 16:00:00,2013-09-23 20:00:00,2013-09-24 08:00:00,1323.2995875366212,1317.5999755859375,1317.5999755859375,1328.9991994873048,5.699611950683675,-5.699611950683675,-0.004307121383823407,-1.0,stop
2013-09-27 08:00:00,2013-09-27 12:00:00,2013-09-30 04:00:00,1334.0129991699218,1348.3260471679687,1319.699951171875,1348.3260471679687,14.31304799804684,14.31304799804684,0.01072931673600858,1.0,target
2013-10-02 08:00:00,2013-10-02 12:00:00,2013-10-11 08:00:00,1305.2724,1280.0,1280.0,1330.5448000000001,25.27240000000006,-25.27240000000006,-0.019361782260928877,-1.0,stop
2013-10-14 08:00:00,2013-10-14 12:00:00,2013-10-15 00:00:00,1280.9353188476562,1273.9000244140625,1273.9000244140625,1287.9706132812498,7.035294433593663,-7.035294433593663,-0.005492310446965186,-1.0,stop
2013-10-16 16:00:00,2013-10-16 20:00:00,2013-10-17 00:00:00,1276.8964598632813,1284.5929685546876,1269.199951171875,1284.5929685546876,7.6965086914062795,7.6965086914062795,0.006027511966185851,1.0,target
2013-10-28 08:00:00,2013-10-28 12:00:00,2013-10-29 12:00:00,1354.4243340332032,1349.0,1349.0,1359.8486680664064,5.424334033203195,-5.424334033203195,-0.004004900013166937,-1.0,stop
2013-10-30 08:00:00,2013-10-30 12:00:00,2013-10-31 00:00:00,1347.469538623047,1335.5999755859375,1335.5999755859375,1359.3391016601563,11.869563037109401,-11.869563037109401,-0.008808780233532165,-1.0,stop
2013-11-04 08:00:00,2013-11-04 12:00:00,2013-11-05 08:00:00,1316.9904697998047,1312.0999755859375,1312.0999755859375,1321.880964013672,4.890494213867214,-4.890494213867214,-0.003713386183129037,-1.0,stop
2013-11-06 08:00:00,2013-11-06 12:00:00,2013-11-07 00:00:00,1315.8427866210936,1319.1855732421873,1312.5,1319.1855732421873,3.3427866210936372,3.3427866210936372,0.0025404148999269597,1.0,target
2013-11-14 08:00:00,2013-11-14 12:00:00,2013-11-18 08:00:00,1287.0862588867187,1278.0999755859375,1278.0999755859375,1296.0725421875,8.986283300781224,-8.986283300781224,-0.006981881158885203,-1.0,stop
2013-11-22 08:00:00,2013-11-22 12:00:00,2013-11-25 00:00:00,1244.4486511230468,1241.4000244140625,1241.4000244140625,1247.4972778320312,3.0486267089843295,-3.0486267089843295,-0.002449781038561222,-1.0,stop
2013-11-25 08:00:00,2013-11-25 12:00:00,2013-11-26 00:00:00,1235.510996862793,1242.021993725586,1229.0,1242.021993725586,6.510996862793036,6.510996862793036,0.005269881756880955,1.0,target
2013-11-29 08:00:00,2013-11-29 12:00:00,2013-12-02 08:00:00,1245.3417385009766,1233.699951171875,1233.699951171875,1256.9835258300782,11.64178732910159,-11.64178732910159,-0.009348267201832374,-1.0,stop
2013-12-03 08:00:00,2013-12-03 12:00:00,2013-12-04 00:00:00,1221.1983920532227,1226.796808520508,1215.5999755859375,1226.796808520508,5.598416467285233,5.598416467285233,0.004584362789630369,1.0,target
2013-12-04 08:00:00,2013-12-04 12:00:00,2013-12-10 12:00:00,1234.7325244140625,1256.5650244140625,1212.9000244140625,1256.5650244140625,21.832499999999982,21.832499999999982,0.017681967202054963,1.0,target
2013-12-13 08:00:00,2013-12-13 12:00:00,2013-12-16 12:00:00,1231.6634186767578,1241.1268861816407,1222.199951171875,1241.1268861816407,9.463467504882829,9.463467504882829,0.0076834850831649605,1.0,target
2013-12-18 08:00:00,2013-12-18 12:00:00,2013-12-19 08:00:00,1234.2196650390624,1217.0,1217.0,1251.4393300781248,17.21966503906242,-17.21966503906242,-0.013951864102341479,-1.0,stop
2013-12-24 08:00:00,2013-12-24 12:00:00,2013-12-26 00:00:00,1202.4415458251954,1207.1831404785157,1197.699951171875,1207.1831404785157,4.741594653320362,4.741594653320362,0.003943305743038315,1.0,target
2013-12-27 08:00:00,2013-12-27 12:00:00,2013-12-30 08:00:00,1216.2258499145507,1212.9000244140625,1212.9000244140625,1219.551675415039,3.3258255004882358,-3.3258255004882358,-0.0027345459732844033,-1.0,stop
2013-12-31 08:00:00,2013-12-31 12:00:00,2014-01-02 12:00:00,1200.7112150268554,1219.4224300537107,1182.0,1219.4224300537107,18.71121502685537,18.71121502685537,0.01558344320656393,1.0,target
2014-01-06 08:00:00,2014-01-06 12:00:00,2014-01-08 12:00:00,1235.6548110351562,1221.9000244140625,1221.9000244140625,1249.4095976562498,13.754786621093672,-13.754786621093672,-0.01113157695681268,-1.0,stop
2014-01-16 08:00:00,2014-01-16 12:00:00,2014-01-17 08:00:00,1241.1166271972656,1243.2332543945313,1239.0,1243.2332543945313,2.116627197265643,2.116627197265643,0.0017054216750326575,1.0,target
2014-01-27 08:00:00,2014-01-27 12:00:00,2014-01-28 08:00:00,1260.3390244140626,1254.4000244140625,1254.4000244140625,1266.2780244140627,5.939000000000078,-5.939000000000078,-0.0047122241594964075,-1.0,stop
2014-02-03 08:00:00,2014-02-03 12:00:00,2014-02-05 12:00:00,1255.1129353027343,1269.0259194335936,1241.199951171875,1269.0259194335936,13.912984130859286,13.912984130859286,0.011085045607870707,1.0,target
2014-02-10 08:00:00,2014-02-10 12:00:00,2014-02-11 08:00:00,1272.307366796875,1278.9147824218749,1265.699951171875,1278.9147824218749,6.6074156249999305,6.6074156249999305,0.005193254238269935,1.0,target
2014-02-12 08:00:00,2014-02-12 12:00:00,2014-02-13 12:00:00,1291.228753857422,1296.9575077148438,1285.5,1296.9575077148438,5.728753857421907,5.728753857421907,0.004436668437182649,1.0,target
2014-02-18 08:00:00,2014-02-18 12:00:00,2014-02-19 04:00:00,1324.1337544921876,1313.9000244140625,1313.9000244140625,1334.3674845703126,10.233730078125063,-10.233730078125063,-0.0077286226133928245,-1.0,stop
2014-02-20 08:00:00,2014-02-20 12:00:00,2014-02-21 12:00:00,1317.642529711914,1325.6850838378905,1309.5999755859375,1325.6850838378905,8.042554125976494,8.042554125976494,0.00610374509369768,1.0,target
2014-02-24 08:00:00,2014-02-24 12:00:00,2014-02-25 12:00:00,1331.9635297607422,1342.5270351074219,1321.4000244140625,1342.5270351074219,10.563505346679676,10.563505346679676,0.00793077671471769,1.0,target
2014-02-27 08:00:00,2014-02-27 12:00:00,2014-02-28 12:00:00,1330.7765500854491,1324.5999755859375,1324.5999755859375,1336.9531245849607,6.1765744995116165,-6.1765744995116165,-0.004641331032707947,-1.0,stop
2014-03-03 08:00:00,2014-03-03 12:00:00,2014-03-04 12:00:00,1344.6511573486328,1332.9000244140625,1332.9000244140625,1356.402290283203,11.75113293457025,-11.75113293457025,-0.008739168423236994,-1.0,stop
2014-03-06 08:00:00,2014-03-06 12:00:00,2014-03-07 12:00:00,1343.3831953125,1333.300048828125,1333.300048828125,1353.466341796875,10.083146484374993,-10.083146484374993,-0.00750578577993112,-1.0,stop
2014-03-10 08:00:00,2014-03-10 12:00:00,2014-03-11 12:00:00,1338.5882921875,1346.676584375,1330.5,1346.676584375,8.088292187499974,8.088292187499974,0.006042404699567642,1.0,target
2014-03-14 08:00:00,2014-03-14 12:00:00,2014-03-17 04:00:00,1380.2635755859376,1389.4271755859377,1371.0999755859375,1389.4271755859377,9.163600000000088,9.163600000000088,0.006639021823139856,1.0,target
2014-03-28 08:00:00,2014-03-28 12:00:00,2014-03-31 12:00:00,1293.0793244140625,1285.9000244140625,1285.9000244140625,1300.2586244140625,7.179300000000012,-7.179300000000012,-0.005552095578709522,-1.0,stop
2014-04-24 08:00:00,2014-04-24 12:00:00,2014-04-25 12:00:00,1287.7051244140625,1303.0102244140626,1272.4000244140625,1303.0102244140626,15.305100000000039,15.305100000000039,0.011885562703623032,1.0,target
2014-04-30 16:00:00,2014-04-30 20:00:00,2014-05-01 08:00:00,1292.2701584716797,1286.5999755859375,1286.5999755859375,1297.9403413574219,5.670182885742179,-5.670182885742179,-0.004387768957265171,-1.0,stop
2014-05-12 08:00:00,2014-05-12 12:00:00,2014-05-14 08:00:00,1289.070370385742,1296.9407895996092,1281.199951171875,1296.9407895996092,7.8704192138670805,7.8704192138670805,0.006105500052345422,1.0,target
2014-05-20 08:00:00,2014-05-20 12:00:00,2014-05-21 00:00:00,1292.645829711914,1290.0999755859375,1290.0999755859375,1295.1916838378907,2.5458541259765752,-2.5458541259765752,-0.001969490843863982,-1.0,stop
2014-06-03 08:00:00,2014-06-03 12:00:00,2014-06-04 04:00:00,1244.3801,1248.2602000000002,1240.5,1248.2602000000002,3.880100000000084,3.880100000000084,0.003118098722408116,1.0,target
2014-06-05 08:00:00,2014-06-05 12:00:00,2014-06-10 12:00:00,1250.5955060668946,1259.9910609619142,1241.199951171875,1259.9910609619142,9.395554895019586,9.395554895019586,0.007512864750784588,1.0,target
2014-06-11 08:00:00,2014-06-11 12:00:00,2014-06-12 08:00:00,1262.2667547607423,1265.433533935547,1259.0999755859375,1265.433533935547,3.1667791748047875,3.1667791748047875,0.002508803438624222,1.0,target
2014-06-13 08:00:00,2014-06-13 12:00:00,2014-06-16 00:00:00,1273.2152138183594,1275.1303788085938,1271.300048828125,1275.1303788085938,1.915164990234416,1.915164990234416,0.001504195810298917,1.0,target
2014-06-17 16:00:00,2014-06-17 20:00:00,2014-06-19 00:00:00,1267.674440612793,1274.4488568115235,1260.9000244140625,1274.4488568115235,6.774416198730478,6.774416198730478,0.005343971592150844,1.0,target
2014-06-25 08:00:00,2014-06-25 12:00:00,2014-06-30 04:00:00,1318.134353137207,1312.0,1312.0,1324.268706274414,6.134353137206972,-6.134353137206972,-0.004653814781935538,-1.0,stop
2014-06-30 08:00:00,2014-06-30 12:00:00,2014-07-10 08:00:00,1321.7304314453124,1331.6608140624999,1311.800048828125,1331.6608140624999,9.930382617187433,9.930382617187433,0.007513167875183564,1.0,target
2014-07-16 08:00:00,2014-07-16 12:00:00,2014-07-17 00:00:00,1300.3533972167968,1303.806770019531,1296.9000244140625,1303.806770019531,3.453372802734293,3.453372802734293,0.0026557186762657735,1.0,target
2014-08-01 08:00:00,2014-08-01 12:00:00,2014-08-06 12:00:00,1289.6456155395508,1299.5912799072266,1279.699951171875,1299.5912799072266,9.945664367675818,9.945664367675818,0.007711935936381124,1.0,target
2014-08-07 08:00:00,2014-08-07 12:00:00,2014-08-08 04:00:00,1308.6045259399414,1314.7090518798827,1302.5,1314.7090518798827,6.104525939941368,6.104525939941368,0.0046649127516631686,1.0,target
2014-08-13 08:00:00,2014-08-13 12:00:00,2014-08-14 12:00:00,1309.3937675048828,1313.7875350097656,1305.0,1313.7875350097656,4.393767504882817,4.393767504882817,0.003355573864732354,1.0,target
2014-08-22 08:00:00,2014-08-22 12:00:00,2014-08-25 04:00:00,1277.722,1275.0,1275.0,1280.444,2.72199999999998,-2.72199999999998,-0.002130353864142576,-1.0,stop
2014-09-03 08:00:00,2014-09-03 12:00:00,2014-09-04 04:00:00,1267.5343755859376,1271.9687755859377,1263.0999755859375,1271.9687755859377,4.434400000000096,4.434400000000096,0.003498445553360417,1.0,target
2014-09-29 08:00:00,2014-09-29 12:00:00,2014-09-30 00:00:00,1218.941774169922,1214.800048828125,1214.800048828125,1223.0834995117189,4.141725341796928,-4.141725341796928,-0.003397804086759903,-1.0,stop
2014-10-01 08:00:00,2014-10-01 12:00:00,2014-10-03 08:00:00,1212.7385787353517,1205.5,1205.5,1219.9771574707033,7.238578735351666,-7.238578735351666,-0.005968787389364724,-1.0,stop
2014-10-06 08:00:00,2014-10-06 12:00:00,2014-10-07 12:00:00,1196.6096220703125,1210.4191953125,1182.800048828125,1210.4191953125,13.809573242187525,13.809573242187525,0.011540583484775019,1.0,target
2014-10-20 08:00:00,2014-10-20 12:00:00,2014-10-21 00:00:00,1240.375970288086,1245.3519161621093,1235.4000244140625,1245.3519161621093,4.9759458740234095,4.9759458740234095,0.004011643238193104,1.0,target
2014-10-23 08:00:00,2014-10-23 12:00:00,2014-10-24 00:00:00,1228.2433904418945,1228.5867564697264,1227.9000244140625,1228.5867564697264,0.34336602783196213,0.34336602783196213,0.000279558620468885,1.0,target
2014-11-03 08:00:00,2014-11-03 12:00:00,2014-11-05 08:00:00,1168.199576184082,1163.0999755859375,1163.0999755859375,1173.2991767822264,5.099600598144434,-5.099600598144434,-0.004365350494991835,-1.0,stop
2014-11-06 08:00:00,2014-11-06 12:00:00,2014-11-07 00:00:00,1143.1608110351563,1137.9000244140625,1137.9000244140625,1148.42159765625,5.260786621093757,-5.260786621093757,-0.004601965506786402,-1.0,stop
2014-11-07 08:00:00,2014-11-07 12:00:00,2014-11-14 12:00:00,1154.135501879883,1175.2710037597658,1133.0,1175.2710037597658,21.135501879882895,21.135501879882895,0.0183128426822127,1.0,target
2014-11-21 08:00:00,2014-11-21 12:00:00,2014-11-28 08:00:00,1197.127114807129,1189.0,1189.0,1205.2542296142578,8.127114807128919,-8.127114807128919,-0.006788848658263238,-1.0,stop
2014-12-01 08:00:00,2014-12-01 12:00:00,2014-12-09 12:00:00,1188.0149442749023,1234.3299373779296,1141.699951171875,1234.3299373779296,46.31499310302729,46.31499310302729,0.03898519402152417,1.0,target
2015-01-08 08:00:00,2015-01-08 12:00:00,2015-01-09 12:00:00,1211.9757098632813,1217.6513708984376,1206.300048828125,1217.6513708984376,5.675661035156281,5.675661035156281,0.004682982496238751,1.0,target
2015-01-12 08:00:00,2015-01-12 12:00:00,2015-01-13 00:00:00,1227.2916217285156,1235.4832678710936,1219.0999755859375,1235.4832678710936,8.191646142578065,8.191646142578065,0.006674571876438759,1.0,target
2015-01-14 08:00:00,2015-01-14 12:00:00,2015-01-15 08:00:00,1236.3598588867187,1247.1197421875,1225.5999755859375,1247.1197421875,10.759883300781212,10.759883300781212,0.008702873377391885,1.0,target
2015-01-20 08:00:00,2015-01-20 12:00:00,2015-01-21 04:00:00,1287.397148828125,1300.994248828125,1273.800048828125,1300.994248828125,13.597099999999955,13.597099999999955,0.010561698083902815,1.0,target
2015-01-22 08:00:00,2015-01-22 12:00:00,2015-01-26 12:00:00,1293.6258267089843,1283.5,1283.5,1303.7516534179686,10.125826708984278,-10.125826708984278,-0.0078274772348544,-1.0,stop
2015-02-04 08:00:00,2015-02-04 12:00:00,2015-02-06 08:00:00,1265.4165661865234,1256.800048828125,1256.800048828125,1274.0330835449217,8.616517358398369,-8.616517358398369,-0.006809233882851102,-1.0,stop
2015-02-09 08:00:00,2015-02-09 12:00:00,2015-02-10 04:00:00,1239.13776763916,1242.8755108642576,1235.4000244140625,1242.8755108642576,3.7377432250975744,3.7377432250975744,0.0030164065067751324,1.0,target
2015-02-27 08:00:00,2015-02-27 12:00:00,2015-03-02 04:00:00,1212.3988989990235,1220.297797998047,1204.5,1220.297797998047,7.898898999023459,7.898898999023459,0.006515099119229587,1.0,target
2015-03-03 08:00:00,2015-03-03 12:00:00,2015-03-06 00:00:00,1204.4231,1195.0,1195.0,1213.8462,9.423099999999977,-9.423099999999977,-0.007823745658813731,-1.0,stop
2015-03-18 08:00:00,2015-03-18 12:00:00,2015-03-20 12:00:00,1163.729469921875,1180.4589398437502,1147.0,1180.4589398437502,16.72946992187508,16.72946992187508,0.014375737965111584,1.0,target
2015-03-24 08:00:00,2015-03-24 12:00:00,2015-03-25 08:00:00,1190.2014,1194.4027999999998,1186.0,1194.4027999999998,4.201399999999921,4.201399999999921,0.0035299908065978764,1.0,target
2015-03-27 08:00:00,2015-03-27 12:00:00,2015-03-30 08:00:00,1198.378698828125,1196.300048828125,1196.300048828125,1200.4573488281249,2.078649999999925,-2.078649999999925,-0.0017345518591348487,-1.0,stop
2015-04-15 08:00:00,2015-04-15 12:00:00,2015-04-16 04:00:00,1197.5769255859375,1206.5538755859375,1188.5999755859375,1206.5538755859375,8.976949999999988,8.976949999999988,0.00749592765876634,1.0,target
2015-04-23 08:00:00,2015-04-23 12:00:00,2015-04-24 08:00:00,1192.3380595581054,1186.0999755859375,1186.0999755859375,1198.5761435302734,6.238083972167942,-6.238083972167942,-0.005231808145485056,-1.0,stop
2015-05-07 08:00:00,2015-05-07 12:00:00,2015-05-08 12:00:00,1183.328149291992,1186.9563474121092,1179.699951171875,1186.9563474121092,3.6281981201170765,3.6281981201170765,0.003066096350608998,1.0,target
2015-05-15 08:00:00,2015-05-15 12:00:00,2015-05-18 12:00:00,1221.4243885986327,1228.0487283691405,1214.800048828125,1228.0487283691405,6.624339770507731,6.624339770507731,0.005423454642254182,1.0,target
2015-05-29 08:00:00,2015-05-29 12:00:00,2015-06-01 04:00:00,1189.9537258300782,1194.2075004882813,1185.699951171875,1194.2075004882813,4.253774658203156,4.253774658203156,0.003574739559923511,1.0,target
2015-06-02 08:00:00,2015-06-02 12:00:00,2015-06-03 08:00:00,1191.1161500976561,1186.0,1186.0,1196.2323001953123,5.116150097656146,-5.116150097656146,-0.004295257097501942,-1.0,stop
2015-06-15 08:00:00,2015-06-15 12:00:00,2015-06-18 08:00:00,1182.4817614013673,1192.2635716308596,1172.699951171875,1192.2635716308596,9.781810229492294,9.781810229492294,0.008272271546835363,1.0,target
2015-07-08 08:00:00,2015-07-08 12:00:00,2015-07-15 12:00:00,1156.6042591552734,1146.4000244140625,1146.4000244140625,1166.8084938964844,10.20423474121094,-10.20423474121094,-0.008822580982594348,-1.0,stop
2015-07-31 08:00:00,2015-07-31 12:00:00,2015-08-11 12:00:00,1093.687370666504,1108.2747657470704,1079.0999755859375,1108.2747657470704,14.587395080566466,14.587395080566466,0.013337810668579598,1.0,target
2015-08-12 08:00:00,2015-08-12 12:00:00,2015-08-19 08:00:00,1113.8142,1126.1284,1101.5,1126.1284,12.314200000000028,12.314200000000028,0.011055883467817188,1.0,target
2015-08-21 08:00:00,2015-08-21 12:00:00,2015-08-24 12:00:00,1160.204,1150.5,1150.5,1169.908,9.70399999999995,-9.70399999999995,-0.008364046322888001,-1.0,stop
2015-08-28 08:00:00,2015-08-28 12:00:00,2015-09-01 08:00:00,1131.789708569336,1139.9794415527344,1123.5999755859375,1139.9794415527344,8.189732983398471,8.189732983398471,0.007236090698996447,1.0,target
2015-09-08 08:00:00,2015-09-08 12:00:00,2015-09-09 08:00:00,1121.1700591552735,1116.4000244140625,1116.4000244140625,1125.9400938964845,4.7700347412110204,-4.7700347412110204,-0.004254514917036691,-1.0,stop
2015-09-10 08:00:00,2015-09-10 12:00:00,2015-09-11 08:00:00,1110.0568,1105.5,1105.5,1114.6136000000001,4.556800000000067,-4.556800000000067,-0.004105015166791525,-1.0,stop
2015-10-02 08:00:00,2015-10-02 12:00:00,2015-10-06 12:00:00,1127.6205486328124,1149.4410484374998,1105.800048828125,1149.4410484374998,21.820499804687415,21.820499804687415,0.019350924237008415,1.0,target
2015-10-07 08:00:00,2015-10-07 12:00:00,2015-10-08 00:00:00,1148.7014240600586,1143.0,1143.0,1154.4028481201171,5.701424060058571,-5.701424060058571,-0.0049633646660826964,-1.0,stop
2015-10-08 08:00:00,2015-10-08 12:00:00,2015-10-09 00:00:00,1143.530351171875,1148.360751171875,1138.699951171875,1148.360751171875,4.830400000000054,4.830400000000054,0.004224111756237972,1.0,target
2015-10-14 08:00:00,2015-10-14 12:00:00,2015-10-21 12:00:00,1180.1290599609374,1167.300048828125,1167.300048828125,1192.9580710937498,12.829011132812411,-12.829011132812411,-0.010870854356587962,-1.0,stop
2015-10-22 08:00:00,2015-10-22 12:00:00,2015-10-23 04:00:00,1166.2764267089844,1169.052853417969,1163.5,1169.052853417969,2.776426708984445,2.776426708984445,0.002380590609053984,1.0,target
2015-10-26 08:00:00,2015-10-26 12:00:00,2015-10-27 04:00:00,1167.3092211914063,1163.800048828125,1163.800048828125,1170.8183935546876,3.5091723632813228,-3.5091723632813228,-0.003006206324404522,-1.0,stop
2015-10-27 08:00:00,2015-10-27 12:00:00,2015-10-28 00:00:00,1164.8507489990234,1167.7014979980468,1162.0,1167.7014979980468,2.8507489990233807,2.8507489990233807,0.002447308379612649,1.0,target
2015-11-25 08:00:00,2015-11-25 12:00:00,2015-11-27 04:00:00,1070.38335,1072.2667000000001,1068.5,1072.2667000000001,1.883350000000064,1.883350000000064,0.0017595098055290788,1.0,target
2015-11-30 08:00:00,2015-11-30 12:00:00,2015-12-01 04:00:00,1061.6778842773438,1071.25579296875,1052.0999755859375,1071.25579296875,9.577908691406265,9.577908691406265,0.009021482723948513,1.0,target
2015-12-03 08:00:00,2015-12-03 12:00:00,2015-12-04 08:00:00,1056.3990847045898,1066.5982182373045,1046.199951171875,1066.5982182373045,10.199133532714768,10.199133532714768,0.009654621705363218,1.0,target
2015-12-08 08:00:00,2015-12-08 12:00:00,2015-12-09 12:00:00,1074.9134450683594,1080.2269145507812,1069.5999755859375,1080.2269145507812,5.313469482421851,5.313469482421851,0.004943160313790605,1.0,target
2015-12-10 08:00:00,2015-12-10 12:00:00,2015-12-11 00:00:00,1074.320166796875,1071.699951171875,1071.699951171875,1076.9403824218748,2.6202156249999007,-2.6202156249999007,-0.0024389522844127276,-1.0,stop
2015-12-11 08:00:00,2015-12-11 12:00:00,2015-12-14 12:00:00,1073.3625244140626,1064.4000244140625,1064.4000244140625,1082.3250244140627,8.962500000000091,-8.962500000000091,-0.008349928189353012,-1.0,stop
2015-12-16 08:00:00,2015-12-16 12:00:00,2015-12-17 08:00:00,1072.3207944335938,1064.300048828125,1064.300048828125,1080.3415400390627,8.020745605468846,-8.020745605468846,-0.007479800491704026,-1.0,stop
2015-12-18 08:00:00,2015-12-18 12:00:00,2015-12-21 08:00:00,1063.485291015625,1074.2706308593752,1052.699951171875,1074.2706308593752,10.78533984375008,10.78533984375008,0.01014150354016661,1.0,target
2015-12-24 08:00:00,2015-12-24 12:00:00,2015-12-28 00:00:00,1076.0808893066405,1078.661778613281,1073.5,1078.661778613281,2.580889306640529,2.580889306640529,0.0023984157067444,1.0,target
2016-01-15 08:00:00,2016-01-15 12:00:00,2016-01-20 00:00:00,1090.467448828125,1099.134848828125,1081.800048828125,1099.134848828125,8.667400000000043,8.667400000000043,0.007948334459056525,1.0,target
2016-01-26 08:00:00,2016-01-26 12:00:00,2016-01-28 00:00:00,1118.4883935546875,1122.67673828125,1114.300048828125,1122.67673828125,4.188344726562491,4.188344726562491,0.003744647464111308,1.0,target
2016-02-01 08:00:00,2016-02-01 12:00:00,2016-02-03 08:00:00,1123.9509700927733,1132.6018913574217,1115.300048828125,1132.6018913574217,8.650921264648332,8.650921264648332,0.007696884912990703,1.0,target
2016-02-04 08:00:00,2016-02-04 12:00:00,2016-02-05 08:00:00,1150.6645057861328,1160.3290115722657,1141.0,1160.3290115722657,9.66450578613285,9.66450578613285,0.008399064833871858,1.0,target
2016-02-08 08:00:00,2016-02-08 12:00:00,2016-02-11 00:00:00,1186.374534741211,1207.7490694824219,1165.0,1207.7490694824219,21.374534741210937,21.374534741210937,0.01801668369919408,1.0,target
2016-02-18 08:00:00,2016-02-18 12:00:00,2016-02-24 12:00:00,1224.641240625,1247.6825056640623,1201.5999755859375,1247.6825056640623,23.04126503906241,23.04126503906241,0.018814706115321756,1.0,target
2016-03-02 08:00:00,2016-03-02 12:00:00,2016-03-03 08:00:00,1236.232224951172,1246.4644499023439,1226.0,1246.4644499023439,10.23222495117193,10.23222495117193,0.008276944043887933,1.0,target
2016-03-04 08:00:00,2016-03-04 12:00:00,2016-03-09 04:00:00,1267.7838244140626,1250.9000244140625,1250.9000244140625,1284.6676244140626,16.883800000000065,-16.883800000000065,-0.013317570136851468,-1.0,stop
2016-03-10 08:00:00,2016-03-10 12:00:00,2016-03-11 04:00:00,1257.7208,1277.9416,1237.5,1277.9416,20.220800000000054,20.220800000000054,0.016077336082857222,1.0,target
2016-03-17 08:00:00,2016-03-17 12:00:00,2016-03-18 12:00:00,1264.2055758544923,1255.9000244140625,1255.9000244140625,1272.511127294922,8.305551440429781,-8.305551440429781,-0.006569779155432024,-1.0,stop
2016-03-28 08:00:00,2016-03-28 12:00:00,2016-03-29 08:00:00,1216.4879340332031,1222.9758680664063,1210.0,1222.9758680664063,6.487934033203146,6.487934033203146,0.005333332005762469,1.0,target
2016-03-31 08:00:00,2016-03-31 12:00:00,2016-04-01 08:00:00,1233.7940349731446,1224.5,1224.5,1243.0880699462891,9.294034973144562,-9.294034973144562,-0.007532890182393256,-1.0,stop
2016-04-19 08:00:00,2016-04-19 12:00:00,2016-04-21 08:00:00,1243.889175048828,1258.9783012695311,1228.800048828125,1258.9783012695311,15.089126220703065,15.089126220703065,0.012130603371567046,1.0,target
2016-04-28 08:00:00,2016-04-28 12:00:00,2016-04-29 08:00:00,1255.3048670166015,1272.109734033203,1238.5,1272.109734033203,16.80486701660152,16.80486701660152,0.013387080268827855,1.0,target
2016-05-02 08:00:00,2016-05-02 12:00:00,2016-05-03 12:00:00,1299.0296244140625,1290.4000244140625,1290.4000244140625,1307.6592244140625,8.629599999999982,-8.629599999999982,-0.006643112549409665,-1.0,stop
2016-05-06 08:00:00,2016-05-06 12:00:00,2016-05-09 08:00:00,1287.14759765625,1276.9000244140625,1276.9000244140625,1297.3951708984373,10.2475732421874,-10.2475732421874,-0.00796145932358268,-1.0,stop
2016-05-12 08:00:00,2016-05-12 12:00:00,2016-05-16 12:00:00,1273.208853857422,1282.4177077148438,1264.0,1282.4177077148438,9.2088538574219,9.2088538574219,0.007232791249858162,1.0,target
2016-05-17 08:00:00,2016-05-17 12:00:00,2016-05-18 08:00:00,1277.1169259887695,1270.800048828125,1270.800048828125,1283.433803149414,6.316877160644481,-6.316877160644481,-0.00494620111291206,-1.0,stop
2016-05-19 08:00:00,2016-05-19 12:00:00,2016-05-20 00:00:00,1251.9056,1256.3112,1247.5,1256.3112,4.4056000000000495,4.4056000000000495,0.0035191151792915132,1.0,target
2016-05-23 16:00:00,2016-05-23 20:00:00,2016-05-24 00:00:00,1249.7218752807617,1247.5,1247.5,1251.9437505615233,2.221875280761651,-2.221875280761651,-0.00177789580602683,-1.0,stop
2016-05-25 08:00:00,2016-05-25 12:00:00,2016-05-26 00:00:00,1221.2366787231445,1223.8733818603514,1218.5999755859375,1223.8733818603514,2.6367031372069505,2.6367031372069505,0.0021590435196916433,1.0,target
2016-06-03 08:00:00,2016-06-03 12:00:00,2016-06-08 00:00:00,1227.5188408813476,1248.6376573486327,1206.4000244140625,1248.6376573486327,21.118816467285114,21.118816467285114,0.017204474394968954,1.0,target
2016-06-09 08:00:00,2016-06-09 12:00:00,2016-06-10 08:00:00,1265.3046120361328,1272.509248486328,1258.0999755859375,1272.509248486328,7.204636450195267,7.204636450195267,0.005693993668924939,1.0,target
2016-06-13 08:00:00,2016-06-13 12:00:00,2016-06-14 12:00:00,1281.0552175048829,1289.1104350097658,1273.0,1289.1104350097658,8.055217504882876,8.055217504882876,0.006287954956830088,1.0,target
2016-06-15 08:00:00,2016-06-15 12:00:00,2016-06-16 00:00:00,1289.5723283691407,1300.3446079101564,1278.800048828125,1300.3446079101564,10.772279541015678,10.772279541015678,0.008353373675937088,1.0,target
2016-06-22 08:00:00,2016-06-22 12:00:00,2016-06-23 00:00:00,1267.2409045410157,1264.9000244140625,1264.9000244140625,1269.5817846679688,2.3408801269531523,-2.3408801269531523,-0.001847225826253612,-1.0,stop
2016-06-28 08:00:00,2016-06-28 12:00:00,2016-06-29 00:00:00,1314.8976755859376,1314.0999755859375,1314.0999755859375,1315.6953755859377,0.7977000000000771,-0.7977000000000771,-0.0006066631760107191,-1.0,stop
2016-06-30 08:00:00,2016-06-30 12:00:00,2016-07-01 00:00:00,1319.7884,1325.0767999999998,1314.5,1325.0767999999998,5.2883999999999105,5.2883999999999105,0.004007005971563253,1.0,target
2016-07-01 08:00:00,2016-07-01 12:00:00,2016-07-05 08:00:00,1335.0235313110352,1348.1470382080079,1321.9000244140625,1348.1470382080079,13.123506896972685,13.123506896972685,0.00983016897393935,1.0,target
2016-07-18 08:00:00,2016-07-18 12:00:00,2016-07-20 04:00:00,1331.59262109375,1336.985291015625,1326.199951171875,1336.985291015625,5.39266992187504,5.39266992187504,0.004049789580123674,1.0,target
2016-07-25 08:00:00,2016-07-25 12:00:00,2016-07-26 12:00:00,1316.759598828125,1319.719148828125,1313.800048828125,1319.719148828125,2.9595500000000357,2.9595500000000357,0.0022476008548818955,1.0,target
2016-07-29 08:00:00,2016-07-29 12:00:00,2016-08-02 08:00:00,1341.191798828125,1356.583548828125,1325.800048828125,1356.583548828125,15.391750000000002,15.391750000000002,0.011476173663937285,1.0,target
2016-08-04 08:00:00,2016-08-04 12:00:00,2016-08-05 08:00:00,1355.5001057861327,1347.0,1347.0,1364.0002115722655,8.500105786132735,-8.500105786132735,-0.00627082635394044,-1.0,stop
2016-08-08 08:00:00,2016-08-08 12:00:00,2016-08-09 12:00:00,1332.3889140869142,1336.9777793457033,1327.800048828125,1336.9777793457033,4.588865258789156,4.588865258789156,0.0034440884416498648,1.0,target
2016-08-11 08:00:00,2016-08-11 12:00:00,2016-08-12 12:00:00,1344.1210342407226,1334.800048828125,1334.800048828125,1353.4420196533201,9.320985412597565,-9.320985412597565,-0.006934632503435879,-1.0,stop
2016-08-15 08:00:00,2016-08-15 12:00:00,2016-08-16 00:00:00,1337.9336755859374,1342.2673755859373,1333.5999755859375,1342.2673755859373,4.333699999999908,4.333699999999908,0.00323909927605492,1.0,target
2016-08-16 08:00:00,2016-08-16 12:00:00,2016-08-17 12:00:00,1348.798,1341.0,1341.0,1356.596,7.798000000000002,-7.798000000000002,-0.0057814439226629944,-1.0,stop
2016-08-22 08:00:00,2016-08-22 12:00:00,2016-08-23 08:00:00,1335.6953556640624,1338.0906624999998,1333.300048828125,1338.0906624999998,2.39530683593739,2.39530683593739,0.0017933032601932834,1.0,target
2016-09-01 08:00:00,2016-09-01 12:00:00,2016-09-02 08:00:00,1308.3265856323242,1315.1531712646483,1301.5,1315.1531712646483,6.826585632324168,6.826585632324168,0.005217799368515337,1.0,target
2016-09-22 08:00:00,2016-09-22 12:00:00,2016-09-23 00:00:00,1339.397671044922,1338.199951171875,1338.199951171875,1340.5953909179689,1.1977198730469354,-1.1977198730469354,-0.0008942227532115555,-1.0,stop
2016-10-28 08:00:00,2016-10-28 12:00:00,2016-11-01 08:00:00,1272.3701,1282.7402000000002,1262.0,1282.7402000000002,10.370100000000093,10.370100000000093,0.008150222957927172,1.0,target
2016-11-04 08:00:00,2016-11-04 12:00:00,2016-11-07 00:00:00,1300.5425280273437,1296.699951171875,1296.699951171875,1304.3851048828124,3.8425768554686783,-3.8425768554686783,-0.002954595311309873,-1.0,stop
2016-11-09 08:00:00,2016-11-09 12:00:00,2016-11-10 08:00:00,1296.3266067749023,1270.0,1270.0,1322.6532135498046,26.326606774902302,-26.326606774902302,-0.020308621791231756,-1.0,stop
2016-12-02 08:00:00,2016-12-02 12:00:00,2016-12-05 00:00:00,1173.1187994628906,1179.8375745117187,1166.4000244140625,1179.8375745117187,6.718775048828093,6.718775048828093,0.005727275917753826,1.0,target
2016-12-07 08:00:00,2016-12-07 12:00:00,2016-12-09 00:00:00,1173.3684003540038,1166.4000244140625,1166.4000244140625,1180.3367762939451,6.968375939941325,-6.968375939941325,-0.005938779276686652,-1.0,stop
2016-12-12 08:00:00,2016-12-12 12:00:00,2016-12-14 04:00:00,1158.8358730712891,1153.0,1153.0,1164.6717461425783,5.835873071289143,-5.835873071289143,-0.005035978956901115,-1.0,stop
2016-12-19 08:00:00,2016-12-19 12:00:00,2016-12-20 00:00:00,1139.4419440795898,1137.9000244140625,1137.9000244140625,1140.983863745117,1.5419196655273026,-1.5419196655273026,-0.0013532235438048785,-1.0,stop
2016-12-23 08:00:00,2016-12-23 12:00:00,2016-12-27 00:00:00,1131.730798828125,1133.161548828125,1130.300048828125,1133.161548828125,1.430749999999989,1.430749999999989,0.0012642140705912484,1.0,target
2017-01-09 08:00:00,2017-01-09 12:00:00,2017-01-10 00:00:00,1178.7420067749024,1184.4840135498048,1173.0,1184.4840135498048,5.742006774902393,5.742006774902393,0.004871300710333395,1.0,target
2017-01-11 08:00:00,2017-01-11 12:00:00,2017-01-12 12:00:00,1188.74875,1200.9975,1176.5,1200.9975,12.248749999999973,12.248749999999973,0.010303901476237071,1.0,target
2017-01-13 16:00:00,2017-01-13 20:00:00,2017-01-17 00:00:00,1192.279374584961,1196.858797998047,1187.699951171875,1196.858797998047,4.579423413086033,4.579423413086033,0.003840897956219494,1.0,target
2017-01-17 08:00:00,2017-01-17 12:00:00,2017-01-19 00:00:00,1208.8716259887694,1200.800048828125,1200.800048828125,1216.9432031494139,8.071577160644438,-8.071577160644438,-0.006676951453834043,-1.0,stop
2017-01-23 08:00:00,2017-01-23 12:00:00,2017-01-24 00:00:00,1212.8615,1215.723,1210.0,1215.723,2.861499999999978,2.861499999999978,0.0023592965890993967,1.0,target
2017-01-30 08:00:00,2017-01-30 12:00:00,2017-01-31 08:00:00,1193.7986299316406,1200.4972842773436,1187.0999755859375,1200.4972842773436,6.698654345703062,6.698654345703062,0.00561120961085928,1.0,target
2017-02-06 08:00:00,2017-02-06 12:00:00,2017-02-08 08:00:00,1227.7612133789062,1237.0224267578124,1218.5,1237.0224267578124,9.261213378906177,9.261213378906177,0.007543171488060376,1.0,target
2017-02-10 08:00:00,2017-02-10 12:00:00,2017-02-13 12:00:00,1228.84785390625,1221.5,1221.5,1236.1957078125001,7.347853906250066,-7.347853906250066,-0.005979465954953476,-1.0,stop
2017-02-16 08:00:00,2017-02-16 12:00:00,2017-02-21 04:00:00,1237.377451171875,1233.199951171875,1233.199951171875,1241.554951171875,4.177500000000009,-4.177500000000009,-0.0033760919079652302,-1.0,stop
2017-02-27 08:00:00,2017-02-27 12:00:00,2017-02-28 12:00:00,1257.942525415039,1250.4000244140625,1250.4000244140625,1265.4850264160154,7.542501000976472,-7.542501000976472,-0.005995902713033681,-1.0,stop
2017-03-22 08:00:00,2017-03-22 12:00:00,2017-03-23 00:00:00,1248.6798977539063,1247.699951171875,1247.699951171875,1249.6598443359376,0.9799465820312889,-0.9799465820312889,-0.0007847860639015587,-1.0,stop
2017-03-29 08:00:00,2017-03-29 12:00:00,2017-03-30 00:00:00,1252.827612915039,1253.5552502441406,1252.0999755859375,1253.5552502441406,0.7276373291015261,0.7276373291015261,0.0005807960501512917,1.0,target
2017-03-31 08:00:00,2017-03-31 12:00:00,2017-04-03 12:00:00,1244.916561279297,1251.133171386719,1238.699951171875,1251.133171386719,6.216610107421957,6.216610107421957,0.004993595796519619,1.0,target
2017-04-12 08:00:00,2017-04-12 12:00:00,2017-04-13 12:00:00,1279.0137269287109,1286.0274538574217,1272.0,1286.0274538574217,7.013726928710867,7.013726928710867,0.005483699495198455,1.0,target
2017-04-18 08:00:00,2017-04-18 12:00:00,2017-04-19 12:00:00,1286.627640625,1278.5999755859375,1278.5999755859375,1294.6553056640623,8.027665039062413,-8.027665039062413,-0.006239307151183886,-1.0,stop
2017-04-21 08:00:00,2017-04-21 12:00:00,2017-04-24 00:00:00,1284.1732955932616,1279.199951171875,1279.199951171875,1289.1466400146483,4.973344421386628,-4.973344421386628,-0.0038727985065980094,-1.0,stop
2017-04-28 08:00:00,2017-04-28 12:00:00,2017-05-01 00:00:00,1266.029451171875,1267.358951171875,1264.699951171875,1267.358951171875,1.3295000000000528,1.3295000000000528,0.0010501335484489934,1.0,target
2017-05-24 08:00:00,2017-05-24 12:00:00,2017-05-26 00:00:00,1254.5616297851564,1259.4233083984377,1249.699951171875,1259.4233083984377,4.861678613281356,4.861678613281356,0.003875201104400043,1.0,target
2017-05-31 08:00:00,2017-05-31 12:00:00,2017-06-02 12:00:00,1267.547819946289,1276.5956398925782,1258.5,1276.5956398925782,9.04781994628911,9.04781994628911,0.007138050181548576,1.0,target
2017-06-05 08:00:00,2017-06-05 12:00:00,2017-06-06 08:00:00,1280.0505,1283.101,1277.0,1283.101,3.0505000000000564,3.0505000000000564,0.002383109103898679,1.0,target
2017-06-16 08:00:00,2017-06-16 12:00:00,2017-06-19 04:00:00,1253.528048828125,1251.300048828125,1251.300048828125,1255.7560488281251,2.2280000000000655,-2.2280000000000655,-0.0017773834435399643,-1.0,stop
2017-07-19 08:00:00,2017-07-19 12:00:00,2017-07-20 00:00:00,1240.7057321411132,1240.0999755859375,1240.0999755859375,1241.311488696289,0.6057565551757307,-0.6057565551757307,-0.0004882354771831055,-1.0,stop
2017-07-28 08:00:00,2017-07-28 12:00:00,2017-08-01 12:00:00,1263.8665914306641,1270.8331584472658,1256.9000244140625,1270.8331584472658,6.96656701660163,6.96656701660163,0.005512106312356636,1.0,target
2017-08-10 08:00:00,2017-08-10 12:00:00,2017-08-11 12:00:00,1282.0200244140624,1289.1400244140623,1274.9000244140625,1289.1400244140623,7.119999999999891,7.119999999999891,0.005553735405384197,1.0,target
2017-08-16 08:00:00,2017-08-16 12:00:00,2017-08-17 04:00:00,1276.752397216797,1284.1047700195313,1269.4000244140625,1284.1047700195313,7.352372802734408,7.352372802734408,0.005758652044642255,1.0,target
2017-08-17 08:00:00,2017-08-17 12:00:00,2017-08-18 00:00:00,1286.2999497314454,1289.3999482910158,1283.199951171875,1289.3999482910158,3.0999985595703947,3.0999985595703947,0.0024100121905606966,1.0,target
2017-08-21 08:00:00,2017-08-21 12:00:00,2017-08-22 12:00:00,1288.3996604003905,1284.699951171875,1284.699951171875,1292.099369628906,3.6997092285155304,-3.6997092285155304,-0.0028715540233577733,-1.0,stop
2017-08-25 08:00:00,2017-08-25 12:00:00,2017-08-28 00:00:00,1286.972436279297,1293.644823730469,1280.300048828125,1293.644823730469,6.672387451171971,6.672387451171971,0.005184561271927613,1.0,target
2017-08-31 08:00:00,2017-08-31 12:00:00,2017-09-01 12:00:00,1314.3793112792969,1327.0586713867187,1301.699951171875,1327.0586713867187,12.679360107421871,12.679360107421871,0.009646652224829178,1.0,target
2017-09-25 08:00:00,2017-09-25 12:00:00,2017-09-27 00:00:00,1300.793393725586,1291.0,1291.0,1310.5867874511719,9.79339372558593,-9.79339372558593,-0.007528784949881083,-1.0,stop
2017-10-03 08:00:00,2017-10-03 12:00:00,2017-10-04 00:00:00,1271.205226184082,1273.8104767822265,1268.5999755859375,1273.8104767822265,2.605250598144494,2.605250598144494,0.0020494335174855785,1.0,target
2017-10-09 08:00:00,2017-10-09 12:00:00,2017-10-10 08:00:00,1281.7085,1284.417,1279.0,1284.417,2.708499999999958,2.708499999999958,0.0021131950049484405,1.0,target
2017-10-12 08:00:00,2017-10-12 12:00:00,2017-10-13 08:00:00,1292.084102685547,1294.8681565429688,1289.300048828125,1294.8681565429688,2.7840538574218954,2.7840538574218954,0.0021547001868031245,1.0,target
2017-10-23 08:00:00,2017-10-23 12:00:00,2017-10-25 00:00:00,1276.822417944336,1271.5,1271.5,1282.1448358886719,5.322417944335939,-5.322417944335939,-0.004168487230123159,-1.0,stop
2017-10-30 08:00:00,2017-10-30 12:00:00,2017-10-31 12:00:00,1271.5431157226562,1267.9000244140625,1267.9000244140625,1275.18620703125,3.643091308593739,-3.643091308593739,-0.002865094595336046,-1.0,stop
2017-11-01 08:00:00,2017-11-01 12:00:00,2017-11-03 00:00:00,1272.948298828125,1270.300048828125,1270.300048828125,1275.596548828125,2.648249999999962,-2.648249999999962,-0.0020804065667379724,-1.0,stop
2017-11-08 08:00:00,2017-11-08 12:00:00,2017-11-10 12:00:00,1280.8587553955078,1274.699951171875,1274.699951171875,1287.0175596191407,6.158804223632842,-6.158804223632842,-0.004808339871737931,-1.0,stop
2017-11-22 08:00:00,2017-11-22 12:00:00,2017-11-27 00:00:00,1287.6362778320313,1292.37253125,1282.9000244140625,1292.37253125,4.736253417968783,4.736253417968783,0.003678254099785945,1.0,target
2017-12-01 08:00:00,2017-12-01 12:00:00,2017-12-04 04:00:00,1281.3575856323241,1271.0,1271.0,1291.7151712646482,10.357585632324117,-10.357585632324117,-0.008083290525971997,-1.0,stop
2017-12-04 08:00:00,2017-12-04 12:00:00,2017-12-05 08:00:00,1273.6767661865235,1270.300048828125,1270.300048828125,1277.053483544922,3.376717358398537,-3.376717358398537,-0.002651157222965339,-1.0,stop
2017-12-13 08:00:00,2017-12-13 12:00:00,2017-12-14 12:00:00,1248.0805313232422,1256.3610138183594,1239.800048828125,1256.3610138183594,8.280482495117212,8.280482495117212,0.0066345738814930985,1.0,target
2017-12-18 08:00:00,2017-12-18 12:00:00,2017-12-19 04:00:00,1259.8057560546874,1263.9115609374999,1255.699951171875,1263.9115609374999,4.105804882812436,4.105804882812436,0.003259077729308458,1.0,target
2017-12-26 08:00:00,2017-12-26 12:00:00,2017-12-27 08:00:00,1283.1018073730468,1284.4035659179685,1281.800048828125,1284.4035659179685,1.3017585449217677,1.3017585449217677,0.0010145403407909757,1.0,target
2018-01-11 08:00:00,2018-01-11 12:00:00,2018-01-12 00:00:00,1318.869255065918,1321.438461303711,1316.300048828125,1321.438461303711,2.5692062377929688,2.5692062377929688,0.0019480370991471463,1.0,target
2018-01-31 08:00:00,2018-01-31 12:00:00,2018-02-01 12:00:00,1341.0940838012696,1350.3881187744141,1331.800048828125,1350.3881187744141,9.294034973144562,9.294034973144562,0.0069301886313606325,1.0,target
2018-02-05 08:00:00,2018-02-05 12:00:00,2018-02-06 04:00:00,1335.833090209961,1342.666180419922,1329.0,1342.666180419922,6.8330902099610284,6.8330902099610284,0.005115227538559499,1.0,target
2018-02-13 08:00:00,2018-02-13 12:00:00,2018-02-14 00:00:00,1326.8924569091796,1330.3848894042967,1323.4000244140625,1330.3848894042967,3.4924324951171,3.4924324951171,0.002632038849065628,1.0,target
2018-02-14 08:00:00,2018-02-14 12:00:00,2018-02-16 04:00:00,1342.6228,1361.2456000000002,1324.0,1361.2456000000002,18.622800000000097,18.622800000000097,0.013870463096560029,1.0,target
2018-02-21 08:00:00,2018-02-21 12:00:00,2018-02-22 00:00:00,1328.7061596069336,1324.4000244140625,1324.4000244140625,1333.0122947998047,4.306135192871125,-4.306135192871125,-0.003240848370978421,-1.0,stop
2018-03-09 08:00:00,2018-03-09 12:00:00,2018-03-13 00:00:00,1318.0919932250977,1323.1839864501953,1313.0,1323.1839864501953,5.091993225097667,5.091993225097667,0.00386315465936381,1.0,target
2018-03-19 08:00:00,2018-03-19 12:00:00,2018-03-21 08:00:00,1312.5867553833007,1317.8734619384763,1307.300048828125,1317.8734619384763,5.28670655517567,5.28670655517567,0.0040277006708267825,1.0,target
2018-03-26 08:00:00,2018-03-26 12:00:00,2018-03-27 00:00:00,1350.3638032226563,1345.0999755859375,1345.0999755859375,1355.6276308593751,5.2638276367188155,-5.2638276367188155,-0.0038980811127761568,-1.0,stop
2018-04-02 08:00:00,2018-04-02 12:00:00,2018-04-05 12:00:00,1336.719751171875,1324.699951171875,1324.699951171875,1348.739551171875,12.019800000000032,-12.019800000000032,-0.008992011967701172,-1.0,stop
2018-04-06 08:00:00,2018-04-06 12:00:00,2018-04-09 12:00:00,1326.672,1334.344,1319.0,1334.344,7.6720000000000255,7.6720000000000255,0.005782891325060019,1.0,target
2018-04-10 08:00:00,2018-04-10 12:00:00,2018-04-11 08:00:00,1338.1264,1343.2528000000002,1333.0,1343.2528000000002,5.126400000000103,5.126400000000103,0.0038310282197556995,1.0,target
2018-04-17 16:00:00,2018-04-17 20:00:00,2018-04-18 08:00:00,1344.1510227661133,1349.3020455322267,1339.0,1349.3020455322267,5.1510227661133285,5.1510227661133285,0.0038321756103812626,1.0,target
2018-04-27 08:00:00,2018-04-27 12:00:00,2018-04-30 00:00:00,1318.0857008300782,1312.800048828125,1312.800048828125,1323.3713528320313,5.285652001953167,-5.285652001953167,-0.0040100973697116,-1.0,stop
2018-05-07 08:00:00,2018-05-07 12:00:00,2018-05-08 00:00:00,1311.5245492919921,1310.199951171875,1310.199951171875,1312.8491474121092,1.3245981201171162,-1.3245981201171162,-0.0010099682242564057,-1.0,stop
2018-05-08 08:00:00,2018-05-08 12:00:00,2018-05-10 08:00:00,1310.6133,1312.7266,1308.5,1312.7266,2.113299999999981,2.113299999999981,0.0016124512089111115,1.0,target
2018-05-30 08:00:00,2018-05-30 12:00:00,2018-05-31 04:00:00,1300.194551171875,1305.189151171875,1295.199951171875,1305.189151171875,4.994599999999991,4.994599999999991,0.0038414251124943735,1.0,target
2018-06-05 08:00:00,2018-06-05 12:00:00,2018-06-07 12:00:00,1295.940029309082,1301.9800342041017,1289.9000244140625,1301.9800342041017,6.040004895019592,6.040004895019592,0.00466071327254222,1.0,target
2018-06-08 08:00:00,2018-06-08 12:00:00,2018-06-11 04:00:00,1297.577514086914,1300.3549793457032,1294.800048828125,1300.3549793457032,2.777465258789107,2.777465258789107,0.0021405004546056483,1.0,target
2018-06-13 08:00:00,2018-06-13 12:00:00,2018-06-14 08:00:00,1295.6880744140626,1300.4761244140627,1290.9000244140625,1300.4761244140627,4.788050000000112,4.788050000000112,0.0036953724392079237,1.0,target
2018-06-21 08:00:00,2018-06-21 12:00:00,2018-06-25 00:00:00,1265.3978648071288,1270.7957296142577,1260.0,1270.7957296142577,5.397864807128826,5.397864807128826,0.004265745151981559,1.0,target
2018-06-29 08:00:00,2018-06-29 12:00:00,2018-07-02 08:00:00,1251.4507565795898,1249.0999755859375,1249.0999755859375,1253.801537573242,2.350780993652279,-2.350780993652279,-0.0018784446621594047,-1.0,stop
2018-07-03 08:00:00,2018-07-03 12:00:00,2018-07-05 12:00:00,1246.478516467285,1255.9570329345702,1237.0,1255.9570329345702,9.47851646728509,9.47851646728509,0.007604235726539986,1.0,target
2018-07-31 08:00:00,2018-07-31 12:00:00,2018-08-02 08:00:00,1222.2940349731446,1213.0,1213.0,1231.5880699462891,9.294034973144562,-9.294034973144562,-0.007603763666693149,-1.0,stop
2018-08-03 08:00:00,2018-08-03 12:00:00,2018-08-13 08:00:00,1212.5830255859375,1205.0999755859375,1205.0999755859375,1220.0660755859376,7.483050000000048,-7.483050000000048,-0.0061711650601278464,-1.0,stop
2018-09-28 08:00:00,2018-09-28 12:00:00,2018-10-02 00:00:00,1186.3284329833984,1192.6568659667969,1180.0,1192.6568659667969,6.328432983398443,6.328432983398443,0.005334469618572316,1.0,target
2018-10-02 08:00:00,2018-10-02 12:00:00,2018-10-08 12:00:00,1199.9774987304688,1190.300048828125,1190.300048828125,1209.6549486328126,9.677449902343824,-9.677449902343824,-0.00806469280680863,-1.0,stop
2018-11-29 08:00:00,2018-11-29 12:00:00,2018-11-30 08:00:00,1225.0895126708983,1220.5,1220.5,1229.6790253417967,4.58951267089833,-4.58951267089833,-0.003746267210215873,-1.0,stop
2018-12-03 08:00:00,2018-12-03 12:00:00,2018-12-04 08:00:00,1228.3950482299804,1235.4900476318358,1221.300048828125,1235.4900476318358,7.094999401855375,7.094999401855375,0.005775828722265452,1.0,target
2018-12-06 08:00:00,2018-12-06 12:00:00,2018-12-07 12:00:00,1240.0608354492188,1245.3216220703125,1234.800048828125,1245.3216220703125,5.260786621093757,5.260786621093757,0.004242361721865048,1.0,target
2018-12-31 08:00:00,2018-12-31 12:00:00,2019-01-02 00:00:00,1279.8773706665038,1282.15476574707,1277.5999755859375,1282.15476574707,2.2773950805662935,2.2773950805662935,0.0017793853792260788,1.0,target
2019-01-08 08:00:00,2019-01-08 12:00:00,2019-01-09 08:00:00,1281.218951171875,1284.237951171875,1278.199951171875,1284.237951171875,3.0190000000000055,3.0190000000000055,0.0023563497848971544,1.0,target
2019-01-23 08:00:00,2019-01-23 12:00:00,2019-01-24 04:00:00,1281.675953088379,1278.699951171875,1278.699951171875,1284.651955004883,2.9760019165039466,-2.9760019165039466,-0.0023219612643374096,-1.0,stop
2019-01-28 08:00:00,2019-01-28 12:00:00,2019-01-29 00:00:00,1303.0266584472656,1307.6532924804687,1298.4000244140625,1307.6532924804687,4.626634033203118,4.626634033203118,0.003550682561411587,1.0,target
2019-02-07 08:00:00,2019-02-07 12:00:00,2019-02-08 12:00:00,1306.9223733520507,1311.6447955322265,1302.199951171875,1311.6447955322265,4.722422180175727,4.722422180175727,0.0036133914886340613,1.0,target
2019-02-14 08:00:00,2019-02-14 12:00:00,2019-02-15 00:00:00,1307.6302588867188,1313.6605421875001,1301.5999755859375,1313.6605421875001,6.030283300781321,6.030283300781321,0.004611611929136101,1.0,target
2019-02-22 08:00:00,2019-02-22 12:00:00,2019-02-27 12:00:00,1326.6073465820311,1321.0,1321.0,1332.2146931640623,5.607346582031141,-5.607346582031141,-0.004226832149300486,-1.0,stop
2019-03-08 08:00:00,2019-03-08 12:00:00,2019-03-11 00:00:00,1295.1020450683593,1291.5999755859375,1291.5999755859375,1298.604114550781,3.5020694824218026,-3.5020694824218026,-0.0027040876784631693,-1.0,stop
2019-03-15 08:00:00,2019-03-15 12:00:00,2019-03-18 00:00:00,1303.1001897705078,1300.5,1300.5,1305.7003795410155,2.600189770507768,-2.600189770507768,-0.0019953874544103123,-1.0,stop
2019-03-29 08:00:00,2019-03-29 12:00:00,2019-04-01 12:00:00,1293.0402692504883,1286.0999755859375,1286.0999755859375,1299.9805629150392,6.940293664550836,-6.940293664550836,-0.005367422677851929,-1.0,stop
2019-04-02 08:00:00,2019-04-02 12:00:00,2019-04-03 04:00:00,1288.4449750488282,1292.3899500976563,1284.5,1292.3899500976563,3.944975048828155,3.944975048828155,0.003061811039837889,1.0,target
2019-04-10 08:00:00,2019-04-10 12:00:00,2019-04-11 08:00:00,1305.82894609375,1301.5,1301.5,1310.1578921874998,4.328946093749892,-4.328946093749892,-0.003315094298299543,-1.0,stop
2019-04-15 08:00:00,2019-04-15 12:00:00,2019-04-16 08:00:00,1285.395548828125,1282.300048828125,1282.300048828125,1288.4910488281248,3.0954999999999018,-3.0954999999999018,-0.0024082081214782647,-1.0,stop
2019-04-18 08:00:00,2019-04-18 12:00:00,2019-04-23 00:00:00,1272.2447755859375,1270.0999755859375,1270.0999755859375,1274.3895755859376,2.144800000000032,-2.144800000000032,-0.0016858391098617288,-1.0,stop
2019-04-23 08:00:00,2019-04-23 12:00:00,2019-04-24 08:00:00,1268.1747679443358,1270.3495358886717,1266.0,1270.3495358886717,2.1747679443358265,2.1747679443358265,0.0017148803140603756,1.0,target
2019-04-30 08:00:00,2019-04-30 12:00:00,2019-05-01 00:00:00,1282.269048828125,1280.800048828125,1280.800048828125,1283.738048828125,1.469000000000051,-1.469000000000051,-0.0011456254062613307,-1.0,stop
2019-05-13 08:00:00,2019-05-13 12:00:00,2019-05-17 00:00:00,1292.108397570801,1281.800048828125,1281.800048828125,1302.4167463134768,10.30834874267589,-10.30834874267589,-0.007977928757413748,-1.0,stop
2019-05-30 08:00:00,2019-05-30 12:00:00,2019-05-31 08:00:00,1282.3614787597655,1290.8229331054686,1273.9000244140625,1290.8229331054686,8.461454345703032,8.461454345703032,0.0065983378991441,1.0,target
2019-06-06 08:00:00,2019-06-06 12:00:00,2019-06-07 08:00:00,1333.049951171875,1339.8999511718748,1326.199951171875,1339.8999511718748,6.849999999999909,6.849999999999909,0.005138592139010336,1.0,target
2019-06-20 08:00:00,2019-06-20 12:00:00,2019-06-21 00:00:00,1387.2532541259766,1395.0065082519532,1379.5,1395.0065082519532,7.753254125976582,7.753254125976582,0.005588924807288655,1.0,target
2019-06-24 08:00:00,2019-06-24 12:00:00,2019-06-25 04:00:00,1413.2036755859374,1424.3073755859373,1402.0999755859375,1424.3073755859373,11.10369999999989,11.10369999999989,0.007857112312842035,1.0,target
2019-06-26 08:00:00,2019-06-26 12:00:00,2019-06-27 04:00:00,1410.045048828125,1405.800048828125,1405.800048828125,1414.2900488281248,4.244999999999891,-4.244999999999891,-0.003010542112486314,-1.0,stop
2019-07-18 08:00:00,2019-07-18 12:00:00,2019-07-23 00:00:00,1434.636130078125,1419.5,1419.5,1449.77226015625,15.136130078125007,-15.136130078125007,-0.01055050110671669,-1.0,stop
2019-07-23 08:00:00,2019-07-23 12:00:00,2019-07-24 00:00:00,1419.161548828125,1422.023048828125,1416.300048828125,1422.023048828125,2.861499999999978,2.861499999999978,0.002016331405232101,1.0,target
2019-07-30 08:00:00,2019-07-30 12:00:00,2019-07-31 12:00:00,1429.0336842773438,1422.0999755859375,1422.0999755859375,1435.9673929687501,6.933708691406309,-6.933708691406309,-0.004852026070269054,-1.0,stop
2019-08-01 08:00:00,2019-08-01 12:00:00,2019-08-05 08:00:00,1426.970531311035,1453.0410382080076,1400.9000244140625,1453.0410382080076,26.070506896972574,26.070506896972574,0.018269828510768325,1.0,target
2019-08-12 08:00:00,2019-08-12 12:00:00,2019-08-13 04:00:00,1502.4487217285157,1516.7974678710939,1488.0999755859375,1516.7974678710939,14.348746142578193,14.348746142578193,0.00955024017463335,1.0,target
2019-08-14 08:00:00,2019-08-14 12:00:00,2019-08-19 12:00:00,1510.8932,1497.0,1497.0,1524.7864,13.893199999999979,-13.893199999999979,-0.009195355436108905,-1.0,stop
2019-08-21 16:00:00,2019-08-21 20:00:00,2019-08-22 00:00:00,1501.9920299072267,1498.800048828125,1498.800048828125,1505.1840109863283,3.1919810791016516,-3.1919810791016516,-0.002125165124410687,-1.0,stop
2019-08-22 08:00:00,2019-08-22 12:00:00,2019-08-23 00:00:00,1495.705448828125,1493.800048828125,1493.800048828125,1497.6108488281252,1.9054000000000997,-1.9054000000000997,-0.0012739139256950408,-1.0,stop
2019-08-27 08:00:00,2019-08-27 12:00:00,2019-08-29 04:00:00,1536.5770255004884,1544.6540510009768,1528.5,1544.6540510009768,8.07702550048839,8.07702550048839,0.005256505444533488,1.0,target
2019-09-03 08:00:00,2019-09-03 12:00:00,2019-09-04 04:00:00,1535.5781170654298,1550.1562341308595,1521.0,1550.1562341308595,14.578117065429751,14.578117065429751,0.009493569166829035,1.0,target
2019-09-11 08:00:00,2019-09-11 12:00:00,2019-09-12 00:00:00,1494.0239657592774,1497.8479803466798,1490.199951171875,1497.8479803466798,3.8240145874024165,3.8240145874024165,0.002559540325351485,1.0,target
2019-10-01 08:00:00,2019-10-01 12:00:00,2019-10-02 08:00:00,1474.3072200927734,1490.3143913574218,1458.300048828125,1490.3143913574218,16.007171264648377,16.007171264648377,0.010857419028064651,1.0,target
2019-10-03 08:00:00,2019-10-03 12:00:00,2019-10-07 08:00:00,1508.5728420532228,1496.5999755859375,1496.5999755859375,1520.545708520508,11.972866467285257,-11.972866467285257,-0.007936551774980748,-1.0,stop
2019-10-14 08:00:00,2019-10-14 12:00:00,2019-10-15 12:00:00,1488.5126599609375,1481.300048828125,1481.300048828125,1495.72527109375,7.212611132812526,-7.212611132812526,-0.0048455154778473996,-1.0,stop
2019-10-16 08:00:00,2019-10-16 12:00:00,2019-10-17 08:00:00,1484.456,1488.9119999999998,1480.0,1488.9119999999998,4.455999999999904,4.455999999999904,0.0030017730400900425,1.0,target
2019-10-18 08:00:00,2019-10-18 12:00:00,2019-10-21 00:00:00,1488.1319755859374,1489.6639755859374,1486.5999755859375,1489.6639755859374,1.5319999999999254,1.5319999999999254,0.0010294785846508777,1.0,target
2019-10-24 08:00:00,2019-10-24 12:00:00,2019-10-25 04:00:00,1495.0830404541016,1504.2660564941407,1485.9000244140625,1504.2660564941407,9.183016040039092,9.183016040039092,0.006142144477306047,1.0,target
2019-10-30 08:00:00,2019-10-30 12:00:00,2019-10-31 08:00:00,1489.461454345703,1497.922908691406,1481.0,1497.922908691406,8.461454345703032,8.461454345703032,0.005680881718030102,1.0,target
2019-11-29 08:00:00,2019-11-29 12:00:00,2019-12-03 08:00:00,1459.6559255859374,1467.2118755859374,1452.0999755859375,1467.2118755859374,7.555949999999939,7.555949999999939,0.005176528158145775,1.0,target
2019-12-05 08:00:00,2019-12-05 12:00:00,2019-12-06 08:00:00,1475.777589038086,1472.300048828125,1472.300048828125,1479.255129248047,3.4775402099610346,-3.4775402099610346,-0.002356412128624138,-1.0,stop
2019-12-19 08:00:00,2019-12-19 12:00:00,2019-12-23 00:00:00,1476.3839553833009,1479.4678619384767,1473.300048828125,1479.4678619384767,3.083906555175872,3.083906555175872,0.0020888242140068665,1.0,target
2019-12-30 08:00:00,2019-12-30 12:00:00,2019-12-31 08:00:00,1512.9967456542968,1515.9934913085935,1510.0,1515.9934913085935,2.996745654296774,2.996745654296774,0.0019806689359406575,1.0,target
2020-01-10 08:00:00,2020-01-10 12:00:00,2020-01-14 08:00:00,1553.0326783203125,1545.4000244140625,1545.4000244140625,1560.6653322265624,7.6326539062499705,-7.6326539062499705,-0.004914676949686012,-1.0,stop
2020-01-15 08:00:00,2020-01-15 12:00:00,2020-01-16 00:00:00,1550.7385358154297,1555.877096044922,1545.5999755859375,1555.877096044922,5.138560229492214,5.138560229492214,0.0033136212912837615,1.0,target
2020-01-17 08:00:00,2020-01-17 12:00:00,2020-01-21 00:00:00,1556.6414984252929,1559.6830212646482,1553.5999755859375,1559.6830212646482,3.041522839355366,3.041522839355366,0.0019539006524188053,1.0,target
2020-01-30 08:00:00,2020-01-30 12:00:00,2020-01-31 04:00:00,1579.3913700683593,1571.4000244140625,1571.4000244140625,1587.382715722656,7.991345654296765,-7.991345654296765,-0.0050597627704847365,-1.0,stop
2020-01-31 08:00:00,2020-01-31 12:00:00,2020-02-03 12:00:00,1581.6945,1570.0,1570.0,1593.3890000000001,11.694500000000062,-11.694500000000062,-0.007393652819808162,-1.0,stop
2020-02-05 08:00:00,2020-02-05 12:00:00,2020-02-06 12:00:00,1555.631251171875,1563.562551171875,1547.699951171875,1563.562551171875,7.931299999999965,7.931299999999965,0.0050984447593381945,1.0,target
2020-02-07 08:00:00,2020-02-07 12:00:00,2020-02-10 12:00:00,1567.0652740600585,1573.630548120117,1560.5,1573.630548120117,6.5652740600585275,6.5652740600585275,0.00418953451954734,1.0,target
2020-02-12 08:00:00,2020-02-12 12:00:00,2020-02-13 00:00:00,1565.122553857422,1569.245107714844,1561.0,1569.245107714844,4.122553857421963,4.122553857421963,0.002634013449784786,1.0,target
2020-02-14 08:00:00,2020-02-14 12:00:00,2020-02-18 08:00:00,1579.47047109375,1584.1408933593748,1574.800048828125,1584.1408933593748,4.670422265624893,4.670422265624893,0.0029569544673986366,1.0,target
2020-02-19 08:00:00,2020-02-19 12:00:00,2020-02-20 08:00:00,1605.6475380615234,1611.5951249511718,1599.699951171875,1611.5951249511718,5.947586889648392,5.947586889648392,0.0037041671653723165,1.0,target
2020-02-24 08:00:00,2020-02-24 12:00:00,2020-02-25 00:00:00,1671.9673053466797,1650.0,1650.0,1693.9346106933594,21.967305346679723,-21.967305346679723,-0.01313859743335402,-1.0,stop
2020-03-02 08:00:00,2020-03-02 12:00:00,2020-03-03 08:00:00,1595.257648828125,1616.215248828125,1574.300048828125,1616.215248828125,20.957599999999957,20.957599999999957,0.013137438968178835,1.0,target
2020-03-23 08:00:00,2020-03-23 12:00:00,2020-03-24 00:00:00,1534.1526191162109,1578.1052870605467,1490.199951171875,1578.1052870605467,43.95266794433587,43.95266794433587,0.028649475545435607,1.0,target
2020-04-02 08:00:00,2020-04-02 12:00:00,2020-04-06 08:00:00,1613.8612499023438,1641.7224998046877,1586.0,1641.7224998046877,27.861249902343843,27.861249902343843,0.017263720721982605,1.0,target
2020-04-13 08:00:00,2020-04-13 12:00:00,2020-04-14 04:00:00,1736.6681361816406,1762.6363211914063,1710.699951171875,1762.6363211914063,25.968185009765648,25.968185009765648,0.014952876988266224,1.0,target
2020-04-20 08:00:00,2020-04-20 12:00:00,2020-04-21 04:00:00,1692.4977458740234,1704.9954917480468,1680.0,1704.9954917480468,12.497745874023394,12.497745874023394,0.007384202374561763,1.0,target
2020-04-22 08:00:00,2020-04-22 12:00:00,2020-04-23 00:00:00,1708.6991556640626,1732.5982625000001,1684.800048828125,1732.5982625000001,23.899106835937573,23.899106835937573,0.013986725958584273,1.0,target
2020-05-01 08:00:00,2020-05-01 12:00:00,2020-05-04 12:00:00,1688.7435,1706.987,1670.5,1706.987,18.24350000000004,18.24350000000004,0.010803002350564216,1.0,target
2020-05-14 08:00:00,2020-05-14 12:00:00,2020-05-15 08:00:00,1733.8611055664062,1747.2222111328124,1720.5,1747.2222111328124,13.361105566406195,13.361105566406195,0.007705983785847413,1.0,target
2020-05-28 08:00:00,2020-05-28 12:00:00,2020-05-29 12:00:00,1717.125065966797,1729.2501319335938,1705.0,1729.2501319335938,12.12506596679691,12.12506596679691,0.00706125966425754,1.0,target
2020-06-08 08:00:00,2020-06-08 12:00:00,2020-06-09 08:00:00,1690.0893244140625,1704.2786244140625,1675.9000244140625,1704.2786244140625,14.189300000000003,14.189300000000003,0.008395591756618718,1.0,target
2020-06-22 08:00:00,2020-06-22 12:00:00,2020-06-23 12:00:00,1759.8092267089844,1769.1184534179688,1750.5,1769.1184534179688,9.309226708984397,9.309226708984397,0.005289906751082083,1.0,target
2020-06-25 08:00:00,2020-06-25 12:00:00,2020-06-26 00:00:00,1762.490548828125,1765.1810488281249,1759.800048828125,1765.1810488281249,2.690499999999929,2.690499999999929,0.0015265330085252572,1.0,target
2020-06-26 08:00:00,2020-06-26 12:00:00,2020-06-29 00:00:00,1769.1147788085937,1773.5296064453123,1764.699951171875,1773.5296064453123,4.414827636718655,4.414827636718655,0.0024955009644381646,1.0,target
2020-06-30 08:00:00,2020-06-30 12:00:00,2020-07-01 04:00:00,1785.4468613769532,1796.4936983398438,1774.4000244140625,1796.4936983398438,11.046836962890666,11.046836962890666,0.00618715527292212,1.0,target
2020-07-02 08:00:00,2020-07-02 12:00:00,2020-07-06 00:00:00,1778.1309012695313,1787.5618513671875,1768.699951171875,1787.5618513671875,9.43095009765625,9.43095009765625,0.005303855914613957,1.0,target
2020-07-07 08:00:00,2020-07-07 12:00:00,2020-07-08 08:00:00,1795.3363025878907,1807.3725563476564,1783.300048828125,1807.3725563476564,12.036253759765714,12.036253759765714,0.006704177786867026,1.0,target
2020-07-22 08:00:00,2020-07-22 12:00:00,2020-07-23 00:00:00,1861.3960977539064,1868.0922443359377,1854.699951171875,1868.0922443359377,6.696146582031361,6.696146582031361,0.0035973786504180437,1.0,target
2020-07-28 08:00:00,2020-07-28 12:00:00,2020-07-29 00:00:00,1937.161942602539,1945.7239096191406,1928.5999755859375,1945.7239096191406,8.561967016601557,8.561967016601557,0.0044198509315636885,1.0,target
2020-08-05 08:00:00,2020-08-05 12:00:00,2020-08-06 12:00:00,2034.915890209961,2058.831780419922,2011.0,2058.831780419922,23.915890209960935,23.915890209960935,0.01175276596198446,1.0,target
2020-08-13 08:00:00,2020-08-13 12:00:00,2020-08-17 08:00:00,1939.7136744140626,1962.5273244140626,1916.9000244140625,1962.5273244140626,22.813650000000052,22.813650000000052,0.011761349265577285,1.0,target
2020-08-28 08:00:00,2020-08-28 12:00:00,2020-09-01 08:00:00,1948.451865966797,1974.403731933594,1922.5,1974.403731933594,25.95186596679696,25.95186596679696,0.01331922354362086,1.0,target
2020-09-09 08:00:00,2020-09-09 12:00:00,2020-09-10 08:00:00,1936.3006823608398,1948.001389135742,1924.5999755859375,1948.001389135742,11.7007067749023,11.7007067749023,0.006042814982968546,1.0,target
2020-09-14 08:00:00,2020-09-14 12:00:00,2020-09-15 00:00:00,1948.9711055664063,1954.9422111328126,1943.0,1954.9422111328126,5.971105566406322,5.971105566406322,0.0030637219553190918,1.0,target
2020-09-17 08:00:00,2020-09-17 12:00:00,2020-09-18 00:00:00,1940.8942497314454,1948.0885482910157,1933.699951171875,1948.0885482910157,7.19429855957037,7.19429855957037,0.0037066927065015623,1.0,target
2020-09-18 08:00:00,2020-09-18 12:00:00,2020-09-21 00:00:00,1950.8996650390625,1949.0,1949.0,1952.799330078125,1.8996650390624836,-1.8996650390624836,-0.0009737379492678559,-1.0,stop
2020-09-29 08:00:00,2020-09-29 12:00:00,2020-09-30 04:00:00,1885.2731244140625,1898.1462244140625,1872.4000244140625,1898.1462244140625,12.873100000000022,12.873100000000022,0.006828241400832012,1.0,target
2020-10-05 08:00:00,2020-10-05 12:00:00,2020-10-06 12:00:00,1903.5520560668945,1884.699951171875,1884.699951171875,1922.404160961914,18.852104895019465,-18.852104895019465,-0.009903645574038857,-1.0,stop
2020-10-09 08:00:00,2020-10-09 12:00:00,2020-10-13 08:00:00,1918.1007755859375,1905.0999755859375,1905.0999755859375,1931.1015755859376,13.000800000000027,-13.000800000000027,-0.006777954612957481,-1.0,stop
2020-10-14 08:00:00,2020-10-14 12:00:00,2020-10-21 08:00:00,1899.2309888671875,1915.961977734375,1882.5,1915.961977734375,16.730988867187534,16.730988867187534,0.008809349134076038,1.0,target
2020-10-23 08:00:00,2020-10-23 12:00:00,2020-10-26 00:00:00,1905.986337060547,1896.199951171875,1896.199951171875,1915.7727229492189,9.78638588867193,-9.78638588867193,-0.005134551963139833,-1.0,stop
2020-10-26 08:00:00,2020-10-26 12:00:00,2020-10-27 12:00:00,1901.141,1908.7820000000002,1893.5,1908.7820000000002,7.641000000000076,7.641000000000076,0.004019165332818595,1.0,target
2020-11-04 08:00:00,2020-11-04 12:00:00,2020-11-05 08:00:00,1897.9337604003906,1910.5674719726562,1885.300048828125,1910.5674719726562,12.63371157226561,12.63371157226561,0.0066565608536308385,1.0,target
2020-11-12 08:00:00,2020-11-12 12:00:00,2020-11-13 08:00:00,1872.9712486572266,1879.3425217285157,1866.5999755859375,1879.3425217285157,6.371273071289124,6.371273071289124,0.003401692938883513,1.0,target
2020-11-16 08:00:00,2020-11-16 12:00:00,2020-11-19 00:00:00,1880.0791271972657,1871.0,1871.0,1889.1582543945315,9.079127197265734,-9.079127197265734,-0.004829119724764177,-1.0,stop
2020-12-02 08:00:00,2020-12-02 12:00:00,2020-12-03 12:00:00,1821.4840987304688,1835.1681486328125,1807.800048828125,1835.1681486328125,13.684049902343759,13.684049902343759,0.00751258268566891,1.0,target
2020-12-07 08:00:00,2020-12-07 12:00:00,2020-12-08 12:00:00,1847.3490247680663,1873.8980007080077,1820.800048828125,1873.8980007080077,26.54897593994133,26.54897593994133,0.014371391428468444,1.0,target
2020-12-10 08:00:00,2020-12-10 12:00:00,2020-12-14 12:00:00,1840.01854609375,1828.0,1828.0,1852.0370921875,12.018546093750047,-12.018546093750047,-0.006531752693071874,-1.0,stop
2020-12-23 08:00:00,2020-12-23 12:00:00,2020-12-28 00:00:00,1872.683917944336,1880.8678358886718,1864.5,1880.8678358886718,8.183917944335917,8.183917944335917,0.0043701544429983075,1.0,target
2020-12-30 08:00:00,2020-12-30 12:00:00,2020-12-31 04:00:00,1888.170648828125,1899.041248828125,1877.300048828125,1899.041248828125,10.870599999999968,10.870599999999968,0.005757212679238871,1.0,target
2021-01-15 16:00:00,2021-01-15 20:00:00,2021-01-19 00:00:00,1827.412705871582,1825.0,1825.0,1829.8254117431638,2.4127058715819203,-2.4127058715819203,-0.0013202851571677038,-1.0,stop
2021-01-20 08:00:00,2021-01-20 12:00:00,2021-01-28 00:00:00,1857.2449161621093,1844.4000244140625,1844.4000244140625,1870.0898079101562,12.844891748046848,-12.844891748046848,-0.006916100098736619,-1.0,stop
2021-01-29 08:00:00,2021-01-29 12:00:00,2021-02-02 12:00:00,1859.5767885009766,1838.699951171875,1838.699951171875,1880.4536258300782,20.87683732910159,-20.87683732910159,-0.011226660527383017,-1.0,stop
2021-02-05 08:00:00,2021-02-05 12:00:00,2021-02-08 04:00:00,1804.688269519043,1818.4765146240234,1790.9000244140625,1818.4765146240234,13.788245104980433,13.788245104980433,0.007640236454052565,1.0,target
2021-02-08 08:00:00,2021-02-08 12:00:00,2021-02-09 00:00:00,1825.7252305175782,1842.4504610351564,1809.0,1842.4504610351564,16.72523051757821,16.72523051757821,0.0091608694660131,1.0,target
2021-03-05 08:00:00,2021-03-05 12:00:00,2021-03-08 00:00:00,1694.7616,1704.5232,1685.0,1704.5232,9.761600000000044,9.761600000000044,0.0057598661664272095,1.0,target
2021-03-10 08:00:00,2021-03-10 12:00:00,2021-03-11 00:00:00,1717.77825390625,1724.5565078125,1711.0,1724.5565078125,6.778253906250029,6.778253906250029,0.003945942318710923,1.0,target
2021-03-19 16:00:00,2021-03-19 20:00:00,2021-03-23 00:00:00,1738.1991780151368,1733.5999755859375,1733.5999755859375,1742.798380444336,4.599202429199295,-4.599202429199295,-0.0026459582350344684,-1.0,stop
2021-03-31 08:00:00,2021-03-31 12:00:00,2021-04-01 12:00:00,1699.458180053711,1722.416360107422,1676.5,1722.416360107422,22.958180053710976,22.958180053710976,0.013509117389982134,1.0,target
2021-04-13 08:00:00,2021-04-13 12:00:00,2021-04-15 08:00:00,1736.0698430908203,1750.0397105957031,1722.0999755859375,1750.0397105957031,13.969867504882814,13.969867504882814,0.008046834959134762,1.0,target
2021-04-20 08:00:00,2021-04-20 12:00:00,2021-04-21 00:00:00,1772.327508251953,1779.1550165039062,1765.5,1779.1550165039062,6.827508251953077,6.827508251953077,0.0038522836327734085,1.0,target
2021-04-21 08:00:00,2021-04-21 12:00:00,2021-04-23 12:00:00,1787.646565979004,1777.699951171875,1777.699951171875,1797.593180786133,9.94661480712898,-9.94661480712898,-0.005564083525471222,-1.0,stop
2021-04-28 08:00:00,2021-04-28 12:00:00,2021-04-29 00:00:00,1769.598908569336,1774.5978415527343,1764.5999755859375,1774.5978415527343,4.99893298339839,4.99893298339839,0.002824896059322204,1.0,target
2021-05-05 08:00:00,2021-05-05 12:00:00,2021-05-06 00:00:00,1782.1894560668945,1785.178960961914,1779.199951171875,1785.178960961914,2.989504895019536,2.989504895019536,0.0016774338355794451,1.0,target
2021-05-06 08:00:00,2021-05-06 12:00:00,2021-05-07 00:00:00,1802.8891889648437,1818.17840234375,1787.5999755859375,1818.17840234375,15.289213378906197,15.289213378906197,0.008480395507659975,1.0,target
2021-05-17 08:00:00,2021-05-17 12:00:00,2021-05-19 08:00:00,1859.0734497314454,1870.9469482910158,1847.199951171875,1870.9469482910158,11.873498559570407,11.873498559570407,0.0063867829220441005,1.0,target
2021-06-02 08:00:00,2021-06-02 12:00:00,2021-06-03 08:00:00,1903.8899500976563,1896.0,1896.0,1911.7799001953126,7.88995009765631,-7.88995009765631,-0.004144120881173626,-1.0,stop
2021-06-04 08:00:00,2021-06-04 12:00:00,2021-06-08 04:00:00,1878.1613,1902.3226,1854.0,1902.3226,24.161299999999983,24.161299999999983,0.012864337051349095,1.0,target
2021-06-10 08:00:00,2021-06-10 12:00:00,2021-06-14 00:00:00,1887.6197078125,1871.5,1871.5,1903.7394156250002,16.11970781250011,-16.11970781250011,-0.008539700950241034,-1.0,stop
2021-06-21 08:00:00,2021-06-21 12:00:00,2021-06-23 12:00:00,1777.9595895996094,1789.119130371094,1766.800048828125,1789.119130371094,11.159540771484444,11.159540771484444,0.006276599781436841,1.0,target
2021-06-30 08:00:00,2021-06-30 12:00:00,2021-07-01 00:00:00,1766.0161685546875,1772.8323859375,1759.199951171875,1772.8323859375,6.8162173828125106,6.8162173828125106,0.0038596574052835097,1.0,target
2021-07-01 08:00:00,2021-07-01 12:00:00,2021-07-02 08:00:00,1776.0973913574219,1783.3947338867188,1768.800048828125,1783.3947338867188,7.297342529296884,7.297342529296884,0.0041086387293884415,1.0,target
2021-07-07 08:00:00,2021-07-07 12:00:00,2021-07-08 00:00:00,1803.6500733520509,1797.199951171875,1797.199951171875,1810.1001955322267,6.4501221801758675,-6.4501221801758675,-0.0035761494291342406,-1.0,stop
2021-07-09 08:00:00,2021-07-09 12:00:00,2021-07-13 12:00:00,1804.921219152832,1811.042389477539,1798.800048828125,1811.042389477539,6.121170324707009,6.121170324707009,0.003391378116536342,1.0,target
2021-08-02 08:00:00,2021-08-02 12:00:00,2021-08-04 12:00:00,1813.3679486328126,1821.9358484375002,1804.800048828125,1821.9358484375002,8.567899804687613,8.567899804687613,0.004724854550973714,1.0,target
2021-08-10 08:00:00,2021-08-10 12:00:00,2021-08-11 08:00:00,1728.7009216796876,1737.3018677734376,1720.0999755859375,1737.3018677734376,8.600946093750053,8.600946093750053,0.004975381215967056,1.0,target
2021-08-16 08:00:00,2021-08-16 12:00:00,2021-08-17 04:00:00,1780.7563380126953,1789.6126516113281,1771.9000244140625,1789.6126516113281,8.856313598632823,8.856313598632823,0.00497334385933809,1.0,target
2021-08-19 08:00:00,2021-08-19 12:00:00,2021-08-23 08:00:00,1783.0996868896484,1790.6993737792968,1775.5,1790.6993737792968,7.59968688964841,7.59968688964841,0.004262065068781954,1.0,target
2021-08-26 08:00:00,2021-08-26 12:00:00,2021-08-27 00:00:00,1787.3391723632812,1793.6783447265625,1781.0,1793.6783447265625,6.33917236328125,6.33917236328125,0.003546709243159136,1.0,target
2021-08-31 16:00:00,2021-08-31 20:00:00,2021-09-03 00:00:00,1808.8802705322266,1816.6605654785158,1801.0999755859375,1816.6605654785158,7.780294946289132,7.780294946289132,0.0043011663475106265,1.0,target
2021-09-03 08:00:00,2021-09-03 12:00:00,2021-09-07 08:00:00,1827.2145244140625,1818.9000244140625,1818.9000244140625,1835.5290244140624,8.314499999999953,-8.314499999999953,-0.004550368820358509,-1.0,stop
2021-09-09 16:00:00,2021-09-09 20:00:00,2021-09-13 04:00:00,1793.4308591186523,1787.9000244140625,1787.9000244140625,1798.961693823242,5.530834704589779,-5.530834704589779,-0.003083940859202012,-1.0,stop
2021-09-13 08:00:00,2021-09-13 12:00:00,2021-09-14 04:00:00,1790.7596,1784.0,1784.0,1797.5192000000002,6.759600000000091,-6.759600000000091,-0.003774711022071355,-1.0,stop
2021-09-14 08:00:00,2021-09-14 12:00:00,2021-09-16 08:00:00,1796.7158111328124,1783.0,1783.0,1810.4316222656248,13.715811132812405,-13.715811132812405,-0.00763382336139443,-1.0,stop
2021-09-20 08:00:00,2021-09-20 12:00:00,2021-09-21 04:00:00,1757.206778540039,1763.5135326660156,1750.9000244140625,1763.5135326660156,6.306754125976568,6.306754125976568,0.0035890791015593983,1.0,target
2021-09-21 08:00:00,2021-09-21 12:00:00,2021-09-22 12:00:00,1769.3105,1779.621,1759.0,1779.621,10.310500000000047,10.310500000000047,0.005827411299486465,1.0,target
2021-10-01 08:00:00,2021-10-01 12:00:00,2021-10-04 00:00:00,1756.7978356323242,1765.0956712646484,1748.5,1765.0956712646484,8.297835632324222,8.297835632324222,0.00472327291394777,1.0,target
2021-10-12 08:00:00,2021-10-12 12:00:00,2021-10-13 08:00:00,1759.5443026855469,1769.2885565429688,1749.800048828125,1769.2885565429688,9.744253857421882,9.744253857421882,0.005537941751480471,1.0,target
2021-10-18 08:00:00,2021-10-18 12:00:00,2021-10-19 00:00:00,1765.9956650390625,1772.491330078125,1759.5,1772.491330078125,6.495665039062487,6.495665039062487,0.0036781885525856077,1.0,target
2021-10-22 08:00:00,2021-10-22 12:00:00,2021-10-25 12:00:00,1796.4667732910157,1808.9335465820313,1784.0,1808.9335465820313,12.46677329101567,12.46677329101567,0.006939606942007235,1.0,target
2021-11-01 08:00:00,2021-11-01 12:00:00,2021-11-03 00:00:00,1791.6433655395508,1786.699951171875,1786.699951171875,1796.5867799072266,4.943414367675814,-4.943414367675814,-0.0027591508794425233,-1.0,stop
2021-11-09 08:00:00,2021-11-09 12:00:00,2021-11-10 08:00:00,1827.200351171875,1833.7007511718748,1820.699951171875,1833.7007511718748,6.5003999999999,6.5003999999999,0.0035575737470884723,1.0,target
2021-12-01 08:00:00,2021-12-01 12:00:00,2021-12-02 08:00:00,1783.0107200927735,1772.300048828125,1772.300048828125,1793.721391357422,10.710671264648454,-10.710671264648454,-0.006007070593547052,-1.0,stop
2021-12-03 08:00:00,2021-12-03 12:00:00,2021-12-08 00:00:00,1776.8099664672852,1787.1199329345704,1766.5,1787.1199329345704,10.309966467285221,10.309966467285221,0.005802514991394297,1.0,target
2021-12-10 08:00:00,2021-12-10 12:00:00,2021-12-14 12:00:00,1778.3844833984374,1769.0999755859375,1769.0999755859375,1787.6689912109373,9.284507812499896,-9.284507812499896,-0.005220753947851305,-1.0,stop
2021-12-23 08:00:00,2021-12-23 12:00:00,2021-12-28 00:00:00,1806.7519129394532,1812.7037770507814,1800.800048828125,1812.7037770507814,5.951864111328177,5.951864111328177,0.003294234293431537,1.0,target
2021-12-30 08:00:00,2021-12-30 12:00:00,2021-12-31 00:00:00,1807.752,1819.504,1796.0,1819.504,11.751999999999953,11.751999999999953,0.0065008917152352495,1.0,target
2022-01-10 08:00:00,2022-01-10 12:00:00,2022-01-11 00:00:00,1795.1276626953124,1799.8553009765624,1790.4000244140625,1799.8553009765624,4.727638281249938,4.727638281249938,0.002633594467677902,1.0,target
2022-01-12 08:00:00,2022-01-12 12:00:00,2022-01-13 04:00:00,1822.4146052001954,1816.9000244140625,1816.9000244140625,1827.9291859863283,5.51458078613291,-5.51458078613291,-0.0030259748634571134,-1.0,stop
2022-01-13 08:00:00,2022-01-13 12:00:00,2022-01-18 12:00:00,1819.681090661621,1815.4000244140625,1815.4000244140625,1823.9621569091796,4.281066247558556,-4.281066247558556,-0.0023526464442195174,-1.0,stop
2022-01-20 08:00:00,2022-01-20 12:00:00,2022-01-21 00:00:00,1840.9772594238282,1838.199951171875,1838.199951171875,1843.7545676757813,2.7773082519531727,-2.7773082519531727,-0.0015086054092935338,-1.0,stop
2022-01-25 08:00:00,2022-01-25 12:00:00,2022-01-26 00:00:00,1847.757643725586,1842.0,1842.0,1853.5152874511718,5.757643725585922,-5.757643725585922,-0.003116016727159593,-1.0,stop
2022-01-31 08:00:00,2022-01-31 12:00:00,2022-02-01 08:00:00,1793.347690612793,1801.5954056396486,1785.0999755859375,1801.5954056396486,8.24771502685553,8.24771502685553,0.004599060778915247,1.0,target
2022-02-02 08:00:00,2022-02-02 12:00:00,2022-02-03 12:00:00,1804.3459755859376,1795.0999755859375,1795.0999755859375,1813.5919755859377,9.246000000000095,-9.246000000000095,-0.005124294411994672,-1.0,stop
2022-02-07 08:00:00,2022-02-07 12:00:00,2022-02-08 12:00:00,1816.1259977661132,1823.1520199462889,1809.0999755859375,1823.1520199462889,7.026022180175687,7.026022180175687,0.00386868652770672,1.0,target
2022-02-14 08:00:00,2022-02-14 12:00:00,2022-02-15 00:00:00,1864.0591755859375,1873.5183755859375,1854.5999755859375,1873.5183755859375,9.45920000000001,9.45920000000001,0.005074517013134339,1.0,target
2022-02-16 08:00:00,2022-02-16 12:00:00,2022-02-17 00:00:00,1864.0422944335937,1871.7845400390624,1856.300048828125,1871.7845400390624,7.7422456054687245,7.7422456054687245,0.004153470996118828,1.0,target
2022-03-01 08:00:00,2022-03-01 12:00:00,2022-03-04 08:00:00,1926.5161344604492,1949.2322200927733,1903.800048828125,1949.2322200927733,22.716085632324166,22.716085632324166,0.011791277127656218,1.0,target
2022-03-21 08:00:00,2022-03-21 12:00:00,2022-03-22 00:00:00,1927.1833851928711,1925.0,1925.0,1929.3667703857423,2.1833851928711283,-2.1833851928711283,-0.0011329410629246457,-1.0,stop
2022-03-30 08:00:00,2022-03-30 12:00:00,2022-03-31 12:00:00,1927.721,1940.942,1914.5,1940.942,13.221000000000004,13.221000000000004,0.006858357615028318,1.0,target
2022-04-04 08:00:00,2022-04-04 12:00:00,2022-04-05 04:00:00,1927.5350755859374,1939.4701755859373,1915.5999755859375,1939.4701755859373,11.93509999999992,11.93509999999992,0.006191897699382646,1.0,target
2022-04-12 08:00:00,2022-04-12 12:00:00,2022-04-13 12:00:00,1964.7880755859376,1978.9761755859377,1950.5999755859375,1978.9761755859377,14.188100000000077,14.188100000000077,0.007221185926512157,1.0,target
2022-04-26 08:00:00,2022-04-26 12:00:00,2022-04-27 08:00:00,1902.5465861816406,1894.0,1894.0,1911.0931723632812,8.546586181640578,-8.546586181640578,-0.0044921823432420354,-1.0,stop
2022-04-28 08:00:00,2022-04-28 12:00:00,2022-04-29 00:00:00,1883.589191430664,1894.2783584472654,1872.9000244140625,1894.2783584472654,10.68916701660146,10.68916701660146,0.005674892946525454,1.0,target
2022-05-06 08:00:00,2022-05-06 12:00:00,2022-05-09 00:00:00,1881.8024267578126,1871.5,1871.5,1892.104853515625,10.302426757812555,-10.302426757812555,-0.005474765369265024,-1.0,stop
2022-05-16 08:00:00,2022-05-16 12:00:00,2022-05-17 00:00:00,1801.7605,1816.5210000000002,1787.0,1816.5210000000002,14.760500000000093,14.760500000000093,0.008192265287201097,1.0,target
2022-05-20 08:00:00,2022-05-20 12:00:00,2022-05-23 00:00:00,1839.482348828125,1842.6646488281249,1836.300048828125,1842.6646488281249,3.182299999999941,3.182299999999941,0.0017299975735169636,1.0,target
2022-05-27 08:00:00,2022-05-27 12:00:00,2022-05-31 12:00:00,1854.6897009155273,1845.9000244140625,1845.9000244140625,1863.479377416992,8.789676501464783,-8.789676501464783,-0.004739162835231117,-1.0,stop
2022-06-01 08:00:00,2022-06-01 12:00:00,2022-06-02 08:00:00,1838.6001344604492,1851.9002200927735,1825.300048828125,1851.9002200927735,13.300085632324226,13.300085632324226,0.007233810866780576,1.0,target
2022-06-07 08:00:00,2022-06-07 12:00:00,2022-06-08 12:00:00,1844.5599259399414,1854.1198518798828,1835.0,1854.1198518798828,9.559925939941422,9.559925939941422,0.005182767881650646,1.0,target
2022-06-10 08:00:00,2022-06-10 12:00:00,2022-06-13 12:00:00,1853.3483166015626,1823.9000244140625,1823.9000244140625,1882.7966087890627,29.4482921875001,-29.4482921875001,-0.01588923783171999,-1.0,stop
2022-06-15 08:00:00,2022-06-15 12:00:00,2022-06-16 12:00:00,1828.2586385986328,1845.7172283691407,1810.800048828125,1845.7172283691407,17.458589770507842,17.458589770507842,0.009549299755471096,1.0,target
2022-06-22 08:00:00,2022-06-22 12:00:00,2022-06-24 00:00:00,1833.0868022949219,1821.5999755859375,1821.5999755859375,1844.5736290039063,11.486826708984381,-11.486826708984381,-0.0062663844912327765,-1.0,stop
2022-06-24 08:00:00,2022-06-24 12:00:00,2022-06-27 00:00:00,1822.2221595214844,1828.6442702148438,1815.800048828125,1828.6442702148438,6.4221106933594,6.4221106933594,0.003524329160307131,1.0,target
2022-07-01 08:00:00,2022-07-01 12:00:00,2022-07-05 08:00:00,1800.1332255859375,1791.5999755859375,1791.5999755859375,1808.6664755859374,8.533249999999953,-8.533249999999953,-0.004740343591637451,-1.0,stop
2022-07-08 08:00:00,2022-07-08 12:00:00,2022-07-11 00:00:00,1742.4853798095703,1732.0999755859375,1732.0999755859375,1752.870784033203,10.385404223632804,-10.385404223632804,-0.005960109820128181,-1.0,stop
2022-07-21 08:00:00,2022-07-21 12:00:00,2022-07-22 08:00:00,1701.4520692138672,1723.1040895996093,1679.800048828125,1723.1040895996093,21.652020385742162,21.652020385742162,0.012725612891197214,1.0,target
2022-07-29 08:00:00,2022-07-29 12:00:00,2022-08-01 12:00:00,1758.7872626708984,1767.5745253417967,1750.0,1767.5745253417967,8.787262670898372,8.787262670898372,0.00499620554310475,1.0,target
2022-08-03 08:00:00,2022-08-03 12:00:00,2022-08-04 08:00:00,1762.70025,1772.4005000000002,1753.0,1772.4005000000002,9.700250000000096,9.700250000000096,0.005503062701670404,1.0,target
2022-08-09 08:00:00,2022-08-09 12:00:00,2022-08-10 00:00:00,1792.8460567749023,1796.6921135498046,1789.0,1796.6921135498046,3.8460567749023085,3.8460567749023085,0.0021452242150789376,1.0,target
2022-08-12 08:00:00,2022-08-12 12:00:00,2022-08-15 12:00:00,1792.919975756836,1784.300048828125,1784.300048828125,1801.539902685547,8.619926928711038,-8.619926928711038,-0.004807758876729762,-1.0,stop
2022-08-23 08:00:00,2022-08-23 12:00:00,2022-08-24 12:00:00,1741.6291244140625,1751.3582244140625,1731.9000244140625,1751.3582244140625,9.729100000000017,9.729100000000017,0.005586206537096803,1.0,target
2022-08-29 08:00:00,2022-08-29 12:00:00,2022-08-30 08:00:00,1737.1932319213868,1732.0999755859375,1732.0999755859375,1742.286488256836,5.093256335449269,-5.093256335449269,-0.0029318881986524765,-1.0,stop
2022-09-16 08:00:00,2022-09-16 12:00:00,2022-09-21 04:00:00,1664.6223919677734,1677.5448327636718,1651.699951171875,1677.5448327636718,12.92244079589841,12.92244079589841,0.007762986283407261,1.0,target
2022-09-30 08:00:00,2022-09-30 12:00:00,2022-10-03 08:00:00,1666.6376913085937,1675.2753826171875,1658.0,1675.2753826171875,8.63769130859373,8.63769130859373,0.005182704887594181,1.0,target
2022-10-04 08:00:00,2022-10-04 12:00:00,2022-10-07 12:00:00,1714.6304,1696.0,1696.0,1733.2608,18.63040000000001,-18.63040000000001,-0.010865548633688058,-1.0,stop
2022-10-17 08:00:00,2022-10-17 12:00:00,2022-10-19 00:00:00,1652.7660002685548,1646.800048828125,1646.800048828125,1658.7319517089845,5.965951440429762,-5.965951440429762,-0.003609677013842472,-1.0,stop
2022-11-03 16:00:00,2022-11-03 20:00:00,2022-11-04 00:00:00,1622.3971001342773,1629.694224682617,1615.0999755859375,1629.694224682617,7.297124548339752,7.297124548339752,0.004497742598119664,1.0,target
2022-11-09 08:00:00,2022-11-09 12:00:00,2022-11-10 08:00:00,1713.6921135498046,1721.3842270996092,1706.0,1721.3842270996092,7.692113549804617,7.692113549804617,0.004488620498971015,1.0,target
2022-11-15 08:00:00,2022-11-15 12:00:00,2022-11-16 00:00:00,1772.3145295288086,1774.7290346435548,1769.9000244140625,1774.7290346435548,2.4145051147461345,2.4145051147461345,0.0013623457205353161,1.0,target
2022-11-25 08:00:00,2022-11-25 12:00:00,2022-11-28 00:00:00,1753.8814605834962,1749.199951171875,1749.199951171875,1758.5629699951173,4.681509411621164,-4.681509411621164,-0.002669227947744929,-1.0,stop
2022-11-29 08:00:00,2022-11-29 12:00:00,2022-11-30 04:00:00,1749.2618934204102,1760.6237624267578,1737.9000244140625,1760.6237624267578,11.36186900634766,11.36186900634766,0.00649523610448707,1.0,target
2022-12-06 08:00:00,2022-12-06 12:00:00,2022-12-07 08:00:00,1774.2020244140624,1780.5040244140623,1767.9000244140625,1780.5040244140623,6.301999999999907,6.301999999999907,0.003552019394229453,1.0,target
2022-12-09 08:00:00,2022-12-09 12:00:00,2022-12-12 00:00:00,1798.2504552612304,1791.0999755859375,1791.0999755859375,1805.4009349365233,7.1504796752929,-7.1504796752929,-0.003976353602120543,-1.0,stop
2023-01-06 08:00:00,2023-01-06 12:00:00,2023-01-09 08:00:00,1853.3291953125,1871.3583417968748,1835.300048828125,1871.3583417968748,18.029146484374905,18.029146484374905,0.009727978456269293,1.0,target
2023-01-20 08:00:00,2023-01-20 12:00:00,2023-01-23 04:00:00,1925.508070288086,1921.4000244140625,1921.4000244140625,1929.6161161621094,4.108045874023446,-4.108045874023446,-0.0021334867079569387,-1.0,stop
2023-02-01 08:00:00,2023-02-01 12:00:00,2023-02-02 12:00:00,1941.4205,1922.0,1922.0,1960.841,19.420499999999947,-19.420499999999947,-0.010003242471169923,-1.0,stop
2023-02-06 08:00:00,2023-02-06 12:00:00,2023-02-09 04:00:00,1872.4968110351563,1881.59359765625,1863.4000244140625,1881.59359765625,9.09678662109377,9.09678662109377,0.004858105267514379,1.0,target
2023-02-17 08:00:00,2023-02-17 12:00:00,2023-02-23 12:00:00,1832.320601574707,1818.4000244140625,1818.4000244140625,1846.2411787353517,13.920577160644598,-13.920577160644598,-0.007597238795809627,-1.0,stop
2023-02-27 08:00:00,2023-02-27 12:00:00,2023-02-28 00:00:00,1814.0075499145507,1808.9000244140625,1808.9000244140625,1819.115075415039,5.1075255004882365,-5.1075255004882365,-0.002815603221016819,-1.0,stop
2023-03-08 08:00:00,2023-03-08 12:00:00,2023-03-09 00:00:00,1812.345334741211,1813.190669482422,1811.5,1813.190669482422,0.8453347412109906,0.8453347412109906,0.00046643138314017725,1.0,target
2023-03-09 08:00:00,2023-03-09 12:00:00,2023-03-10 00:00:00,1823.0213052612305,1830.4426349365235,1815.5999755859375,1830.4426349365235,7.421329675293009,7.421329675293009,0.004070895745362431,1.0,target
2023-03-13 08:00:00,2023-03-13 12:00:00,2023-03-15 12:00:00,1896.5053755859376,1917.9107755859377,1875.0999755859375,1917.9107755859377,21.4054000000001,21.4054000000001,0.011286759465886968,1.0,target
2023-03-30 08:00:00,2023-03-30 12:00:00,2023-04-03 04:00:00,1972.2342244140625,1954.9000244140625,1954.9000244140625,1989.5684244140625,17.33420000000001,-17.33420000000001,-0.008789118343765626,-1.0,stop
2023-04-03 08:00:00,2023-04-03 12:00:00,2023-04-04 08:00:00,1973.1142829345704,1996.2285658691408,1950.0,1996.2285658691408,23.114282934570383,23.114282934570383,0.011714619439170551,1.0,target
2023-04-24 08:00:00,2023-04-24 12:00:00,2023-04-25 00:00:00,1984.842519067383,1992.2850137207033,1977.4000244140625,1992.2850137207033,7.442494653320409,7.442494653320409,0.0037496650650236025,1.0,target
2023-05-01 08:00:00,2023-05-01 12:00:00,2023-05-02 12:00:00,1993.4368600463868,2009.973695678711,1976.9000244140625,2009.973695678711,16.536835632324255,16.536835632324255,0.008295640541100182,1.0,target
2023-05-03 08:00:00,2023-05-03 12:00:00,2023-05-04 00:00:00,2026.23053470459,2037.2611182373048,2015.199951171875,2037.2611182373048,11.0305835327149,11.0305835327149,0.005443893645755902,1.0,target
2023-05-04 08:00:00,2023-05-04 12:00:00,2023-05-05 08:00:00,2058.6304,2040.0,2040.0,2077.2608,18.63040000000001,-18.63040000000001,-0.009049900360939006,-1.0,stop
2023-05-09 08:00:00,2023-05-09 12:00:00,2023-05-10 04:00:00,2032.0754176391602,2038.2508108642578,2025.9000244140625,2038.2508108642578,6.17539322509765,6.17539322509765,0.0030389586781538577,1.0,target
2023-05-30 08:00:00,2023-05-30 12:00:00,2023-05-31 12:00:00,1949.5681456542968,1968.1362913085936,1931.0,1968.1362913085936,18.568145654296814,18.568145654296814,0.009524235249578895,1.0,target
2023-06-01 08:00:00,2023-06-01 12:00:00,2023-06-02 12:00:00,1971.1899700927734,1954.300048828125,1954.300048828125,1988.0798913574217,16.889921264648365,-16.889921264648365,-0.008568388395286654,-1.0,stop
2023-06-05 08:00:00,2023-06-05 12:00:00,2023-06-07 04:00:00,1952.5034439331055,1967.206839038086,1937.800048828125,1967.206839038086,14.703395104980473,14.703395104980473,0.007530534786336707,1.0,target
2023-06-14 08:00:00,2023-06-14 12:00:00,2023-06-15 00:00:00,1950.88247109375,1940.300048828125,1940.300048828125,1961.4648933593749,10.582422265624928,-10.582422265624928,-0.0054244283919840436,-1.0,stop
2023-06-15 08:00:00,2023-06-15 12:00:00,2023-06-21 12:00:00,1946.3065102294922,1926.0,1926.0,1966.6130204589845,20.306510229492233,-20.306510229492233,-0.010433356782585008,-1.0,stop
2023-06-29 16:00:00,2023-06-29 20:00:00,2023-06-30 08:00:00,1902.4211977905272,1912.3423955810545,1892.5,1912.3423955810545,9.92119779052723,9.92119779052723,0.005215037449146232,1.0,target
2023-07-18 08:00:00,2023-07-18 12:00:00,2023-07-21 00:00:00,1972.5920244140625,1963.4000244140625,1963.4000244140625,1981.7840244140625,9.192000000000007,-9.192000000000007,-0.004659858646001771,-1.0,stop
2023-07-28 08:00:00,2023-07-28 12:00:00,2023-07-31 12:00:00,1953.772351171875,1963.344751171875,1944.199951171875,1963.344751171875,9.572400000000016,9.572400000000016,0.004899444909361359,1.0,target
2023-08-22 08:00:00,2023-08-22 12:00:00,2023-08-23 00:00:00,1894.977648828125,1897.155248828125,1892.800048828125,1897.155248828125,2.177599999999984,2.177599999999984,0.0011491428415246142,1.0,target
2023-08-29 08:00:00,2023-08-29 12:00:00,2023-08-30 08:00:00,1927.8701307495116,1938.8402370849608,1916.9000244140625,1938.8402370849608,10.970106335449145,10.970106335449145,0.005690272472443058,1.0,target
2023-09-11 08:00:00,2023-09-11 12:00:00,2023-09-12 00:00:00,1925.683798828125,1921.800048828125,1921.800048828125,1929.567548828125,3.8837499999999636,-3.8837499999999636,-0.002016816053790046,-1.0,stop
2023-09-18 08:00:00,2023-09-18 12:00:00,2023-09-19 00:00:00,1929.525289453125,1932.6505544921874,1926.4000244140625,1932.6505544921874,3.1252650390624694,3.1252650390624694,0.0016197066999563642,1.0,target
2023-10-06 08:00:00,2023-10-06 12:00:00,2023-10-09 00:00:00,1821.6752377929688,1833.950451171875,1809.4000244140625,1833.950451171875,12.275213378906301,12.275213378906301,0.006738420287129886,1.0,target
2023-10-10 08:00:00,2023-10-10 12:00:00,2023-10-11 00:00:00,1857.698594921875,1862.5971410156249,1852.800048828125,1862.5971410156249,4.898546093749928,4.898546093749928,0.0026368895940064676,1.0,target
2023-10-11 08:00:00,2023-10-11 12:00:00,2023-10-12 00:00:00,1872.3862255859376,1875.6724755859377,1869.0999755859375,1875.6724755859377,3.286250000000109,3.286250000000109,0.001755113317484336,1.0,target
2023-10-19 08:00:00,2023-10-19 12:00:00,2023-10-20 00:00:00,1963.322351171875,1980.944751171875,1945.699951171875,1980.944751171875,17.62239999999997,17.62239999999997,0.008975805725168588,1.0,target
2023-10-20 08:00:00,2023-10-20 12:00:00,2023-10-23 00:00:00,1985.1445161621093,1980.4000244140625,1980.4000244140625,1989.8890079101561,4.744491748046812,-4.744491748046812,-0.002389998163569151,-1.0,stop
2023-10-23 08:00:00,2023-10-23 12:00:00,2023-10-24 00:00:00,1976.3338244140625,1972.9000244140625,1972.9000244140625,1979.7676244140625,3.4338000000000193,-3.4338000000000193,-0.0017374595109295678,-1.0,stop
2023-10-26 16:00:00,2023-10-26 20:00:00,2023-10-30 00:00:00,1984.5534607177735,1988.7068970214846,1980.4000244140625,1988.7068970214846,4.1534363037110325,4.1534363037110325,0.002092882044209994,1.0,target
2023-11-09 08:00:00,2023-11-09 12:00:00,2023-11-10 08:00:00,1955.5381259277344,1945.300048828125,1945.300048828125,1965.7762030273439,10.238077099609427,-10.238077099609427,-0.0052354269977489395,-1.0,stop
2023-11-13 08:00:00,2023-11-13 12:00:00,2023-11-14 00:00:00,1941.4355324951173,1948.8710649902346,1934.0,1948.8710649902346,7.435532495117286,7.435532495117286,0.00382991470520847,1.0,target
2023-11-16 08:00:00,2023-11-16 12:00:00,2023-11-21 00:00:00,1975.350102783203,1986.1002299804686,1964.5999755859375,1986.1002299804686,10.750127197265556,10.750127197265556,0.00544213766568214,1.0,target
2023-11-21 08:00:00,2023-11-21 12:00:00,2023-11-27 00:00:00,1998.8105,2009.121,1988.5,2009.121,10.310500000000047,10.310500000000047,0.005158317909576745,1.0,target
2023-11-29 08:00:00,2023-11-29 12:00:00,2023-11-30 12:00:00,2045.0112246582032,2036.0,2036.0,2054.0224493164064,9.011224658203218,-9.011224658203218,-0.004406442639310856,-1.0,stop
2023-12-06 08:00:00,2023-12-06 12:00:00,2023-12-08 08:00:00,2028.2064267578126,2019.0,2019.0,2037.412853515625,9.206426757812551,-9.206426757812551,-0.004539196127353504,-1.0,stop
2023-12-21 08:00:00,2023-12-21 12:00:00,2023-12-22 00:00:00,2039.97475,2046.9495000000002,2033.0,2046.9495000000002,6.9747500000000855,6.9747500000000855,0.0034190374170072865,1.0,target
2023-12-22 08:00:00,2023-12-22 12:00:00,2023-12-27 08:00:00,2061.182551171875,2070.1651511718746,2052.199951171875,2070.1651511718746,8.98259999999982,8.98259999999982,0.004357983719051381,1.0,target
2024-01-02 08:00:00,2024-01-02 12:00:00,2024-01-03 00:00:00,2067.332247363281,2057.10009765625,2057.10009765625,2077.564397070312,10.232149707031112,-10.232149707031112,-0.004949446186060035,-1.0,stop
2024-01-04 08:00:00,2024-01-04 12:00:00,2024-01-05 04:00:00,2041.7843,2045.5686,2038.0,2045.5686,3.78430000000003,3.78430000000003,0.001853427906170123,1.0,target
2024-01-18 08:00:00,2024-01-18 12:00:00,2024-01-19 00:00:00,2015.0764650390624,2020.6529300781249,2009.5,2020.6529300781249,5.576465039062441,5.576465039062441,0.0027673714302222973,1.0,target
2024-01-19 08:00:00,2024-01-19 12:00:00,2024-01-24 12:00:00,2028.58655,2019.5,2019.5,2037.6731,9.086549999999988,-9.086549999999988,-0.004479251821915111,-1.0,stop
2024-01-31 08:00:00,2024-01-31 12:00:00,2024-02-01 04:00:00,2045.3875,2030.0,2030.0,2060.775,15.387500000000045,-15.387500000000045,-0.007523024365798679,-1.0,stop
2024-02-01 08:00:00,2024-02-01 12:00:00,2024-02-02 12:00:00,2049.89175,2029.0,2029.0,2070.7834999999995,20.891749999999774,-20.891749999999774,-0.010191635729057291,-1.0,stop
2024-02-08 08:00:00,2024-02-08 12:00:00,2024-02-09 12:00:00,2030.2023098632812,2020.300048828125,2020.300048828125,2040.1045708984375,9.902261035156243,-9.902261035156243,-0.004877475011750472,-1.0,stop
2024-02-23 08:00:00,2024-02-23 12:00:00,2024-02-29 08:00:00,2028.4635064697266,2042.0269885253906,2014.9000244140625,2042.0269885253906,13.563482055664053,13.563482055664053,0.006686579281512196,1.0,target
2024-03-05 08:00:00,2024-03-05 12:00:00,2024-03-06 08:00:00,2124.8831719238283,2138.3664415039066,2111.39990234375,2138.3664415039066,13.483269580078286,13.483269580078286,0.006345416895494915,1.0,target
2024-03-11 08:00:00,2024-03-11 12:00:00,2024-03-12 08:00:00,2181.26298034668,2177.199951171875,2177.199951171875,2185.3260095214846,4.063029174804797,-4.063029174804797,-0.0018626957003410188,-1.0,stop
2024-03-20 08:00:00,2024-03-20 12:00:00,2024-03-21 00:00:00,2171.15090234375,2191.4019023437504,2150.89990234375,2191.4019023437504,20.251000000000204,20.251000000000204,0.009327311140897354,1.0,target
2024-03-27 08:00:00,2024-03-27 12:00:00,2024-03-28 08:00:00,2186.4130006591795,2200.725903662109,2172.10009765625,2200.725903662109,14.312903002929488,14.312903002929488,0.006546294317960196,1.0,target
2024-04-01 08:00:00,2024-04-01 12:00:00,2024-04-02 12:00:00,2250.1266712646484,2270.253342529297,2230.0,2270.253342529297,20.126671264648394,20.126671264648394,0.008944683657892253,1.0,target
2024-04-03 08:00:00,2024-04-03 12:00:00,2024-04-04 00:00:00,2285.027853540039,2302.155804736328,2267.89990234375,2302.155804736328,17.127951196288905,17.127951196288905,0.0074957297215234074,1.0,target
2024-04-05 08:00:00,2024-04-05 12:00:00,2024-04-09 08:00:00,2304.61600234375,2341.83210234375,2267.39990234375,2341.83210234375,37.2161000000001,37.2161000000001,0.016148503682241223,1.0,target
2024-04-11 08:00:00,2024-04-11 12:00:00,2024-04-12 00:00:00,2357.9058184814453,2385.2115393066406,2330.60009765625,2385.2115393066406,27.305720825195294,27.305720825195294,0.011580496816781645,1.0,target
2024-04-19 08:00:00,2024-04-19 12:00:00,2024-04-22 08:00:00,2389.690798828125,2377.300048828125,2377.300048828125,2402.081548828125,12.390750000000025,-12.390750000000025,-0.005185085035300925,-1.0,stop
2024-04-24 08:00:00,2024-04-24 12:00:00,2024-04-25 00:00:00,2323.0628297363282,2314.60009765625,2314.60009765625,2331.5255618164065,8.46273208007824,-8.46273208007824,-0.003642920015658283,-1.0,stop
2024-04-25 08:00:00,2024-04-25 12:00:00,2024-04-26 00:00:00,2318.344906274414,2331.689812548828,2305.0,2331.689812548828,13.344906274413916,13.344906274413916,0.005756221275918437,1.0,target
2024-04-29 08:00:00,2024-04-29 12:00:00,2024-04-30 00:00:00,2337.750677001953,2327.89990234375,2327.89990234375,2347.6014516601563,9.850774658203136,-9.850774658203136,-0.004213783255465144,-1.0,stop
2024-05-01 08:00:00,2024-05-01 12:00:00,2024-05-03 12:00:00,2309.399798828125,2283.800048828125,2283.800048828125,2334.9995488281247,25.599749999999858,-25.599749999999858,-0.011085023049274587,-1.0,stop
2024-05-03 16:00:00,2024-05-03 20:00:00,2024-05-06 00:00:00,2290.2867005371095,2302.973303417969,2277.60009765625,2302.973303417969,12.686602880859482,12.686602880859482,0.0055393077547384205,1.0,target
2024-05-15 08:00:00,2024-05-15 12:00:00,2024-05-17 08:00:00,2376.244539770508,2396.4890795410156,2356.0,2396.4890795410156,20.2445397705078,20.2445397705078,0.008519552357377735,1.0,target
2024-05-20 08:00:00,2024-05-20 12:00:00,2024-05-22 08:00:00,2424.801467675781,2409.699951171875,2409.699951171875,2439.9029841796873,15.101516503906169,-15.101516503906169,-0.006227939361312438,-1.0,stop
2024-05-30 08:00:00,2024-05-30 12:00:00,2024-05-31 12:00:00,2337.6641401367187,2320.800048828125,2320.800048828125,2354.5282314453125,16.864091308593743,-16.864091308593743,-0.007214077941755758,-1.0,stop
2024-06-03 08:00:00,2024-06-03 12:00:00,2024-06-05 12:00:00,2331.67765,2351.3553,2312.0,2351.3553,19.677650000000085,19.677650000000085,0.008439266894375424,1.0,target
2024-06-12 08:00:00,2024-06-12 12:00:00,2024-06-13 00:00:00,2325.505356542969,2310.300048828125,2310.300048828125,2340.710664257813,15.205307714843912,-15.205307714843912,-0.006538496104540346,-1.0,stop
2024-06-28 08:00:00,2024-06-28 12:00:00,2024-07-03 08:00:00,2329.2637659667967,2339.5275319335933,2319.0,2339.5275319335933,10.263765966796655,10.263765966796655,0.00440644211993592,1.0,target
2024-07-12 08:00:00,2024-07-12 12:00:00,2024-07-15 00:00:00,2403.4536026855467,2415.6071565429684,2391.300048828125,2415.6071565429684,12.153553857421684,12.153553857421684,0.005056704170965343,1.0,target
2024-07-23 08:00:00,2024-07-23 12:00:00,2024-07-24 00:00:00,2397.799605004883,2406.8992588378906,2388.699951171875,2406.8992588378906,9.099653833007778,9.099653833007778,0.003795001806662341,1.0,target
2024-07-30 08:00:00,2024-07-30 12:00:00,2024-07-31 08:00:00,2394.659848828125,2415.5196488281254,2373.800048828125,2415.5196488281254,20.859800000000178,20.859800000000178,0.008710965780884638,1.0,target
2024-08-09 08:00:00,2024-08-09 12:00:00,2024-08-12 00:00:00,2425.8671729003904,2433.234345800781,2418.5,2433.234345800781,7.367172900390415,7.367172900390415,0.003036923448525894,1.0,target
2024-08-13 08:00:00,2024-08-13 12:00:00,2024-08-14 04:00:00,2464.10455,2471.7091,2456.5,2471.7091,7.6045500000000175,7.6045500000000175,0.003086131227670521,1.0,target
2024-08-16 08:00:00,2024-08-16 12:00:00,2024-08-20 08:00:00,2482.9261567382814,2514.452411132813,2451.39990234375,2514.452411132813,31.526254394531406,31.526254394531406,0.012697217880996573,1.0,target
2024-08-27 08:00:00,2024-08-27 12:00:00,2024-08-28 00:00:00,2516.521198339844,2506.89990234375,2506.89990234375,2526.142494335938,9.621295996093977,-9.621295996093977,-0.0038232525132079844,-1.0,stop
2024-09-12 08:00:00,2024-09-12 12:00:00,2024-09-13 00:00:00,2541.3893946289063,2559.3788869140626,2523.39990234375,2559.3788869140626,17.989492285156302,17.989492285156302,0.007078605239785825,1.0,target
2024-09-13 08:00:00,2024-09-13 12:00:00,2024-09-17 12:00:00,2574.463467504883,2565.0,2565.0,2583.9269350097657,9.463467504882829,-9.463467504882829,-0.003675898929750449,-1.0,stop
2024-09-24 08:00:00,2024-09-24 12:00:00,2024-09-26 12:00:00,2647.5873893066405,2669.674778613281,2625.5,2669.674778613281,22.08738930664049,22.08738930664049,0.008342459023581017,1.0,target
2024-10-03 08:00:00,2024-10-03 12:00:00,2024-10-04 04:00:00,2649.4785841308594,2658.957168261719,2640.0,2658.957168261719,9.478584130859417,9.478584130859417,0.003577528117280024,1.0,target
2024-10-21 08:00:00,2024-10-21 12:00:00,2024-10-22 12:00:00,2730.9627907714844,2742.4255815429688,2719.5,2742.4255815429688,11.462790771484379,11.462790771484379,0.004197344178477874,1.0,target
2024-10-28 08:00:00,2024-10-28 12:00:00,2024-10-29 00:00:00,2736.6260680664063,2743.7521361328127,2729.5,2743.7521361328127,7.126068066406333,7.126068066406333,0.002603961187668338,1.0,target
2024-11-18 08:00:00,2024-11-18 12:00:00,2024-11-19 00:00:00,2602.452572265625,2615.5052421875,2589.39990234375,2615.5052421875,13.052669921874894,13.052669921874894,0.005015526531002866,1.0,target
2024-11-19 08:00:00,2024-11-19 12:00:00,2024-11-20 00:00:00,2623.925875048828,2628.551701269531,2619.300048828125,2628.551701269531,4.6258262207029475,4.6258262207029475,0.0017629408912387308,1.0,target
2024-11-21 08:00:00,2024-11-21 12:00:00,2024-11-22 00:00:00,2665.6466400146483,2675.5933288574215,2655.699951171875,2675.5933288574215,9.946688842773256,9.946688842773256,0.003731435627461334,1.0,target
2024-11-22 08:00:00,2024-11-22 12:00:00,2024-11-25 08:00:00,2699.1556044921876,2685.60009765625,2685.60009765625,2712.7111113281253,13.55550683593765,-13.55550683593765,-0.00502212870327939,-1.0,stop
2024-11-27 08:00:00,2024-11-27 12:00:00,2024-11-29 04:00:00,2645.4326521728517,2627.199951171875,2627.199951171875,2663.6653531738284,18.232701000976704,-18.232701000976704,-0.0068921433271042064,-1.0,stop
2024-11-29 08:00:00,2024-11-29 12:00:00,2024-12-06 00:00:00,2645.102925830078,2620.699951171875,2620.699951171875,2669.5059004882814,24.40297465820322,-24.40297465820322,-0.009225718371826742,-1.0,stop
2024-12-06 08:00:00,2024-12-06 12:00:00,2024-12-09 08:00:00,2631.528853515625,2645.55770703125,2617.5,2645.55770703125,14.028853515625087,14.028853515625087,0.005331065816315508,1.0,target
2024-12-11 08:00:00,2024-12-11 12:00:00,2024-12-12 12:00:00,2717.418318481445,2693.10009765625,2693.10009765625,2741.73653930664,24.318220825195112,-24.318220825195112,-0.008949016299700477,-1.0,stop
2024-12-24 08:00:00,2024-12-24 12:00:00,2024-12-26 00:00:00,2615.8021,2622.1041999999998,2609.5,2622.1041999999998,6.302099999999882,6.302099999999882,0.0024092418918082075,1.0,target
2024-12-31 08:00:00,2024-12-31 12:00:00,2025-01-02 00:00:00,2619.856582397461,2634.813262451172,2604.89990234375,2634.813262451172,14.956680053710897,14.956680053710897,0.005708969015404602,1.0,target
2025-01-07 08:00:00,2025-01-07 12:00:00,2025-01-08 08:00:00,2655.59155,2658.1831,2653.0,2658.1831,2.5915500000000975,2.5915500000000975,0.0009758842620206776,1.0,target
2025-01-09 08:00:00,2025-01-09 12:00:00,2025-01-10 04:00:00,2677.867261694336,2687.8346210449217,2667.89990234375,2687.8346210449217,9.967359350585866,9.967359350585866,0.0037221259967453856,1.0,target
2025-01-14 08:00:00,2025-01-14 12:00:00,2025-01-15 00:00:00,2681.146048828125,2691.492048828125,2670.800048828125,2691.492048828125,10.346000000000004,10.346000000000004,0.003858797622950093,1.0,target
2025-01-17 08:00:00,2025-01-17 12:00:00,2025-01-21 04:00:00,2740.7659471191405,2725.5,2725.5,2756.031894238281,15.265947119140492,-15.265947119140492,-0.0055699565062046815,-1.0,stop
2025-01-22 08:00:00,2025-01-22 12:00:00,2025-01-23 04:00:00,2761.829346582031,2753.5,2753.5,2770.1586931640622,8.329346582031121,-8.329346582031121,-0.003015880250653179,-1.0,stop
2025-02-04 08:00:00,2025-02-04 12:00:00,2025-02-05 08:00:00,2837.7579092285155,2859.415720800781,2816.10009765625,2859.415720800781,21.657811572265473,21.657811572265473,0.007632015226469215,1.0,target
2025-02-18 08:00:00,2025-02-18 12:00:00,2025-02-20 00:00:00,2912.1612390625,2950.522429296875,2873.800048828125,2950.522429296875,38.361190234375044,38.361190234375044,0.013172756274554531,1.0,target
2025-02-26 08:00:00,2025-02-26 12:00:00,2025-02-27 00:00:00,2915.264,2917.5280000000002,2913.0,2917.5280000000002,2.2640000000001237,2.2640000000001237,0.0007766020504489898,1.0,target
2025-03-03 08:00:00,2025-03-03 12:00:00,2025-03-04 08:00:00,2879.142103540039,2894.884304736328,2863.39990234375,2894.884304736328,15.742201196288988,15.742201196288988,0.00546767079573225,1.0,target
2025-03-11 08:00:00,2025-03-11 12:00:00,2025-03-12 08:00:00,2902.0891815185546,2923.778460693359,2880.39990234375,2923.778460693359,21.689279174804597,21.689279174804597,0.007473677691550267,1.0,target
2025-03-14 08:00:00,2025-03-14 12:00:00,2025-03-18 00:00:00,2997.1145888671876,3008.2291777343753,2986.0,3008.2291777343753,11.11458886718765,11.11458886718765,0.003708429737212218,1.0,target
2025-03-18 08:00:00,2025-03-18 12:00:00,2025-03-19 12:00:00,3025.725372265625,3047.0508421875,3004.39990234375,3047.0508421875,21.325469921875083,21.325469921875083,0.007048052053021203,1.0,target
2025-03-28 08:00:00,2025-03-28 12:00:00,2025-03-31 08:00:00,3081.7435509277343,3096.6870530273436,3066.800048828125,3096.6870530273436,14.943502099609304,14.943502099609304,0.0048490414119989585,1.0,target
2025-04-02 08:00:00,2025-04-02 12:00:00,2025-04-03 08:00:00,3148.959702734375,3117.39990234375,3117.39990234375,3180.5195031249996,31.559800390624787,-31.559800390624787,-0.010022294144704385,-1.0,stop
2025-04-15 08:00:00,2025-04-15 12:00:00,2025-04-16 00:00:00,3216.9097397705077,3219.8194795410154,3214.0,3219.8194795410154,2.909739770507713,2.909739770507713,0.0009045139608782719,1.0,target
2025-05-06 08:00:00,2025-05-06 12:00:00,2025-05-08 08:00:00,3397.4067685546875,3356.800048828125,3356.800048828125,3438.01348828125,40.60671972656246,-40.60671972656246,-0.01195226903719781,-1.0,stop
2025-05-13 08:00:00,2025-05-13 12:00:00,2025-05-14 08:00:00,3239.2160149902343,3223.5,3223.5,3254.9320299804685,15.716014990234271,-15.716014990234271,-0.0048517959029298185,-1.0,stop
2025-05-15 08:00:00,2025-05-15 12:00:00,2025-05-20 08:00:00,3188.8292704589844,3252.658540917969,3125.0,3252.658540917969,63.82927045898441,63.82927045898441,0.02001652175307496,1.0,target
2025-05-21 08:00:00,2025-05-21 12:00:00,2025-05-22 00:00:00,3306.7574307861328,3323.3149104003905,3290.199951171875,3323.3149104003905,16.557479614257772,16.557479614257772,0.005007164861899615,1.0,target
2025-05-23 08:00:00,2025-05-23 12:00:00,2025-05-27 08:00:00,3346.449285888672,3323.5,3323.5,3369.398571777344,22.949285888671966,-22.949285888671966,-0.006857801785744866,-1.0,stop
2025-05-29 08:00:00,2025-05-29 12:00:00,2025-06-02 08:00:00,3290.758064331055,3339.1162263183596,3242.39990234375,3339.1162263183596,48.35816198730481,48.35816198730481,0.01469514350248506,1.0,target
2025-06-04 08:00:00,2025-06-04 12:00:00,2025-06-05 04:00:00,3364.9592,3385.9183999999996,3344.0,3385.9183999999996,20.959199999999782,20.959199999999782,0.006228663931497233,1.0,target
2025-06-12 08:00:00,2025-06-12 12:00:00,2025-06-13 00:00:00,3376.15440234375,3398.90890234375,3353.39990234375,3398.90890234375,22.754500000000007,22.754500000000007,0.006739768768929429,1.0,target
2025-06-20 08:00:00,2025-06-20 12:00:00,2025-06-23 12:00:00,3359.4572834960936,3377.9145669921872,3341.0,3377.9145669921872,18.457283496093623,18.457283496093623,0.005494126562277834,1.0,target
2025-06-25 08:00:00,2025-06-25 12:00:00,2025-06-26 08:00:00,3321.6848788330076,3332.769660009765,3310.60009765625,3332.769660009765,11.084781176757588,11.084781176757588,0.003337095956149806,1.0,target
2025-06-30 08:00:00,2025-06-30 12:00:00,2025-07-01 08:00:00,3288.3831826171877,3314.7663652343754,3262.0,3314.7663652343754,26.383182617187686,26.383182617187686,0.008023147289115377,1.0,target
2025-07-07 08:00:00,2025-07-07 12:00:00,2025-07-08 12:00:00,3318.8381974121094,3299.199951171875,3299.199951171875,3338.4764436523437,19.638246240234366,-19.638246240234366,-0.005917205079641257,-1.0,stop
2025-07-09 08:00:00,2025-07-09 12:00:00,2025-07-10 00:00:00,3299.3344,3316.6688000000004,3282.0,3316.6688000000004,17.334400000000187,17.334400000000187,0.005253908182207959,1.0,target
2025-07-16 08:00:00,2025-07-16 12:00:00,2025-07-17 00:00:00,3342.5337456054685,3329.5,3329.5,3355.567491210937,13.033745605468539,-13.033745605468539,-0.0038993609631030363,-1.0,stop
2025-07-22 08:00:00,2025-07-22 12:00:00,2025-07-23 12:00:00,3420.3158044921875,3395.60009765625,3395.60009765625,3445.031511328125,24.715706835937453,-24.715706835937453,-0.007226147598264536,-1.0,stop
2025-08-04 08:00:00,2025-08-04 12:00:00,2025-08-07 08:00:00,3370.163979199219,3392.9280560546877,3347.39990234375,3392.9280560546877,22.76407685546883,22.76407685546883,0.00675459027987053,1.0,target
2025-08-08 08:00:00,2025-08-08 12:00:00,2025-08-11 00:00:00,3447.4831,3402.5,3402.5,3492.4662,44.98309999999992,-44.98309999999992,-0.01304809877095552,-1.0,stop
2025-08-26 08:00:00,2025-08-26 12:00:00,2025-08-27 12:00:00,3385.4764423828124,3399.8527871093747,3371.10009765625,3399.8527871093747,14.376344726562365,14.376344726562365,0.004246476078399119,1.0,target
2025-08-28 08:00:00,2025-08-28 12:00:00,2025-08-29 00:00:00,3418.400331933594,3436.8006638671877,3400.0,3436.8006638671877,18.40033193359386,18.40033193359386,0.005382731730307856,1.0,target
2025-08-29 08:00:00,2025-08-29 12:00:00,2025-09-02 00:00:00,3454.02539765625,3481.4506976562498,3426.60009765625,3481.4506976562498,27.42529999999988,27.42529999999988,0.0079400979560282,1.0,target
2025-09-03 08:00:00,2025-09-03 12:00:00,2025-09-04 00:00:00,3575.649101171875,3553.199951171875,3553.199951171875,3598.098251171875,22.449149999999918,-22.449149999999918,-0.006278342579153666,-1.0,stop
2025-09-08 08:00:00,2025-09-08 12:00:00,2025-09-09 04:00:00,3620.7938,3651.5876,3590.0,3651.5876,30.79379999999992,30.79379999999992,0.00850470965786561,1.0,target
2025-09-10 08:00:00,2025-09-10 12:00:00,2025-09-11 04:00:00,3640.508125390625,3620.800048828125,3620.800048828125,3660.216201953125,19.708076562500082,-19.708076562500082,-0.005413551043890449,-1.0,stop
2025-09-15 08:00:00,2025-09-15 12:00:00,2025-09-22 08:00:00,3666.8598067382813,3698.6195158203127,3635.10009765625,3698.6195158203127,31.75970908203135,31.75970908203135,0.008661282611260238,1.0,target
2025-09-23 08:00:00,2025-09-23 12:00:00,2025-09-24 12:00:00,3766.3258,3740.0,3740.0,3792.6516,26.325800000000072,-26.325800000000072,-0.006989782986909967,-1.0,stop
2025-09-30 08:00:00,2025-09-30 12:00:00,2025-10-01 12:00:00,3835.7659197265625,3878.131937109375,3793.39990234375,3878.131937109375,42.366017382812515,42.366017382812515,0.011044995515741125,1.0,target
2025-10-03 08:00:00,2025-10-03 12:00:00,2025-10-06 00:00:00,3872.047335302734,3890.3947194335933,3853.699951171875,3890.3947194335933,18.347384130859155,18.347384130859155,0.004738419379220909,1.0,target
2025-10-06 08:00:00,2025-10-06 12:00:00,2025-10-07 08:00:00,3944.9936220703125,3963.1871953125,3926.800048828125,3963.1871953125,18.19357324218754,18.19357324218754,0.0046118130940449135,1.0,target
2025-10-10 08:00:00,2025-10-10 12:00:00,2025-10-13 08:00:00,3983.3784,4021.2568,3945.5,4021.2568,37.878400000000056,37.878400000000056,0.009509114173034641,1.0,target
2025-10-20 08:00:00,2025-10-20 12:00:00,2025-10-21 08:00:00,4296.76129765625,4214.60009765625,4214.60009765625,4378.922497656249,82.16119999999955,-82.16119999999955,-0.019121657990360308,-1.0,stop
2025-10-23 08:00:00,2025-10-23 12:00:00,2025-10-27 00:00:00,4108.528897338867,4070.699951171875,4070.699951171875,4146.357843505859,37.828946166991955,-37.828946166991955,-0.009207418789604746,-1.0,stop
2025-10-28 08:00:00,2025-10-28 12:00:00,2025-10-29 00:00:00,3946.2546997558593,3968.9093018554686,3923.60009765625,3968.9093018554686,22.654602099609292,22.654602099609292,0.0057407855861434515,1.0,target
2025-10-30 08:00:00,2025-10-30 12:00:00,2025-11-10 00:00:00,3980.392551171875,4047.0851511718747,3913.699951171875,4047.0851511718747,66.69259999999986,66.69259999999986,0.01675528208401575,1.0,target
2025-11-12 08:00:00,2025-11-12 12:00:00,2025-11-13 00:00:00,4157.24300234375,4211.58610234375,4102.89990234375,4211.58610234375,54.34310000000005,54.34310000000005,0.013071908466587775,1.0,target
2025-11-18 08:00:00,2025-11-18 12:00:00,2025-11-19 00:00:00,4052.63581796875,4069.67153828125,4035.60009765625,4069.67153828125,17.03572031249996,17.03572031249996,0.0042036149009408285,1.0,target
2025-11-20 08:00:00,2025-11-20 12:00:00,2025-11-21 00:00:00,4069.245642919922,4040.199951171875,4040.199951171875,4098.291334667969,29.04569174804692,-29.04569174804692,-0.007137856570193422,-1.0,stop
2025-11-28 08:00:00,2025-11-28 12:00:00,2025-12-01 08:00:00,4184.617968066406,4229.235936132813,4140.0,4229.235936132813,44.61796806640632,44.61796806640632,0.010662375492074614,1.0,target
2025-12-05 08:00:00,2025-12-05 12:00:00,2025-12-08 08:00:00,4231.838239160156,4194.5,4194.5,4269.1764783203125,37.33823916015626,-37.33823916015626,-0.008823172590728881,-1.0,stop
2025-12-09 08:00:00,2025-12-09 12:00:00,2025-12-10 04:00:00,4200.4515953125,4223.2029953125,4177.7001953125,4223.2029953125,22.751400000000103,22.751400000000103,0.0054164176121894985,1.0,target
2025-12-11 08:00:00,2025-12-11 12:00:00,2025-12-12 08:00:00,4257.678363037109,4301.056921386718,4214.2998046875,4301.056921386718,43.37855834960919,43.37855834960919,0.01018831265560092,1.0,target
2025-12-18 08:00:00,2025-12-18 12:00:00,2025-12-19 08:00:00,4340.39485546875,4352.589515625001,4328.2001953125,4352.589515625001,12.194660156250393,12.194660156250393,0.0028095739125866704,1.0,target
2025-12-26 08:00:00,2025-12-26 12:00:00,2025-12-29 00:00:00,4532.733689453125,4502.0,4502.0,4563.467378906251,30.733689453125407,-30.733689453125407,-0.006780387192090571,-1.0,stop
2025-12-30 08:00:00,2025-12-30 12:00:00,2025-12-31 00:00:00,4376.546617382813,4338.0,4338.0,4415.093234765625,38.546617382812656,-38.546617382812656,-0.008807541825263053,-1.0,stop
2026-01-14 08:00:00,2026-01-14 12:00:00,2026-01-16 00:00:00,4624.04423984375,4608.2001953125,4608.2001953125,4639.888284375,15.844044531249892,-15.844044531249892,-0.0034264474363647685,-1.0,stop
2026-01-23 08:00:00,2026-01-23 12:00:00,2026-01-26 00:00:00,4959.006571777344,4982.013143554688,4936.0,4982.013143554688,23.006571777344107,23.006571777344107,0.004639350935382686,1.0,target
2026-02-06 08:00:00,2026-02-06 12:00:00,2026-02-09 00:00:00,4821.318,4987.636,4655.0,4987.636,166.3180000000002,166.3180000000002,0.03449637630208176,1.0,target
2026-02-09 08:00:00,2026-02-09 12:00:00,2026-02-11 08:00:00,5026.011370556641,5072.922643457032,4979.10009765625,5072.922643457032,46.91127290039094,46.91127290039094,0.009333698123964933,1.0,target
2026-02-24 16:00:00,2026-02-24 20:00:00,2026-02-25 00:00:00,5136.13903203125,5159.577868750001,5112.7001953125,5159.577868750001,23.43883671875028,23.43883671875028,0.004563512898030068,1.0,target
2026-02-27 08:00:00,2026-02-27 12:00:00,2026-03-02 00:00:00,5238.049949316406,5299.399703320312,5176.7001953125,5299.399703320312,61.34975400390613,61.34975400390613,0.01171232702962533,1.0,target
2026-03-24 08:00:00,2026-03-24 12:00:00,2026-03-25 00:00:00,4369.674780859375,4414.149366406249,4325.2001953125,4414.149366406249,44.47458554687455,44.47458554687455,0.01017800815330422,1.0,target
2026-03-30 08:00:00,2026-03-30 12:00:00,2026-03-31 08:00:00,4510.765337109375,4608.1307718749995,4413.39990234375,4608.1307718749995,97.36543476562474,97.36543476562474,0.02158512524795166,1.0,target
2026-04-07 08:00:00,2026-04-07 12:00:00,2026-04-08 00:00:00,4647.333857519531,4686.667715039062,4608.0,4686.667715039062,39.33385751953119,39.33385751953119,0.008463746897780495,1.0,target
2026-05-08 08:00:00,2026-05-08 12:00:00,2026-05-11 00:00:00,4720.362480761719,4727.124863867188,4713.60009765625,4727.124863867188,6.762383105468871,6.762383105468871,0.001432598266135196,1.0,target
2026-05-20 08:00:00,2026-05-20 12:00:00,2026-05-26 00:00:00,4503.403248144531,4541.706398632812,4465.10009765625,4541.706398632812,38.30315048828106,38.30315048828106,0.008505378794151407,1.0,target
2026-05-29 08:00:00,2026-05-29 12:00:00,2026-06-01 12:00:00,4546.052677685547,4487.89990234375,4487.89990234375,4604.2054530273435,58.15277534179677,-58.15277534179677,-0.012791927297112423,-1.0,stop
2026-06-02 08:00:00,2026-06-02 12:00:00,2026-06-03 00:00:00,4508.286994921875,4474.2001953125,4474.2001953125,4542.37379453125,34.08679960937479,-34.08679960937479,-0.0075609205109989875,-1.0,stop
2026-06-11 08:00:00,2026-06-11 12:00:00,2026-06-15 00:00:00,4137.832883300781,4244.665766601562,4031.0,4244.665766601562,106.83288330078085,106.83288330078085,0.02581855921053038,1.0,target
2026-06-17 08:00:00,2026-06-17 12:00:00,2026-06-18 00:00:00,4343.3769,4296.0,4296.0,4390.7538,47.376900000000205,-47.376900000000205,-0.010907849143830967,-1.0,stop
2026-06-22 08:00:00,2026-06-22 12:00:00,2026-06-23 12:00:00,4179.222897851562,4134.7998046875,4134.7998046875,4223.6459910156245,44.423093164062266,-44.423093164062266,-0.010629510377850176,-1.0,stop
