Datetime,Open,High,Low,Close,Volume
2025-05-02 04:00:00,3263.89990234375,3271.60009765625,3254.60009765625,3267.0,19471
2025-05-02 08:00:00,3267.10009765625,3277.0,3262.5,3269.89990234375,24181
2025-05-02 12:00:00,3269.89990234375,3272.699951171875,3238.39990234375,3239.800048828125,88349
2025-05-02 16:00:00,3240.0,3247.39990234375,3229.5,3241.39990234375,40792
2025-05-02 20:00:00,3241.5,3249.199951171875,3240.5,3247.39990234375,4215
2025-05-04 20:00:00,3247.10009765625,3259.5,3243.10009765625,3255.199951171875,8387
2025-05-05 00:00:00,3255.300048828125,3280.60009765625,3248.0,3262.300048828125,26190
2025-05-05 04:00:00,3262.699951171875,3276.0,3261.39990234375,3272.699951171875,14592
2025-05-05 08:00:00,3272.800048828125,3327.699951171875,3271.199951171875,3321.89990234375,46644
2025-05-05 12:00:00,3321.89990234375,3337.89990234375,3317.300048828125,3321.10009765625,52716
2025-05-05 16:00:00,3320.800048828125,3346.699951171875,3314.0,3337.60009765625,30519
2025-05-05 20:00:00,3337.60009765625,3347.800048828125,3336.300048828125,3342.800048828125,6149
2025-05-06 00:00:00,3342.800048828125,3395.0,3332.10009765625,3368.39990234375,62462
2025-05-06 04:00:00,3368.800048828125,3387.300048828125,3357.39990234375,3378.5,32294
2025-05-06 08:00:00,3378.800048828125,3393.199951171875,3375.89990234375,3386.89990234375,31445
2025-05-06 12:00:00,3387.10009765625,3408.300048828125,3380.60009765625,3403.10009765625,75147
2025-05-06 16:00:00,3403.199951171875,3433.199951171875,3402.800048828125,3431.5,44485
2025-05-06 20:00:00,3431.5,3448.199951171875,3383.89990234375,3409.199951171875,21083
2025-05-07 00:00:00,3409.300048828125,3410.300048828125,3367.0,3384.300048828125,50851
2025-05-07 04:00:00,3383.800048828125,3405.800048828125,3383.5,3396.0,24477
2025-05-07 08:00:00,3396.0,3401.39990234375,3376.89990234375,3395.0,27047
2025-05-07 12:00:00,3394.89990234375,3406.60009765625,3383.300048828125,3393.0,60384
2025-05-07 16:00:00,3393.0,3406.5,3371.199951171875,3379.300048828125,73064
2025-05-07 20:00:00,3379.39990234375,3383.89990234375,3371.300048828125,3383.10009765625,6636
2025-05-08 00:00:00,3383.199951171875,3422.0,3380.60009765625,3404.199951171875,41933
2025-05-08 04:00:00,3403.0,3405.800048828125,3325.39990234375,3348.89990234375,67222
2025-05-08 08:00:00,3349.10009765625,3352.300048828125,3335.199951171875,3350.0,28549
2025-05-08 12:00:00,3350.199951171875,3375.699951171875,3332.0,3336.0,76886
2025-05-08 16:00:00,3335.89990234375,3336.0,3293.300048828125,3311.10009765625,75819
2025-05-08 20:00:00,3311.5,3329.0,3308.800048828125,3321.0,6781
2025-05-09 00:00:00,3321.5,3327.800048828125,3278.89990234375,3312.39990234375,49632
2025-05-09 04:00:00,3313.300048828125,3337.0,3313.300048828125,3331.699951171875,32440
2025-05-09 08:00:00,3331.89990234375,3342.800048828125,3324.5,3337.800048828125,24284
2025-05-09 12:00:00,3337.89990234375,3351.10009765625,3324.699951171875,3350.300048828125,58845
2025-05-09 16:00:00,3350.300048828125,3352.699951171875,3330.89990234375,3334.10009765625,33319
2025-05-09 20:00:00,3333.89990234375,3335.5,3328.5,3329.10009765625,3628
2025-05-11 20:00:00,3281.0,3294.39990234375,3251.5,3292.89990234375,22068
2025-05-12 00:00:00,3292.800048828125,3295.5,3262.39990234375,3287.0,37466
2025-05-12 04:00:00,3287.300048828125,3287.699951171875,3219.199951171875,3226.800048828125,54633
2025-05-12 08:00:00,3226.800048828125,3238.800048828125,3211.199951171875,3228.60009765625,49244
2025-05-12 12:00:00,3228.300048828125,3253.0,3223.60009765625,3243.800048828125,71226
2025-05-12 16:00:00,3243.5,3244.39990234375,3223.89990234375,3240.300048828125,50235
2025-05-12 20:00:00,3240.10009765625,3246.699951171875,3233.300048828125,3241.300048828125,4802
2025-05-13 00:00:00,3241.10009765625,3247.699951171875,3220.10009765625,3240.89990234375,29025
2025-05-13 04:00:00,3240.60009765625,3270.39990234375,3238.699951171875,3263.10009765625,31319
2025-05-13 08:00:00,3263.300048828125,3265.300048828125,3252.300048828125,3253.10009765625,21732
2025-05-13 12:00:00,3253.0,3260.60009765625,3229.5,3258.10009765625,67283
2025-05-13 16:00:00,3258.0,3262.10009765625,3246.5,3254.10009765625,43501
2025-05-13 20:00:00,3254.10009765625,3261.300048828125,3252.699951171875,3258.300048828125,3858
2025-05-14 00:00:00,3258.39990234375,3258.5,3229.699951171875,3230.800048828125,28954
2025-05-14 04:00:00,3232.199951171875,3243.0,3225.199951171875,3242.0,28496
2025-05-14 08:00:00,3242.39990234375,3248.199951171875,3223.0,3223.699951171875,26997
2025-05-14 12:00:00,3223.89990234375,3226.300048828125,3178.300048828125,3186.5,104437
2025-05-14 16:00:00,3186.60009765625,3194.39990234375,3170.699951171875,3183.800048828125,34372
2025-05-14 20:00:00,3184.0,3190.10009765625,3180.199951171875,3188.89990234375,5191
2025-05-15 00:00:00,3188.60009765625,3195.60009765625,3150.89990234375,3153.39990234375,38943
2025-05-15 04:00:00,3153.199951171875,3157.199951171875,3123.300048828125,3145.39990234375,53108
2025-05-15 08:00:00,3145.10009765625,3183.300048828125,3141.800048828125,3182.300048828125,37741
2025-05-15 12:00:00,3182.199951171875,3223.199951171875,3180.60009765625,3222.800048828125,81247
2025-05-15 16:00:00,3223.0,3235.300048828125,3218.699951171875,3234.60009765625,28686
2025-05-15 20:00:00,3234.5,3255.800048828125,3233.699951171875,3241.199951171875,13565
2025-05-16 00:00:00,3241.0,3247.89990234375,3209.199951171875,3215.5,41052
2025-05-16 04:00:00,3214.60009765625,3234.10009765625,3207.39990234375,3210.5,34871
2025-05-16 08:00:00,3210.60009765625,3215.89990234375,3156.39990234375,3165.5,54528
2025-05-16 12:00:00,3165.699951171875,3192.300048828125,3157.199951171875,3186.699951171875,66292
2025-05-16 16:00:00,3186.60009765625,3197.89990234375,3183.39990234375,3194.300048828125,25634
2025-05-16 20:00:00,3194.300048828125,3208.699951171875,3194.0,3205.300048828125,5584
2025-05-18 20:00:00,3220.0,3247.89990234375,3212.199951171875,3238.39990234375,17753
2025-05-19 00:00:00,3238.60009765625,3252.89990234375,3210.300048828125,3214.89990234375,34173
2025-05-19 04:00:00,3214.699951171875,3237.39990234375,3209.10009765625,3235.300048828125,24255
2025-05-19 08:00:00,3235.199951171875,3251.800048828125,3232.300048828125,3246.699951171875,26664
2025-05-19 12:00:00,3246.60009765625,3247.699951171875,3219.699951171875,3234.60009765625,57282
2025-05-19 16:00:00,3234.699951171875,3238.199951171875,3227.800048828125,3235.39990234375,19379
2025-05-19 20:00:00,3235.5,3236.199951171875,3221.300048828125,3224.800048828125,5087
2025-05-20 00:00:00,3224.800048828125,3235.800048828125,3207.39990234375,3213.199951171875,32482
2025-05-20 04:00:00,3213.60009765625,3227.300048828125,3209.699951171875,3224.800048828125,25583
2025-05-20 08:00:00,3224.699951171875,3244.199951171875,3220.199951171875,3243.699951171875,30012
2025-05-20 12:00:00,3243.60009765625,3288.89990234375,3235.199951171875,3279.5,98375
2025-05-20 16:00:00,3279.39990234375,3298.10009765625,3278.199951171875,3296.800048828125,26459
2025-05-20 20:00:00,3296.699951171875,3307.89990234375,3291.5,3293.89990234375,8095
2025-05-21 00:00:00,3294.0,3316.800048828125,3287.0,3308.699951171875,43517
2025-05-21 04:00:00,3309.10009765625,3322.5,3300.39990234375,3311.800048828125,31427
2025-05-21 08:00:00,3311.89990234375,3320.5,3305.699951171875,3313.300048828125,25929
2025-05-21 12:00:00,3313.39990234375,3317.89990234375,3291.5,3313.800048828125,75611
2025-05-21 16:00:00,3313.89990234375,3327.199951171875,3304.699951171875,3320.89990234375,34038
2025-05-21 20:00:00,3320.800048828125,3325.89990234375,3315.199951171875,3321.699951171875,6315
2025-05-22 00:00:00,3321.699951171875,3346.800048828125,3320.89990234375,3336.60009765625,30349
2025-05-22 04:00:00,3336.10009765625,3340.60009765625,3323.39990234375,3328.300048828125,26427
2025-05-22 08:00:00,3328.300048828125,3330.199951171875,3282.199951171875,3314.300048828125,58450
2025-05-22 12:00:00,3314.39990234375,3316.0,3277.800048828125,3294.0,79070
2025-05-22 16:00:00,3294.199951171875,3304.10009765625,3287.699951171875,3290.39990234375,27864
2025-05-22 20:00:00,3290.5,3302.199951171875,3289.5,3300.0,5691
2025-05-23 00:00:00,3300.10009765625,3309.5,3285.5,3301.800048828125,26289
2025-05-23 04:00:00,3301.300048828125,3334.39990234375,3301.199951171875,3328.89990234375,33196
2025-05-23 08:00:00,3328.699951171875,3350.60009765625,3322.199951171875,3348.300048828125,37108
2025-05-23 12:00:00,3348.5,3365.699951171875,3336.199951171875,3361.60009765625,101442
2025-05-23 16:00:00,3361.800048828125,3366.5,3357.199951171875,3360.39990234375,33013
2025-05-23 20:00:00,3360.199951171875,3361.60009765625,3355.89990234375,3357.699951171875,3279
2025-05-25 20:00:00,3355.60009765625,3356.0,3339.39990234375,3341.5,9646
2025-05-26 00:00:00,3341.5,3355.300048828125,3329.300048828125,3345.800048828125,20570
2025-05-26 04:00:00,3346.0,3350.800048828125,3331.5,3336.60009765625,18560
2025-05-26 08:00:00,3336.699951171875,3338.800048828125,3322.89990234375,3332.89990234375,16985
2025-05-26 12:00:00,3332.89990234375,3341.800048828125,3326.10009765625,3337.89990234375,18689
2025-05-26 16:00:00,3337.89990234375,3343.800048828125,3337.5,3342.199951171875,5124
2025-05-26 20:00:00,3342.800048828125,3349.0,3342.39990234375,3345.699951171875,4574
2025-05-27 00:00:00,3345.89990234375,3349.699951171875,3330.60009765625,3341.0,18467
2025-05-27 04:00:00,3340.89990234375,3341.300048828125,3291.699951171875,3295.800048828125,49438
2025-05-27 08:00:00,3295.60009765625,3309.60009765625,3286.10009765625,3286.800048828125,43711
2025-05-27 12:00:00,3286.699951171875,3303.699951171875,3283.0,3291.800048828125,58429
2025-05-27 16:00:00,3291.800048828125,3306.89990234375,3291.300048828125,3302.89990234375,25416
2025-05-27 20:00:00,3303.10009765625,3310.10009765625,3295.10009765625,3308.300048828125,4468
2025-05-28 00:00:00,3308.5,3314.89990234375,3289.89990234375,3296.699951171875,12001
2025-05-28 04:00:00,3296.5,3321.0,3293.10009765625,3317.39990234375,17801
2025-05-28 08:00:00,3317.800048828125,3324.5,3306.300048828125,3310.60009765625,20983
2025-05-28 12:00:00,3310.300048828125,3315.5,3291.10009765625,3294.300048828125,45510
2025-05-28 16:00:00,3294.699951171875,3301.0,3286.10009765625,3294.60009765625,16497
2025-05-28 20:00:00,3294.5,3295.10009765625,3244.0,3255.39990234375,1970
2025-05-29 00:00:00,3255.300048828125,3276.60009765625,3242.39990234375,3271.39990234375,3221
2025-05-29 04:00:00,3271.699951171875,3311.699951171875,3263.300048828125,3310.699951171875,86543
2025-05-29 08:00:00,3310.800048828125,3330.60009765625,3273.800048828125,3324.199951171875,30092
2025-05-29 12:00:00,3324.60009765625,3347.199951171875,3299.0,3346.199951171875,65615
2025-05-29 16:00:00,3346.199951171875,3356.300048828125,3313.0,3340.60009765625,36012
2025-05-29 20:00:00,3340.5,3345.300048828125,3311.5,3339.0,3751
2025-05-30 00:00:00,3338.800048828125,3347.0,3288.800048828125,3318.199951171875,27000
2025-05-30 04:00:00,3317.699951171875,3328.39990234375,3287.0,3319.199951171875,23134
2025-05-30 08:00:00,3318.699951171875,3324.800048828125,3290.0,3318.199951171875,18570
2025-05-30 12:00:00,3318.39990234375,3332.89990234375,3270.89990234375,3312.60009765625,83645
2025-05-30 16:00:00,3312.800048828125,3320.199951171875,3284.10009765625,3318.699951171875,22955
2025-05-30 20:00:00,3318.60009765625,3319.699951171875,3289.39990234375,3313.10009765625,3005
2025-06-01 20:00:00,3323.0,3339.89990234375,3296.89990234375,3333.300048828125,9333
2025-06-02 00:00:00,3333.199951171875,3338.699951171875,3301.60009765625,3332.10009765625,16114
2025-06-02 04:00:00,3332.60009765625,3384.0,3312.199951171875,3377.199951171875,36711
2025-06-02 08:00:00,3377.199951171875,3385.60009765625,3345.5,3381.199951171875,30188
2025-06-02 12:00:00,3380.89990234375,3404.199951171875,3349.60009765625,3399.10009765625,54203
2025-06-02 16:00:00,3399.300048828125,3407.300048828125,3369.89990234375,3406.300048828125,25431
2025-06-02 20:00:00,3406.300048828125,3417.800048828125,3379.10009765625,3412.800048828125,6799
2025-06-03 00:00:00,3412.5,3414.199951171875,3361.5,3387.10009765625,31692
2025-06-03 04:00:00,3385.699951171875,3392.800048828125,3350.0,3384.60009765625,26281
2025-06-03 08:00:00,3384.699951171875,3389.800048828125,3352.699951171875,3383.300048828125,15487
2025-06-03 12:00:00,3383.5,3387.199951171875,3331.300048828125,3374.0,63639
2025-06-03 16:00:00,3374.0,3379.800048828125,3342.199951171875,3376.39990234375,16584
2025-06-03 20:00:00,3376.39990234375,3386.10009765625,3350.0,3384.5,4236
2025-06-04 00:00:00,3384.39990234375,3397.10009765625,3351.60009765625,3383.699951171875,25229
2025-06-04 04:00:00,3383.5,3387.10009765625,3351.60009765625,3378.0,20632
2025-06-04 08:00:00,3378.0,3389.0,3344.0,3370.5,25453
2025-06-04 12:00:00,3370.5,3409.699951171875,3350.800048828125,3396.300048828125,69257
2025-06-04 16:00:00,3396.5,3406.800048828125,3371.5,3397.300048828125,17574
2025-06-04 20:00:00,3397.199951171875,3402.699951171875,3371.5,3401.60009765625,4431
2025-06-05 00:00:00,3401.699951171875,3407.699951171875,3391.10009765625,3393.60009765625,19922
2025-06-05 04:00:00,3393.10009765625,3398.0,3366.199951171875,3394.800048828125,18603
2025-06-05 08:00:00,3394.800048828125,3427.699951171875,3375.10009765625,3416.60009765625,39845
2025-06-05 12:00:00,3416.800048828125,3425.0,3344.0,3368.10009765625,102965
2025-06-05 16:00:00,3367.699951171875,3384.699951171875,3343.699951171875,3380.5,32781
2025-06-05 20:00:00,3380.39990234375,3386.300048828125,3352.199951171875,3384.60009765625,4346
2025-06-06 00:00:00,3384.39990234375,3394.5,3377.89990234375,3392.39990234375,17085
2025-06-06 04:00:00,3392.300048828125,3398.300048828125,3359.0,3382.699951171875,21851
2025-06-06 08:00:00,3382.60009765625,3391.0,3357.5,3381.699951171875,17355
2025-06-06 12:00:00,3381.5,3385.199951171875,3315.699951171875,3354.60009765625,88725
2025-06-06 16:00:00,3354.5,3355.199951171875,3309.5,3334.39990234375,28571
2025-06-06 20:00:00,3334.300048828125,3334.800048828125,3306.0,3331.0,4284
2025-06-08 20:00:00,3333.39990234375,3341.0,3307.89990234375,3338.39990234375,6016
2025-06-09 00:00:00,3338.5,3339.0,3290.0,3330.300048828125,27316
2025-06-09 04:00:00,3330.699951171875,3349.800048828125,3307.39990234375,3345.199951171875,19305
2025-06-09 08:00:00,3345.300048828125,3346.699951171875,3309.800048828125,3338.39990234375,19391
2025-06-09 12:00:00,3338.60009765625,3353.5,3313.699951171875,3349.800048828125,44289
2025-06-09 16:00:00,3349.699951171875,3359.0,3324.39990234375,3348.199951171875,20786
2025-06-09 20:00:00,3348.39990234375,3350.699951171875,3341.60009765625,3346.60009765625,3295
2025-06-10 00:00:00,3346.60009765625,3346.60009765625,3302.0,3329.199951171875,24454
2025-06-10 04:00:00,3327.5,3352.89990234375,3307.10009765625,3349.89990234375,31295
2025-06-10 08:00:00,3350.60009765625,3363.60009765625,3325.89990234375,3354.39990234375,21360
2025-06-10 12:00:00,3354.60009765625,3370.39990234375,3324.0,3347.699951171875,51557
2025-06-10 16:00:00,3347.5,3355.60009765625,3319.10009765625,3349.89990234375,21469
2025-06-10 20:00:00,3350.10009765625,3350.300048828125,3335.39990234375,3348.5,7779
2025-06-11 00:00:00,3348.60009765625,3363.199951171875,3328.0,3361.0,18402
2025-06-11 04:00:00,3360.699951171875,3369.699951171875,3353.199951171875,3366.60009765625,21905
2025-06-11 08:00:00,3366.39990234375,3367.800048828125,3328.39990234375,3353.800048828125,23544
2025-06-11 12:00:00,3353.800048828125,3382.300048828125,3328.89990234375,3353.699951171875,80723
2025-06-11 16:00:00,3353.89990234375,3370.199951171875,3323.300048828125,3367.89990234375,42027
2025-06-11 20:00:00,3368.0,3394.0,3351.10009765625,3385.800048828125,11443
2025-06-12 00:00:00,3386.0,3398.39990234375,3366.0,3393.89990234375,25803
2025-06-12 04:00:00,3393.39990234375,3396.5,3358.5,3366.60009765625,31047
2025-06-12 08:00:00,3366.800048828125,3409.199951171875,3353.39990234375,3399.699951171875,45735
2025-06-12 12:00:00,3399.5,3419.800048828125,3378.89990234375,3406.5,77745
2025-06-12 16:00:00,3406.60009765625,3412.39990234375,3385.60009765625,3408.5,28130
2025-06-12 20:00:00,3408.39990234375,3417.0,3385.300048828125,3416.39990234375,6154
2025-06-13 00:00:00,3416.199951171875,3467.0,3407.300048828125,3448.199951171875,74859
2025-06-13 04:00:00,3447.800048828125,3452.699951171875,3415.0,3435.5,34738
2025-06-13 08:00:00,3435.199951171875,3448.39990234375,3432.0,3442.10009765625,32293
2025-06-13 12:00:00,3442.300048828125,3468.0,3424.10009765625,3446.300048828125,77706
2025-06-13 16:00:00,3446.39990234375,3459.60009765625,3439.199951171875,3452.10009765625,33861
2025-06-13 20:00:00,3452.300048828125,3455.10009765625,3448.89990234375,3452.60009765625,4176
2025-06-15 20:00:00,3473.0,3476.300048828125,3444.0,3464.0,15688
2025-06-16 00:00:00,3464.300048828125,3471.5,3448.300048828125,3450.699951171875,25184
2025-06-16 04:00:00,3450.699951171875,3452.5,3429.0,3431.800048828125,28294
2025-06-16 08:00:00,3432.10009765625,3442.39990234375,3428.89990234375,3434.60009765625,21849
2025-06-16 12:00:00,3434.800048828125,3438.10009765625,3400.89990234375,3423.800048828125,69785
2025-06-16 16:00:00,3424.0,3424.699951171875,3402.199951171875,3402.89990234375,25245
2025-06-16 20:00:00,3402.89990234375,3422.699951171875,3402.300048828125,3422.39990234375,7827
2025-06-17 00:00:00,3422.5,3422.699951171875,3391.300048828125,3405.39990234375,32854
2025-06-17 04:00:00,3406.300048828125,3415.10009765625,3399.199951171875,3406.199951171875,20366
2025-06-17 08:00:00,3406.300048828125,3419.0,3393.699951171875,3407.10009765625,30817
2025-06-17 12:00:00,3407.199951171875,3416.39990234375,3384.39990234375,3397.89990234375,79566
2025-06-17 16:00:00,3398.10009765625,3411.0,3395.300048828125,3404.39990234375,29773
2025-06-17 20:00:00,3404.10009765625,3414.60009765625,3402.0,3405.60009765625,3781
2025-06-18 00:00:00,3405.0,3409.800048828125,3388.800048828125,3409.60009765625,19613
2025-06-18 04:00:00,3409.800048828125,3419.0,3395.0,3404.0,26530
2025-06-18 08:00:00,3403.89990234375,3406.60009765625,3393.5,3400.39990234375,23145
2025-06-18 12:00:00,3400.199951171875,3415.800048828125,3391.699951171875,3411.0,55408
2025-06-18 16:00:00,3411.199951171875,3414.199951171875,3380.5,3384.60009765625,43210
2025-06-18 20:00:00,3384.39990234375,3396.699951171875,3380.10009765625,3391.89990234375,6158
2025-06-19 00:00:00,3391.699951171875,3405.199951171875,3386.800048828125,3391.0,16092
2025-06-19 04:00:00,3390.60009765625,3392.699951171875,3363.60009765625,3382.89990234375,42347
2025-06-19 08:00:00,3383.0,3396.89990234375,3379.300048828125,3388.89990234375,21798
2025-06-19 12:00:00,3389.0,3389.800048828125,3376.699951171875,3385.89990234375,34135
2025-06-19 16:00:00,3385.699951171875,3392.199951171875,3382.5,3387.39990234375,10778
2025-06-19 20:00:00,3386.39990234375,3387.199951171875,3378.300048828125,3385.199951171875,5687
2025-06-20 00:00:00,3385.0,3386.800048828125,3361.10009765625,3371.800048828125,22567
2025-06-20 04:00:00,3371.699951171875,3373.699951171875,3356.199951171875,3363.39990234375,24634
2025-06-20 08:00:00,3363.5,3375.60009765625,3361.5,3362.800048828125,18798
2025-06-20 12:00:00,3363.0,3390.800048828125,3357.300048828125,3385.699951171875,56071
2025-06-20 16:00:00,3385.89990234375,3389.699951171875,3380.199951171875,3381.39990234375,16014
2025-06-20 20:00:00,3381.199951171875,3385.0,3380.5,3384.39990234375,3221
2025-06-22 20:00:00,3400.699951171875,3413.800048828125,3386.800048828125,3388.39990234375,14887
2025-06-23 00:00:00,3388.5,3389.300048828125,3367.5,3378.39990234375,24785
2025-06-23 04:00:00,3378.699951171875,3380.300048828125,3361.39990234375,3372.800048828125,18213
2025-06-23 08:00:00,3372.89990234375,3397.89990234375,3372.89990234375,3396.10009765625,22171
2025-06-23 12:00:00,3396.300048828125,3405.89990234375,3371.10009765625,3403.300048828125,66952
2025-06-23 16:00:00,3403.39990234375,3410.10009765625,3390.800048828125,3391.300048828125,38837
2025-06-23 20:00:00,3391.39990234375,3392.60009765625,3355.5,3358.699951171875,12372
2025-06-24 00:00:00,3358.89990234375,3372.89990234375,3347.0,3366.39990234375,26070
2025-06-24 04:00:00,3366.800048828125,3367.89990234375,3330.699951171875,3343.800048828125,48161
2025-06-24 08:00:00,3343.89990234375,3346.800048828125,3331.699951171875,3335.199951171875,27913
2025-06-24 12:00:00,3335.0,3335.0,3308.300048828125,3326.89990234375,80665
2025-06-24 16:00:00,3327.10009765625,3339.199951171875,3325.10009765625,3337.800048828125,21048
2025-06-24 20:00:00,3337.699951171875,3339.60009765625,3334.60009765625,3338.0,3132
2025-06-25 00:00:00,3338.0,3349.5,3337.39990234375,3342.300048828125,15382
2025-06-25 04:00:00,3342.199951171875,3351.300048828125,3339.300048828125,3344.5,16359
2025-06-25 08:00:00,3344.60009765625,3346.39990234375,3335.0,3336.699951171875,24473
2025-06-25 12:00:00,3336.60009765625,3343.300048828125,3325.5,3339.199951171875,38217
2025-06-25 16:00:00,3339.39990234375,3350.300048828125,3337.699951171875,3348.199951171875,27495
2025-06-25 20:00:00,3348.199951171875,3354.199951171875,3344.300048828125,3352.800048828125,6334
2025-06-26 00:00:00,3352.89990234375,3357.0,3342.60009765625,3352.10009765625,15915
2025-06-26 04:00:00,3351.60009765625,3360.39990234375,3344.800048828125,3359.39990234375,17494
2025-06-26 08:00:00,3359.39990234375,3363.89990234375,3344.89990234375,3346.39990234375,21848
2025-06-26 12:00:00,3346.5,3357.800048828125,3322.5,3337.60009765625,69077
2025-06-26 16:00:00,3337.699951171875,3349.800048828125,3336.60009765625,3345.0,21568
2025-06-26 20:00:00,3345.10009765625,3346.0,3329.199951171875,3331.800048828125,4252
2025-06-27 00:00:00,3331.699951171875,3335.10009765625,3305.300048828125,3306.800048828125,26435
2025-06-27 04:00:00,3307.10009765625,3313.10009765625,3295.0,3296.199951171875,36898
2025-06-27 08:00:00,3296.199951171875,3303.300048828125,3287.60009765625,3292.89990234375,30922
2025-06-27 12:00:00,3292.699951171875,3293.699951171875,3266.5,3286.300048828125,86370
2025-06-27 16:00:00,3286.199951171875,3295.0,3280.0,3282.699951171875,24447
2025-06-27 20:00:00,3283.0,3288.0,3282.300048828125,3286.10009765625,2377
2025-06-29 20:00:00,3284.300048828125,3293.89990234375,3250.5,3274.5,15706
2025-06-30 00:00:00,3274.39990234375,3294.800048828125,3269.800048828125,3289.199951171875,19501
2025-06-30 04:00:00,3290.0,3307.800048828125,3287.89990234375,3304.0,17613
2025-06-30 08:00:00,3304.0,3307.89990234375,3285.60009765625,3289.199951171875,22732
2025-06-30 12:00:00,3289.300048828125,3303.0,3289.300048828125,3301.699951171875,34845
2025-06-30 16:00:00,3301.60009765625,3321.60009765625,3301.199951171875,3320.5,28171
2025-06-30 20:00:00,3320.39990234375,3326.0,3313.699951171875,3324.39990234375,5125
2025-07-01 00:00:00,3324.300048828125,3334.699951171875,3321.699951171875,3332.10009765625,17397
2025-07-01 04:00:00,3332.800048828125,3351.60009765625,3330.60009765625,3351.199951171875,27247
2025-07-01 08:00:00,3351.0,3365.39990234375,3348.699951171875,3361.0,27786
2025-07-01 12:00:00,3361.199951171875,3370.5,3348.699951171875,3352.10009765625,63179
2025-07-01 16:00:00,3352.199951171875,3355.800048828125,3348.699951171875,3349.60009765625,20328
2025-07-01 20:00:00,3349.39990234375,3353.800048828125,3346.300048828125,3348.60009765625,4586
2025-07-02 00:00:00,3348.699951171875,3354.800048828125,3338.39990234375,3349.699951171875,18218
2025-07-02 04:00:00,3349.699951171875,3354.300048828125,3337.199951171875,3344.800048828125,17127
2025-07-02 08:00:00,3344.89990234375,3358.60009765625,3343.0,3352.60009765625,17515
2025-07-02 12:00:00,3352.5,3361.89990234375,3344.199951171875,3351.5,43468
2025-07-02 16:00:00,3351.39990234375,3370.39990234375,3351.39990234375,3368.5,24717
2025-07-02 20:00:00,3368.5,3376.89990234375,3359.800048828125,3360.300048828125,8237
2025-07-03 00:00:00,3360.39990234375,3362.5,3352.39990234375,3358.800048828125,13693
2025-07-03 12:00:00,3335.0,3348.5,3332.39990234375,3338.10009765625,41322
2025-07-03 16:00:00,3338.300048828125,3345.0,3335.800048828125,3344.10009765625,5565
2025-07-04 04:00:00,3349.300048828125,3355.0,3345.800048828125,3352.699951171875,27741
2025-07-04 08:00:00,3352.60009765625,3354.10009765625,3341.60009765625,3344.60009765625,12786
2025-07-04 12:00:00,3344.5,3348.199951171875,3340.60009765625,3342.699951171875,17736
2025-07-04 16:00:00,3342.699951171875,3347.0,3342.60009765625,3346.5,1654
2025-07-06 20:00:00,3344.5,3352.89990234375,3335.199951171875,3337.800048828125,6163
2025-07-07 00:00:00,3338.0,3338.60009765625,3314.60009765625,3320.199951171875,25235
2025-07-07 04:00:00,3320.39990234375,3324.300048828125,3309.60009765625,3311.199951171875,18794
2025-07-07 08:00:00,3311.10009765625,3322.199951171875,3304.39990234375,3310.89990234375,34492
2025-07-07 12:00:00,3311.10009765625,3331.60009765625,3309.199951171875,3330.60009765625,54131
2025-07-07 16:00:00,3330.699951171875,3350.300048828125,3329.800048828125,3347.10009765625,30028
2025-07-07 20:00:00,3346.89990234375,3355.60009765625,3343.5,3344.39990234375,4108
2025-07-08 00:00:00,3344.199951171875,3348.10009765625,3339.60009765625,3341.60009765625,14190
2025-07-08 04:00:00,3341.39990234375,3349.10009765625,3337.10009765625,3343.89990234375,15603
2025-07-08 08:00:00,3343.60009765625,3343.699951171875,3329.199951171875,3334.39990234375,24352
2025-07-08 12:00:00,3334.300048828125,3339.199951171875,3295.39990234375,3307.0,88253
2025-07-08 16:00:00,3307.199951171875,3319.60009765625,3304.5,3312.199951171875,51715
2025-07-08 20:00:00,3312.300048828125,3313.0,3305.199951171875,3310.39990234375,5190
2025-07-09 00:00:00,3310.699951171875,3316.5,3293.300048828125,3301.39990234375,21132
2025-07-09 04:00:00,3301.60009765625,3306.199951171875,3293.5,3300.0,18221
2025-07-09 08:00:00,3300.10009765625,3304.300048828125,3290.199951171875,3292.800048828125,20982
2025-07-09 12:00:00,3292.89990234375,3321.699951171875,3292.89990234375,3318.39990234375,54746
2025-07-09 16:00:00,3318.300048828125,3325.60009765625,3316.300048828125,3324.300048828125,33798
2025-07-09 20:00:00,3324.5,3328.800048828125,3320.39990234375,3325.39990234375,3819
2025-07-10 00:00:00,3325.199951171875,3334.699951171875,3323.800048828125,3324.39990234375,18183
2025-07-10 04:00:00,3324.300048828125,3338.0,3323.5,3329.39990234375,18342
2025-07-10 08:00:00,3329.60009765625,3339.39990234375,3326.89990234375,3329.199951171875,22648
2025-07-10 12:00:00,3329.10009765625,3339.0,3319.199951171875,3329.10009765625,51529
2025-07-10 16:00:00,3329.199951171875,3335.0,3320.699951171875,3334.0,32017
2025-07-10 20:00:00,3334.199951171875,3336.5,3332.300048828125,3333.699951171875,3372
2025-07-11 00:00:00,3333.60009765625,3347.199951171875,3333.5,3344.800048828125,22913
2025-07-11 04:00:00,3344.60009765625,3355.199951171875,3340.5,3352.10009765625,27051
2025-07-11 08:00:00,3352.300048828125,3362.0,3342.10009765625,3358.699951171875,32646
2025-07-11 12:00:00,3358.89990234375,3381.60009765625,3355.60009765625,3374.5,75165
2025-07-11 16:00:00,3374.39990234375,3375.39990234375,3363.10009765625,3371.60009765625,41790
2025-07-11 20:00:00,3371.699951171875,3373.39990234375,3364.0,3364.0,2662
2025-07-14 04:00:00,3371.199951171875,3386.199951171875,3367.0,3382.699951171875,18326
2025-07-14 08:00:00,3382.699951171875,3386.39990234375,3374.10009765625,3374.39990234375,21028
2025-07-14 12:00:00,3374.199951171875,3376.699951171875,3348.5,3352.699951171875,67982
2025-07-14 16:00:00,3352.699951171875,3360.10009765625,3350.60009765625,3353.199951171875,36162
2025-07-14 20:00:00,3353.39990234375,3355.199951171875,3349.60009765625,3354.199951171875,2987
2025-07-15 00:00:00,3354.10009765625,3367.39990234375,3353.60009765625,3366.800048828125,14930
2025-07-15 04:00:00,3367.10009765625,3374.699951171875,3366.300048828125,3372.89990234375,19831
2025-07-15 08:00:00,3372.800048828125,3375.39990234375,3362.800048828125,3363.60009765625,23217
2025-07-15 12:00:00,3363.5,3369.800048828125,3332.5,3336.5,80892
2025-07-15 16:00:00,3336.300048828125,3338.5,3327.300048828125,3337.10009765625,33839
2025-07-15 20:00:00,3337.0,3338.800048828125,3329.39990234375,3337.699951171875,4091
2025-07-16 00:00:00,3337.699951171875,3341.89990234375,3331.5,3341.300048828125,16529
2025-07-16 04:00:00,3340.89990234375,3348.800048828125,3339.199951171875,3344.60009765625,15856
2025-07-16 08:00:00,3344.60009765625,3349.800048828125,3340.89990234375,3346.39990234375,19113
2025-07-16 12:00:00,3346.39990234375,3385.800048828125,3326.10009765625,3350.39990234375,142451
2025-07-16 16:00:00,3350.5,3364.60009765625,3346.0,3354.300048828125,33735
2025-07-16 20:00:00,3354.5,3358.199951171875,3350.60009765625,3352.0,2990
2025-07-17 00:00:00,3351.699951171875,3352.800048828125,3342.5,3347.699951171875,14698
2025-07-17 04:00:00,3347.5,3351.0,3330.300048828125,3331.39990234375,24398
2025-07-17 08:00:00,3331.39990234375,3337.800048828125,3327.5,3329.5,22224
2025-07-17 12:00:00,3329.5,3343.89990234375,3314.300048828125,3342.300048828125,73736
2025-07-17 16:00:00,3342.39990234375,3346.5,3340.60009765625,3345.199951171875,19493
2025-07-17 20:00:00,3345.5,3350.199951171875,3343.0,3345.60009765625,2561
2025-07-18 00:00:00,3345.699951171875,3350.300048828125,3340.10009765625,3341.10009765625,11423
2025-07-18 04:00:00,3340.60009765625,3356.199951171875,3337.199951171875,3355.89990234375,18047
2025-07-18 08:00:00,3356.0,3364.300048828125,3352.199951171875,3360.699951171875,21573
2025-07-18 12:00:00,3360.699951171875,3368.0,3357.5,3360.39990234375,37507
2025-07-18 16:00:00,3360.39990234375,3363.89990234375,3353.300048828125,3354.0,17741
2025-07-18 20:00:00,3353.89990234375,3358.300048828125,3353.39990234375,3358.300048828125,2057
2025-07-20 20:00:00,3355.60009765625,3356.800048828125,3351.0,3355.199951171875,4275
2025-07-21 00:00:00,3355.300048828125,3365.199951171875,3353.800048828125,3357.60009765625,12786
2025-07-21 04:00:00,3357.5,3378.300048828125,3356.89990234375,3372.10009765625,26571
2025-07-21 08:00:00,3372.10009765625,3383.39990234375,3370.300048828125,3383.10009765625,20788
2025-07-21 12:00:00,3382.89990234375,3416.89990234375,3382.199951171875,3411.10009765625,94137
2025-07-21 16:00:00,3411.199951171875,3413.10009765625,3405.300048828125,3409.800048828125,24547
2025-07-21 20:00:00,3409.89990234375,3416.300048828125,3408.39990234375,3410.89990234375,5847
2025-07-22 00:00:00,3411.10009765625,3411.199951171875,3399.60009765625,3405.60009765625,20195
2025-07-22 04:00:00,3405.60009765625,3405.60009765625,3395.39990234375,3399.300048828125,17913
2025-07-22 08:00:00,3399.300048828125,3402.699951171875,3394.89990234375,3401.10009765625,24749
2025-07-22 12:00:00,3401.10009765625,3446.5,3400.699951171875,3440.60009765625,114409
2025-07-22 16:00:00,3440.800048828125,3447.5,3440.0,3443.89990234375,30988
2025-07-22 20:00:00,3443.89990234375,3446.89990234375,3438.300048828125,3439.39990234375,8110
2025-07-23 00:00:00,3439.300048828125,3451.699951171875,3433.300048828125,3437.5,26543
2025-07-23 04:00:00,3436.800048828125,3443.10009765625,3429.800048828125,3434.300048828125,23783
2025-07-23 08:00:00,3434.39990234375,3445.800048828125,3432.39990234375,3440.5,36666
2025-07-23 12:00:00,3440.5,3442.0,3406.300048828125,3406.300048828125,91586
2025-07-23 16:00:00,3406.5,3406.5,3390.60009765625,3400.39990234375,68575
2025-07-23 20:00:00,3400.5,3401.10009765625,3394.89990234375,3397.10009765625,4825
2025-07-24 00:00:00,3397.199951171875,3400.300048828125,3379.10009765625,3388.800048828125,25597
2025-07-24 04:00:00,3388.5,3390.0,3370.699951171875,3372.60009765625,23205
2025-07-24 08:00:00,3372.60009765625,3379.39990234375,3365.39990234375,3366.39990234375,31781
2025-07-24 12:00:00,3366.300048828125,3381.199951171875,3355.199951171875,3375.60009765625,88360
2025-07-24 16:00:00,3375.60009765625,3376.89990234375,3369.0,3374.300048828125,29926
2025-07-24 20:00:00,3374.39990234375,3374.699951171875,3367.60009765625,3371.800048828125,4875
2025-07-25 00:00:00,3371.699951171875,3376.60009765625,3361.39990234375,3361.5,15265
2025-07-25 04:00:00,3360.89990234375,3365.60009765625,3354.60009765625,3355.89990234375,21500
2025-07-25 08:00:00,3356.10009765625,3357.699951171875,3339.800048828125,3342.10009765625,31122
2025-07-25 12:00:00,3342.10009765625,3348.699951171875,3325.5,3328.199951171875,91256
2025-07-25 16:00:00,3328.10009765625,3341.199951171875,3326.5,3339.199951171875,26634
2025-07-25 20:00:00,3339.10009765625,3340.0,3337.300048828125,3338.5,2786
2025-07-28 00:00:00,3334.39990234375,3343.0,3327.39990234375,3342.300048828125,14342
2025-07-28 04:00:00,3343.0,3345.39990234375,3333.39990234375,3334.60009765625,16361
2025-07-28 08:00:00,3334.60009765625,3340.800048828125,3331.199951171875,3336.10009765625,26641
2025-07-28 12:00:00,3336.300048828125,3338.10009765625,3300.0,3314.10009765625,77405
2025-07-28 16:00:00,3314.0,3317.39990234375,3307.89990234375,3316.5,26468
2025-07-28 20:00:00,3316.300048828125,3317.89990234375,3308.300048828125,3310.5,5389
2025-07-29 00:00:00,3310.300048828125,3318.800048828125,3305.800048828125,3311.10009765625,7657
2025-07-29 04:00:00,3311.199951171875,3320.300048828125,3307.39990234375,3315.60009765625,11040
2025-07-29 08:00:00,3315.800048828125,3328.0,3312.800048828125,3313.39990234375,19447
2025-07-29 12:00:00,3313.5,3332.300048828125,3309.89990234375,3318.39990234375,49290
2025-07-29 16:00:00,3318.5,3328.60009765625,3316.300048828125,3323.699951171875,15784
2025-07-29 20:00:00,3323.39990234375,3327.10009765625,3323.199951171875,3326.300048828125,1642
2025-07-30 00:00:00,3326.10009765625,3330.800048828125,3320.0,3326.39990234375,1806
2025-07-30 04:00:00,3325.199951171875,3386.39990234375,3320.10009765625,3383.0,26256
2025-07-30 08:00:00,3383.199951171875,3389.300048828125,3321.39990234375,3385.39990234375,25293
2025-07-30 12:00:00,3385.5,3386.300048828125,3286.300048828125,3344.39990234375,79477
2025-07-30 16:00:00,3287.199951171875,3358.5,3263.89990234375,3322.10009765625,62600
2025-07-30 20:00:00,3322.0,3336.39990234375,3266.89990234375,3335.800048828125,6713
2025-07-31 00:00:00,3335.800048828125,3348.39990234375,3279.10009765625,3344.199951171875,16858
2025-07-31 04:00:00,3344.39990234375,3360.89990234375,3288.89990234375,3356.10009765625,21452
2025-07-31 08:00:00,3356.199951171875,3366.699951171875,3293.199951171875,3358.89990234375,30343
2025-07-31 12:00:00,3358.699951171875,3364.10009765625,3289.0,3348.10009765625,56593
2025-07-31 16:00:00,3348.0,3351.39990234375,3287.5,3344.199951171875,22887
2025-07-31 20:00:00,3344.199951171875,3346.89990234375,3286.10009765625,3340.10009765625,4094
2025-08-01 00:00:00,3340.0,3347.699951171875,3281.0,3341.199951171875,17070
2025-08-01 04:00:00,3341.89990234375,3352.0,3283.10009765625,3337.699951171875,17089
2025-08-01 08:00:00,3337.60009765625,3355.300048828125,3283.0,3352.199951171875,19572
2025-08-01 12:00:00,3352.39990234375,3408.60009765625,3295.199951171875,3401.300048828125,123034
2025-08-01 16:00:00,3401.199951171875,3414.5,3341.5,3410.10009765625,37344
2025-08-01 20:00:00,3410.10009765625,3416.89990234375,3356.199951171875,3416.0,4229
2025-08-03 20:00:00,3399.800048828125,3417.800048828125,3359.10009765625,3414.800048828125,4644
2025-08-04 00:00:00,3415.10009765625,3415.300048828125,3347.39990234375,3412.5,16543
2025-08-04 04:00:00,3412.10009765625,3415.300048828125,3355.39990234375,3408.60009765625,16348
2025-08-04 08:00:00,3408.699951171875,3424.300048828125,3359.10009765625,3424.0,18177
2025-08-04 12:00:00,3424.0,3439.5,3370.199951171875,3428.39990234375,54680
2025-08-04 16:00:00,3428.5,3432.39990234375,3373.5,3430.5,18479
2025-08-04 20:00:00,3430.300048828125,3433.60009765625,3378.5,3431.5,2965
2025-08-05 00:00:00,3431.5,3435.89990234375,3380.5,3427.60009765625,11966
2025-08-05 04:00:00,3426.699951171875,3429.10009765625,3368.0,3428.300048828125,20201
2025-08-05 08:00:00,3428.300048828125,3429.199951171875,3351.199951171875,3405.199951171875,25222
2025-08-05 12:00:00,3405.0,3444.699951171875,3375.699951171875,3444.0,64059
2025-08-05 16:00:00,3444.10009765625,3444.89990234375,3382.699951171875,3433.5,24497
2025-08-05 20:00:00,3433.5,3438.60009765625,3432.39990234375,3438.10009765625,3321
2025-08-06 00:00:00,3437.89990234375,3440.5,3428.39990234375,3429.699951171875,15406
2025-08-06 04:00:00,3429.89990234375,3433.699951171875,3423.10009765625,3428.39990234375,15757
2025-08-06 08:00:00,3428.199951171875,3429.300048828125,3411.699951171875,3420.0,24726
2025-08-06 12:00:00,3419.699951171875,3438.10009765625,3414.300048828125,3436.199951171875,55561
2025-08-06 16:00:00,3436.5,3438.10009765625,3430.89990234375,3434.0,26985
2025-08-06 20:00:00,3433.89990234375,3436.800048828125,3429.699951171875,3436.199951171875,5489
2025-08-07 00:00:00,3436.300048828125,3447.0,3432.60009765625,3443.800048828125,24568
2025-08-07 04:00:00,3444.0,3470.300048828125,3438.5,3469.10009765625,41813
2025-08-07 08:00:00,3469.199951171875,3469.60009765625,3443.199951171875,3451.60009765625,48754
2025-08-07 12:00:00,3451.699951171875,3465.0,3436.0,3453.89990234375,76823
2025-08-07 16:00:00,3453.89990234375,3468.0,3450.800048828125,3466.800048828125,33605
2025-08-07 20:00:00,3466.89990234375,3534.10009765625,3465.5,3496.39990234375,17936
2025-08-08 00:00:00,3496.39990234375,3514.89990234375,3480.39990234375,3489.10009765625,46058
2025-08-08 04:00:00,3488.199951171875,3507.10009765625,3486.699951171875,3492.699951171875,36107
2025-08-08 08:00:00,3493.10009765625,3496.800048828125,3468.60009765625,3475.699951171875,32606
2025-08-08 12:00:00,3475.5,3506.5,3473.5,3492.300048828125,86407
2025-08-08 16:00:00,3492.39990234375,3493.300048828125,3445.0,3456.60009765625,77557
2025-08-08 20:00:00,3456.800048828125,3491.300048828125,3452.10009765625,3491.300048828125,6265
2025-08-10 20:00:00,3458.10009765625,3491.300048828125,3454.60009765625,3455.39990234375,7013
2025-08-11 00:00:00,3455.60009765625,3455.60009765625,3431.0,3440.60009765625,26142
2025-08-11 04:00:00,3440.199951171875,3442.699951171875,3411.800048828125,3415.10009765625,32137
2025-08-11 08:00:00,3415.10009765625,3421.10009765625,3404.300048828125,3410.199951171875,37579
2025-08-11 12:00:00,3410.0,3418.699951171875,3397.300048828125,3409.800048828125,65786
2025-08-11 16:00:00,3409.89990234375,3411.0,3399.300048828125,3402.0,43465
2025-08-11 20:00:00,3402.0,3402.699951171875,3393.0,3399.0,6491
2025-08-12 00:00:00,3398.89990234375,3408.699951171875,3397.5,3399.800048828125,15565
2025-08-12 04:00:00,3400.699951171875,3406.300048828125,3390.60009765625,3404.60009765625,21854
2025-08-12 08:00:00,3404.699951171875,3404.699951171875,3384.39990234375,3396.0,26043
2025-08-12 12:00:00,3395.89990234375,3410.800048828125,3379.10009765625,3400.300048828125,94503
2025-08-12 16:00:00,3400.39990234375,3402.39990234375,3395.699951171875,3398.89990234375,25227
2025-08-12 20:00:00,3398.800048828125,3404.89990234375,3397.10009765625,3401.39990234375,3756
2025-08-13 00:00:00,3401.5,3405.0,3392.699951171875,3398.800048828125,15623
2025-08-13 04:00:00,3398.89990234375,3410.0,3394.800048828125,3403.60009765625,16422
2025-08-13 08:00:00,3403.5,3417.699951171875,3401.5,3413.5,26865
2025-08-13 12:00:00,3413.5,3422.60009765625,3403.89990234375,3408.60009765625,47768
2025-08-13 16:00:00,3408.699951171875,3411.60009765625,3400.199951171875,3408.0,21132
2025-08-13 20:00:00,3407.89990234375,3412.699951171875,3406.10009765625,3411.89990234375,3099
2025-08-14 00:00:00,3412.0,3423.800048828125,3403.699951171875,3408.300048828125,19498
2025-08-14 04:00:00,3409.60009765625,3415.0,3392.10009765625,3394.39990234375,21627
2025-08-14 08:00:00,3394.199951171875,3407.800048828125,3389.199951171875,3404.199951171875,26325
2025-08-14 12:00:00,3404.0,3407.39990234375,3381.800048828125,3388.89990234375,62732
2025-08-14 16:00:00,3389.10009765625,3389.10009765625,3375.5,3385.300048828125,28060
2025-08-14 20:00:00,3385.300048828125,3385.800048828125,3377.699951171875,3381.10009765625,2903
2025-08-15 00:00:00,3380.89990234375,3391.199951171875,3378.0,3389.699951171875,10942
2025-08-15 04:00:00,3389.699951171875,3394.800048828125,3385.89990234375,3392.5,16298
2025-08-15 08:00:00,3392.39990234375,3394.60009765625,3382.39990234375,3388.300048828125,20716
2025-08-15 12:00:00,3388.39990234375,3393.10009765625,3379.300048828125,3388.300048828125,44151
2025-08-15 16:00:00,3388.39990234375,3388.39990234375,3379.800048828125,3383.89990234375,18900
2025-08-15 20:00:00,3383.800048828125,3384.199951171875,3381.0,3382.60009765625,1933
2025-08-17 20:00:00,3382.39990234375,3384.5,3368.0,3371.800048828125,6885
2025-08-18 00:00:00,3372.0,3398.0,3371.5,3392.89990234375,17231
2025-08-18 04:00:00,3392.89990234375,3403.60009765625,3391.199951171875,3393.800048828125,19080
2025-08-18 08:00:00,3394.0,3397.0,3389.5,3391.199951171875,16535
2025-08-18 12:00:00,3391.199951171875,3394.89990234375,3377.10009765625,3380.60009765625,38732
2025-08-18 16:00:00,3380.699951171875,3380.800048828125,3375.300048828125,3378.300048828125,15607
2025-08-18 20:00:00,3378.199951171875,3379.89990234375,3375.60009765625,3376.10009765625,3652
2025-08-19 00:00:00,3376.10009765625,3384.89990234375,3370.60009765625,3381.10009765625,16496
2025-08-19 04:00:00,3381.199951171875,3386.199951171875,3378.199951171875,3384.800048828125,13992
2025-08-19 08:00:00,3384.800048828125,3389.699951171875,3380.60009765625,3384.39990234375,15408
2025-08-19 12:00:00,3384.300048828125,3385.199951171875,3364.39990234375,3366.5,54234
2025-08-19 16:00:00,3366.5,3368.39990234375,3358.10009765625,3359.800048828125,23558
2025-08-19 20:00:00,3359.699951171875,3360.699951171875,3355.39990234375,3356.800048828125,4872
2025-08-20 00:00:00,3356.5,3360.89990234375,3353.39990234375,3359.60009765625,16798
2025-08-20 04:00:00,3359.89990234375,3370.10009765625,3359.5,3367.800048828125,14204
2025-08-20 08:00:00,3367.699951171875,3376.5,3363.60009765625,3375.89990234375,24522
2025-08-20 12:00:00,3375.89990234375,3394.300048828125,3375.5,3384.5,53104
2025-08-20 16:00:00,3384.5,3393.0,3384.5,3391.5,16688
2025-08-20 20:00:00,3391.39990234375,3394.39990234375,3389.10009765625,3389.39990234375,3516
2025-08-21 00:00:00,3389.39990234375,3389.39990234375,3382.10009765625,3382.60009765625,11863
2025-08-21 04:00:00,3382.39990234375,3384.0,3376.5,3381.89990234375,12971
2025-08-21 08:00:00,3381.89990234375,3385.10009765625,3367.39990234375,3376.10009765625,22218
2025-08-21 12:00:00,3376.300048828125,3391.89990234375,3376.300048828125,3387.5,54485
2025-08-21 16:00:00,3387.60009765625,3388.0,3381.10009765625,3383.199951171875,13895
2025-08-21 20:00:00,3383.300048828125,3385.0,3381.800048828125,3382.60009765625,1647
2025-08-22 00:00:00,3382.5,3383.699951171875,3374.5,3375.10009765625,11162
2025-08-22 04:00:00,3374.89990234375,3377.800048828125,3367.199951171875,3369.5,18094
2025-08-22 08:00:00,3369.5,3373.800048828125,3367.199951171875,3370.800048828125,14022
2025-08-22 12:00:00,3370.800048828125,3423.39990234375,3362.800048828125,3412.39990234375,111347
2025-08-22 16:00:00,3412.5,3420.800048828125,3412.300048828125,3417.699951171875,20541
2025-08-22 20:00:00,3417.60009765625,3418.5,3415.60009765625,3418.5,2180
2025-08-24 20:00:00,3417.60009765625,3418.5,3411.699951171875,3414.89990234375,4284
2025-08-25 00:00:00,3414.800048828125,3415.5,3405.5,3412.60009765625,13437
2025-08-25 04:00:00,3412.39990234375,3414.300048828125,3407.10009765625,3411.0,10681
2025-08-25 08:00:00,3411.10009765625,3416.5,3406.300048828125,3415.699951171875,14373
2025-08-25 12:00:00,3415.699951171875,3421.5,3406.300048828125,3418.89990234375,35229
2025-08-25 16:00:00,3419.0,3419.39990234375,3410.10009765625,3410.60009765625,14328
2025-08-25 20:00:00,3410.699951171875,3411.39990234375,3396.5,3399.800048828125,7203
2025-08-26 00:00:00,3399.699951171875,3434.699951171875,3396.10009765625,3420.89990234375,39366
2025-08-26 04:00:00,3420.300048828125,3426.60009765625,3413.10009765625,3423.0,18502
2025-08-26 08:00:00,3423.0,3428.300048828125,3412.89990234375,3425.0,23567
2025-08-26 12:00:00,3425.0,3437.5,3416.89990234375,3435.10009765625,51321
2025-08-26 16:00:00,3435.199951171875,3439.10009765625,3428.5,3437.699951171875,26006
2025-08-26 20:00:00,3437.699951171875,3444.300048828125,3437.39990234375,3440.699951171875,4526
2025-08-27 00:00:00,3440.60009765625,3443.39990234375,3430.39990234375,3431.0,14479
2025-08-27 04:00:00,3430.89990234375,3431.699951171875,3423.0,3430.5,19859
2025-08-27 08:00:00,3430.300048828125,3433.800048828125,3422.199951171875,3425.60009765625,23646
2025-08-27 12:00:00,3425.60009765625,3440.699951171875,3422.89990234375,3438.10009765625,50644
2025-08-27 16:00:00,3438.199951171875,3450.89990234375,3437.60009765625,3449.39990234375,32013
2025-08-27 20:00:00,3449.300048828125,3453.10009765625,3448.199951171875,3451.0,4990
2025-08-28 00:00:00,3450.89990234375,3453.800048828125,3442.5,3445.10009765625,13958
2025-08-28 04:00:00,3444.699951171875,3453.0,3443.199951171875,3450.800048828125,14071
2025-08-28 08:00:00,3450.699951171875,3465.800048828125,3449.0,3462.0,24448
2025-08-28 12:00:00,3462.300048828125,3471.0,3452.10009765625,3465.800048828125,58923
2025-08-28 16:00:00,3465.800048828125,3478.699951171875,3465.60009765625,3477.60009765625,32835
2025-08-28 20:00:00,3477.699951171875,3478.0,3475.0,3475.300048828125,4692
2025-08-29 00:00:00,3475.5,3479.60009765625,3469.89990234375,3470.89990234375,13899
2025-08-29 04:00:00,3470.199951171875,3472.199951171875,3466.10009765625,3471.199951171875,13632
2025-08-29 08:00:00,3471.10009765625,3472.60009765625,3463.0,3469.800048828125,17783
2025-08-29 12:00:00,3469.800048828125,3515.300048828125,3464.10009765625,3512.5,85974
2025-08-29 16:00:00,3512.60009765625,3518.5,3508.39990234375,3516.10009765625,41853
2025-08-29 20:00:00,3516.0,3517.60009765625,3514.0,3516.10009765625,4393
2025-08-31 20:00:00,3517.89990234375,3518.0,3509.699951171875,3512.10009765625,5063
2025-09-01 00:00:00,3511.89990234375,3552.39990234375,3506.0,3543.60009765625,41793
2025-09-02 04:00:00,3564.89990234375,3568.0,3538.5,3541.60009765625,26158
2025-09-02 08:00:00,3541.60009765625,3559.0,3537.5,3558.699951171875,28378
2025-09-02 12:00:00,3558.60009765625,3586.300048828125,3538.60009765625,3586.10009765625,99879
2025-09-02 16:00:00,3586.10009765625,3600.800048828125,3582.60009765625,3597.89990234375,44228
2025-09-02 20:00:00,3597.800048828125,3602.39990234375,3593.39990234375,3595.5,7332
2025-09-03 00:00:00,3595.699951171875,3616.89990234375,3595.10009765625,3596.60009765625,28149
2025-09-03 04:00:00,3596.699951171875,3604.10009765625,3592.39990234375,3598.39990234375,20140
2025-09-03 08:00:00,3598.39990234375,3617.39990234375,3598.39990234375,3616.0,26081
2025-09-03 12:00:00,3615.89990234375,3631.5,3607.300048828125,3628.60009765625,80622
2025-09-03 16:00:00,3628.60009765625,3640.10009765625,3617.199951171875,3619.300048828125,49547
2025-09-03 20:00:00,3619.5,3624.60009765625,3609.5,3613.60009765625,19072
2025-09-04 00:00:00,3613.89990234375,3621.60009765625,3573.699951171875,3587.89990234375,46229
2025-09-04 04:00:00,3587.60009765625,3600.10009765625,3581.5,3599.5,21385
2025-09-04 08:00:00,3599.699951171875,3609.0,3594.0,3603.10009765625,26304
2025-09-04 12:00:00,3602.800048828125,3617.800048828125,3592.199951171875,3612.300048828125,78200
2025-09-04 16:00:00,3612.300048828125,3615.5,3600.0,3605.89990234375,29606
2025-09-04 20:00:00,3605.89990234375,3611.800048828125,3595.39990234375,3609.60009765625,6230
2025-09-05 00:00:00,3609.699951171875,3618.5,3605.0,3618.199951171875,17706
2025-09-05 04:00:00,3617.60009765625,3619.199951171875,3606.10009765625,3607.5,16645
2025-09-05 08:00:00,3607.699951171875,3611.800048828125,3601.60009765625,3609.300048828125,19675
2025-09-05 12:00:00,3609.39990234375,3654.199951171875,3604.300048828125,3647.39990234375,129259
2025-09-05 16:00:00,3647.39990234375,3655.5,3645.60009765625,3646.5,35539
2025-09-05 20:00:00,3646.39990234375,3653.300048828125,3639.0,3653.300048828125,5208
2025-09-07 20:00:00,3635.0,3653.300048828125,3623.0,3630.800048828125,18118
2025-09-08 00:00:00,3630.89990234375,3637.89990234375,3625.0,3626.800048828125,29648
2025-09-08 04:00:00,3626.60009765625,3654.300048828125,3621.699951171875,3650.5,28937
2025-09-08 08:00:00,3650.60009765625,3662.5,3647.699951171875,3658.89990234375,28756
2025-09-08 12:00:00,3658.89990234375,3685.699951171875,3653.5,3680.10009765625,78247
2025-09-08 16:00:00,3680.199951171875,3682.39990234375,3673.199951171875,3676.199951171875,32388
2025-09-08 20:00:00,3676.199951171875,3678.800048828125,3669.800048828125,3674.800048828125,4627
2025-09-09 00:00:00,3675.0,3694.89990234375,3673.300048828125,3685.199951171875,33567
2025-09-09 04:00:00,3685.89990234375,3698.89990234375,3676.800048828125,3683.800048828125,30976
2025-09-09 08:00:00,3683.800048828125,3695.800048828125,3681.199951171875,3686.699951171875,23591
2025-09-09 12:00:00,3686.800048828125,3715.199951171875,3665.300048828125,3684.300048828125,131584
2025-09-09 16:00:00,3684.10009765625,3688.5,3667.199951171875,3668.300048828125,29158
2025-09-09 20:00:00,3668.300048828125,3677.800048828125,3651.39990234375,3671.10009765625,7646
2025-09-10 00:00:00,3670.89990234375,3675.800048828125,3656.5,3674.800048828125,23950
2025-09-10 04:00:00,3674.5,3687.199951171875,3674.5,3682.60009765625,20627
2025-09-10 08:00:00,3682.699951171875,3696.60009765625,3680.699951171875,3688.800048828125,27022
2025-09-10 12:00:00,3688.699951171875,3697.5,3677.5,3683.699951171875,67888
2025-09-10 16:00:00,3683.699951171875,3689.60009765625,3674.60009765625,3681.699951171875,23513
2025-09-10 20:00:00,3681.800048828125,3684.10009765625,3676.60009765625,3683.199951171875,5063
2025-09-11 00:00:00,3683.300048828125,3687.5,3666.5,3669.699951171875,23014
2025-09-11 04:00:00,3669.800048828125,3675.5,3660.60009765625,3667.60009765625,28970
2025-09-11 08:00:00,3667.699951171875,3669.5,3651.800048828125,3654.89990234375,31580
2025-09-11 12:00:00,3654.89990234375,3682.0,3651.0,3672.0,91532
2025-09-11 16:00:00,3671.89990234375,3680.60009765625,3669.300048828125,3675.39990234375,25293
2025-09-11 20:00:00,3675.300048828125,3676.60009765625,3669.0,3669.199951171875,3371
2025-09-12 00:00:00,3669.199951171875,3692.39990234375,3667.300048828125,3691.800048828125,24109
2025-09-12 04:00:00,3692.0,3695.5,3685.699951171875,3686.300048828125,20460
2025-09-12 08:00:00,3686.300048828125,3690.39990234375,3675.300048828125,3684.60009765625,27524
2025-09-12 12:00:00,3684.699951171875,3692.699951171875,3675.5,3682.300048828125,50283
2025-09-12 16:00:00,3682.300048828125,3689.5,3680.5,3682.699951171875,18489
2025-09-12 20:00:00,3682.699951171875,3686.39990234375,3679.300048828125,3686.39990234375,3411
2025-09-14 20:00:00,3680.199951171875,3686.39990234375,3673.60009765625,3675.199951171875,4534
2025-09-15 00:00:00,3675.0,3683.800048828125,3662.800048828125,3683.199951171875,23797
2025-09-15 04:00:00,3683.699951171875,3684.300048828125,3671.5,3680.699951171875,16867
2025-09-15 08:00:00,3680.699951171875,3683.39990234375,3673.39990234375,3679.60009765625,23165
2025-09-15 12:00:00,3679.699951171875,3722.199951171875,3673.699951171875,3720.39990234375,75985
2025-09-15 16:00:00,3720.5,3724.89990234375,3713.60009765625,3720.199951171875,36893
2025-09-15 20:00:00,3720.199951171875,3721.699951171875,3715.5,3716.10009765625,5705
2025-09-16 00:00:00,3716.0,3728.39990234375,3711.800048828125,3718.10009765625,25067
2025-09-16 04:00:00,3718.5,3731.89990234375,3717.10009765625,3724.5,23155
2025-09-16 08:00:00,3724.5,3737.60009765625,3724.10009765625,3734.5,27510
2025-09-16 12:00:00,3734.60009765625,3739.89990234375,3715.199951171875,3723.0,78801
2025-09-16 16:00:00,3723.0,3728.39990234375,3721.300048828125,3726.60009765625,26023
2025-09-16 20:00:00,3726.800048828125,3732.800048828125,3726.39990234375,3731.699951171875,5696
2025-09-17 00:00:00,3731.89990234375,3732.800048828125,3710.699951171875,3718.199951171875,24507
2025-09-17 04:00:00,3718.5,3722.699951171875,3702.800048828125,3703.699951171875,22960
2025-09-17 08:00:00,3703.699951171875,3707.10009765625,3695.39990234375,3701.199951171875,33243
2025-09-17 12:00:00,3701.39990234375,3722.0,3701.0,3718.60009765625,46349
2025-09-17 16:00:00,3718.800048828125,3744.0,3679.5,3696.199951171875,116140
2025-09-17 20:00:00,3696.199951171875,3705.60009765625,3688.199951171875,3703.0,7296
2025-09-18 00:00:00,3703.5,3703.89990234375,3686.60009765625,3693.0,24895
2025-09-18 04:00:00,3693.0,3693.800048828125,3667.300048828125,3692.5,43214
2025-09-18 08:00:00,3692.39990234375,3707.300048828125,3687.699951171875,3700.699951171875,28933
2025-09-18 12:00:00,3700.89990234375,3706.39990234375,3660.5,3674.5,84593
2025-09-18 16:00:00,3674.60009765625,3680.699951171875,3673.60009765625,3679.699951171875,27475
2025-09-18 20:00:00,3679.699951171875,3680.39990234375,3670.39990234375,3672.800048828125,3946
2025-09-19 00:00:00,3673.0,3689.60009765625,3664.39990234375,3686.60009765625,28931
2025-09-19 04:00:00,3686.800048828125,3694.10009765625,3675.89990234375,3686.0,26183
2025-09-19 08:00:00,3685.699951171875,3691.89990234375,3677.5,3680.5,22016
2025-09-19 12:00:00,3680.5,3709.5,3676.199951171875,3704.199951171875,64456
2025-09-19 16:00:00,3704.10009765625,3718.800048828125,3699.800048828125,3717.89990234375,32877
2025-09-19 20:00:00,3717.800048828125,3719.60009765625,3715.10009765625,3719.39990234375,3584
2025-09-22 04:00:00,3728.60009765625,3753.39990234375,3725.5,3747.5,34042
2025-09-22 08:00:00,3747.39990234375,3763.10009765625,3746.60009765625,3758.800048828125,30697
2025-09-22 12:00:00,3758.89990234375,3770.300048828125,3746.0,3769.89990234375,66493
2025-09-22 16:00:00,3769.89990234375,3783.199951171875,3769.199951171875,3781.199951171875,44223
2025-09-22 20:00:00,3781.199951171875,3784.199951171875,3773.5,3782.199951171875,8437
2025-09-23 00:00:00,3782.199951171875,3795.10009765625,3772.39990234375,3780.60009765625,35623
2025-09-23 04:00:00,3780.89990234375,3793.0,3777.39990234375,3787.60009765625,27435
2025-09-23 08:00:00,3787.60009765625,3824.60009765625,3786.800048828125,3816.5,60962
2025-09-23 12:00:00,3816.60009765625,3821.60009765625,3799.0,3811.5,81462
2025-09-23 16:00:00,3811.699951171875,3819.0,3783.89990234375,3796.39990234375,69144
2025-09-23 20:00:00,3796.60009765625,3802.60009765625,3793.800048828125,3796.10009765625,6929
2025-09-24 00:00:00,3795.800048828125,3803.60009765625,3783.0,3799.10009765625,26493
2025-09-24 04:00:00,3798.39990234375,3812.60009765625,3795.39990234375,3810.89990234375,25401
2025-09-24 08:00:00,3810.89990234375,3811.300048828125,3792.39990234375,3802.300048828125,26324
2025-09-24 12:00:00,3802.199951171875,3806.39990234375,3772.60009765625,3774.10009765625,83697
2025-09-24 16:00:00,3774.199951171875,3778.39990234375,3749.699951171875,3762.5,61112
2025-09-24 20:00:00,3762.39990234375,3776.699951171875,3762.300048828125,3774.5,5963
2025-09-25 00:00:00,3774.300048828125,3782.199951171875,3760.5,3767.0,28367
2025-09-25 04:00:00,3767.199951171875,3785.60009765625,3762.199951171875,3782.5,28537
2025-09-25 08:00:00,3782.60009765625,3792.300048828125,3771.0,3784.0,43631
2025-09-25 12:00:00,3783.699951171875,3787.0,3751.89990234375,3766.89990234375,91444
2025-09-25 16:00:00,3766.89990234375,3789.5,3762.5,3777.5,53265
2025-09-25 20:00:00,3777.5,3783.89990234375,3768.5,3775.0,7524
2025-09-26 00:00:00,3775.0,3783.5,3764.0,3775.39990234375,19873
2025-09-26 04:00:00,3775.10009765625,3784.39990234375,3768.800048828125,3777.89990234375,20136
2025-09-26 08:00:00,3777.89990234375,3785.199951171875,3772.800048828125,3778.699951171875,22701
2025-09-26 12:00:00,3778.800048828125,3814.39990234375,3776.39990234375,3810.39990234375,87319
2025-09-26 16:00:00,3810.39990234375,3813.300048828125,3793.60009765625,3795.800048828125,43595
2025-09-26 20:00:00,3796.0,3798.800048828125,3789.0,3789.5,6250
2025-09-28 20:00:00,3796.800048828125,3801.60009765625,3794.89990234375,3795.89990234375,6154
2025-09-29 00:00:00,3795.800048828125,3828.5,3792.89990234375,3823.5,45612
2025-09-29 04:00:00,3824.0,3849.0,3822.10009765625,3836.10009765625,42943
2025-09-29 08:00:00,3836.199951171875,3860.60009765625,3836.199951171875,3858.199951171875,40687
2025-09-29 12:00:00,3858.10009765625,3862.199951171875,3838.60009765625,3859.300048828125,75674
2025-09-29 16:00:00,3859.199951171875,3862.199951171875,3850.89990234375,3857.10009765625,33872
2025-09-29 20:00:00,3857.0,3863.699951171875,3854.39990234375,3861.10009765625,6517
2025-09-30 00:00:00,3861.199951171875,3895.5,3859.5,3893.300048828125,39813
2025-09-30 04:00:00,3892.800048828125,3899.199951171875,3867.89990234375,3872.199951171875,43352
2025-09-30 08:00:00,3872.0,3875.60009765625,3820.60009765625,3842.60009765625,72465
2025-09-30 12:00:00,3842.39990234375,3882.300048828125,3836.5,3866.300048828125,98380
2025-09-30 16:00:00,3866.800048828125,3888.699951171875,3865.699951171875,3886.699951171875,37670
2025-09-30 20:00:00,3886.800048828125,3890.800048828125,3878.699951171875,3890.60009765625,8961
2025-10-01 00:00:00,3890.60009765625,3904.10009765625,3883.5,3889.699951171875,32679
2025-10-01 04:00:00,3889.5,3908.300048828125,3880.300048828125,3907.199951171875,34546
2025-10-01 08:00:00,3907.39990234375,3922.699951171875,3905.39990234375,3911.10009765625,48190
2025-10-01 12:00:00,3911.199951171875,3918.800048828125,3882.800048828125,3895.10009765625,116764
2025-10-01 16:00:00,3895.0,3898.5,3881.39990234375,3894.300048828125,39670
2025-10-01 20:00:00,3894.300048828125,3895.699951171875,3882.89990234375,3888.89990234375,8118
2025-10-02 00:00:00,3888.699951171875,3895.199951171875,3877.0,3891.5,19045
2025-10-02 04:00:00,3891.60009765625,3899.60009765625,3886.60009765625,3894.0,22991
2025-10-02 08:00:00,3893.60009765625,3911.699951171875,3889.699951171875,3911.199951171875,25873
2025-10-02 12:00:00,3911.300048828125,3923.300048828125,3842.800048828125,3851.800048828125,148438
2025-10-02 16:00:00,3851.699951171875,3883.39990234375,3850.699951171875,3880.10009765625,46793
2025-10-02 20:00:00,3880.300048828125,3888.10009765625,3876.0,3886.800048828125,5721
2025-10-03 00:00:00,3886.60009765625,3887.199951171875,3861.10009765625,3865.800048828125,26310
2025-10-03 04:00:00,3865.699951171875,3888.699951171875,3864.60009765625,3887.300048828125,23602
2025-10-03 08:00:00,3887.5,3891.5,3877.60009765625,3885.300048828125,24655
2025-10-03 12:00:00,3885.39990234375,3916.800048828125,3883.699951171875,3914.39990234375,94537
2025-10-03 16:00:00,3914.5,3914.800048828125,3901.699951171875,3910.89990234375,33276
2025-10-03 20:00:00,3910.89990234375,3912.699951171875,3908.5,3912.10009765625,3034
2025-10-06 04:00:00,3954.5,3969.0,3947.39990234375,3965.699951171875,32524
2025-10-06 08:00:00,3965.800048828125,3973.699951171875,3954.699951171875,3962.39990234375,37050
2025-10-06 12:00:00,3962.199951171875,3988.199951171875,3950.0,3986.39990234375,83692
2025-10-06 16:00:00,3986.39990234375,3994.5,3969.5,3983.199951171875,47850
2025-10-06 20:00:00,3983.199951171875,3999.0,3981.0,3992.39990234375,8229
2025-10-07 00:00:00,3992.300048828125,4000.10009765625,3978.699951171875,3996.300048828125,31263
2025-10-07 04:00:00,3995.300048828125,3999.199951171875,3965.60009765625,3968.60009765625,44275
2025-10-07 08:00:00,3968.60009765625,3992.10009765625,3963.39990234375,3989.800048828125,36447
2025-10-07 12:00:00,3989.699951171875,4014.60009765625,3983.39990234375,3988.699951171875,106197
2025-10-07 16:00:00,3989.0,4011.10009765625,3985.300048828125,4002.5,52597
2025-10-07 20:00:00,4002.699951171875,4018.0,4002.699951171875,4016.199951171875,9620
2025-10-08 00:00:00,4016.300048828125,4038.699951171875,4006.699951171875,4036.60009765625,45910
2025-10-08 04:00:00,4037.10009765625,4061.199951171875,4037.10009765625,4056.5,52991
2025-10-08 08:00:00,4056.39990234375,4071.5,4053.60009765625,4060.0,48669
2025-10-08 12:00:00,4060.10009765625,4072.39990234375,4047.5,4067.199951171875,99129
2025-10-08 16:00:00,4067.300048828125,4081.0,4052.5,4064.199951171875,73392
2025-10-08 20:00:00,4064.300048828125,4067.0,4019.199951171875,4030.10009765625,19395
2025-10-09 00:00:00,4030.0,4057.0,4022.39990234375,4045.0,57077
2025-10-09 04:00:00,4046.10009765625,4062.10009765625,4041.10009765625,4051.199951171875,31673
2025-10-09 08:00:00,4051.0,4066.89990234375,4049.800048828125,4063.699951171875,27473
2025-10-09 12:00:00,4063.699951171875,4077.89990234375,4018.10009765625,4029.60009765625,163128
2025-10-09 16:00:00,4029.5,4037.89990234375,3957.89990234375,3988.300048828125,139608
2025-10-09 20:00:00,3988.300048828125,4007.60009765625,3973.0,4006.60009765625,12938
2025-10-10 00:00:00,4006.60009765625,4009.699951171875,3975.0,3979.10009765625,38111
2025-10-10 04:00:00,3976.800048828125,3991.699951171875,3961.199951171875,3985.10009765625,44855
2025-10-10 08:00:00,3985.0,4020.5,3982.800048828125,4002.300048828125,45556
2025-10-10 12:00:00,4002.39990234375,4038.60009765625,3986.699951171875,4013.39990234375,127599
2025-10-10 16:00:00,4013.5,4038.0,3988.39990234375,4028.10009765625,75275
2025-10-10 20:00:00,4028.0,4038.5,4000.39990234375,4000.39990234375,7026
2025-10-12 20:00:00,4000.39990234375,4078.10009765625,4000.39990234375,4053.10009765625,17104
2025-10-13 00:00:00,4053.0,4079.300048828125,4042.10009765625,4070.199951171875,43720
2025-10-13 04:00:00,4069.800048828125,4096.7001953125,4068.89990234375,4089.699951171875,40631
2025-10-13 08:00:00,4089.60009765625,4104.2998046875,4087.39990234375,4093.199951171875,40590
2025-10-13 12:00:00,4093.199951171875,4127.5,4092.300048828125,4124.7998046875,87925
2025-10-13 16:00:00,4124.7998046875,4137.2001953125,4110.2998046875,4127.2998046875,51364
2025-10-13 20:00:00,4127.2998046875,4150.0,4124.7998046875,4145.89990234375,14774
2025-10-14 00:00:00,4145.7001953125,4178.60009765625,4137.0,4175.2998046875,60510
2025-10-14 04:00:00,4175.60009765625,4190.89990234375,4105.0,4141.7998046875,115452
2025-10-14 08:00:00,4141.60009765625,4161.7998046875,4136.7001953125,4148.60009765625,50079
2025-10-14 12:00:00,4148.7998046875,4159.10009765625,4113.60009765625,4154.2998046875,96710
2025-10-14 16:00:00,4154.5,4172.10009765625,4144.5,4159.2001953125,55330
2025-10-14 20:00:00,4159.2998046875,4185.39990234375,4156.39990234375,4179.60009765625,7970
2025-10-15 00:00:00,4179.60009765625,4210.0,4171.60009765625,4206.0,43858
2025-10-15 04:00:00,4206.0,4227.89990234375,4192.39990234375,4225.7998046875,35717
2025-10-15 08:00:00,4225.7001953125,4235.7998046875,4180.0,4214.2998046875,61837
2025-10-15 12:00:00,4214.5,4227.7001953125,4191.2001953125,4207.0,95649
2025-10-15 16:00:00,4207.0,4229.60009765625,4198.2001953125,4226.0,50278
2025-10-15 20:00:00,4226.0,4230.60009765625,4214.5,4223.2001953125,8871
2025-10-16 00:00:00,4223.10009765625,4255.39990234375,4218.39990234375,4249.2001953125,47625
2025-10-16 04:00:00,4247.60009765625,4253.2001953125,4216.39990234375,4244.5,52875
2025-10-16 08:00:00,4244.60009765625,4264.0,4238.10009765625,4256.10009765625,39956
2025-10-16 12:00:00,4256.2998046875,4292.7001953125,4241.89990234375,4289.39990234375,98975
2025-10-16 16:00:00,4289.5,4328.7001953125,4275.7001953125,4321.39990234375,102949
2025-10-16 20:00:00,4321.89990234375,4392.0,4321.7998046875,4378.7998046875,29298
2025-10-17 00:00:00,4378.2998046875,4383.5,4291.2998046875,4377.2001953125,94852
2025-10-17 04:00:00,4378.89990234375,4390.39990234375,4320.0,4354.5,67933
2025-10-17 08:00:00,4354.5,4363.7998046875,4298.0,4298.7001953125,73952
2025-10-17 12:00:00,4298.7001953125,4332.2998046875,4226.0,4251.39990234375,176534
2025-10-17 16:00:00,4251.5,4259.0,4196.0,4240.2998046875,97656
2025-10-17 20:00:00,4241.7001953125,4268.0,4213.2998046875,4213.2998046875,7250
2025-10-19 20:00:00,4269.0,4289.89990234375,4213.2998046875,4250.0,15805
2025-10-20 00:00:00,4249.39990234375,4283.0,4229.7001953125,4277.7998046875,41917
2025-10-20 04:00:00,4278.0,4281.5,4233.60009765625,4269.2998046875,38151
2025-10-20 08:00:00,4269.10009765625,4295.2998046875,4259.5,4294.7998046875,33773
2025-10-20 12:00:00,4294.60009765625,4372.2998046875,4287.60009765625,4366.0,129496
2025-10-20 16:00:00,4366.0,4398.0,4354.39990234375,4394.2998046875,56453
2025-10-20 20:00:00,4394.39990234375,4396.5,4363.7001953125,4377.2998046875,19793
2025-10-21 00:00:00,4377.39990234375,4390.0,4348.39990234375,4362.89990234375,45937
2025-10-21 04:00:00,4362.7998046875,4362.7998046875,4309.2998046875,4312.7998046875,50366
2025-10-21 08:00:00,4312.60009765625,4316.2998046875,4257.7001953125,4266.7998046875,78454
2025-10-21 12:00:00,4266.7998046875,4270.89990234375,4093.0,4150.60009765625,233480
2025-10-21 16:00:00,4150.5,4156.7001953125,4105.0,4124.2001953125,91358
2025-10-21 20:00:00,4124.5,4146.7001953125,4103.39990234375,4106.7001953125,17831
2025-10-22 00:00:00,4106.7998046875,4157.89990234375,4021.199951171875,4143.7001953125,88206
2025-10-22 04:00:00,4142.7998046875,4175.0,4121.89990234375,4146.2998046875,42208
2025-10-22 08:00:00,4146.2001953125,4149.5,4029.10009765625,4042.699951171875,92096
2025-10-22 12:00:00,4042.5,4101.0,4025.10009765625,4053.10009765625,137071
2025-10-22 16:00:00,4053.5,4131.39990234375,4039.39990234375,4120.0,77244
2025-10-22 20:00:00,4120.39990234375,4133.60009765625,4096.39990234375,4104.7001953125,13362
2025-10-23 00:00:00,4104.2001953125,4116.39990234375,4079.60009765625,4106.89990234375,29060
2025-10-23 04:00:00,4106.7001953125,4152.89990234375,4094.39990234375,4109.60009765625,43345
2025-10-23 08:00:00,4109.89990234375,4140.7001953125,4109.7998046875,4123.7001953125,37670
2025-10-23 12:00:00,4123.39990234375,4171.5,4113.7001953125,4158.60009765625,86887
2025-10-23 16:00:00,4158.60009765625,4165.39990234375,4132.5,4134.60009765625,50000
2025-10-23 20:00:00,4134.60009765625,4149.0,4121.2001953125,4136.7998046875,9707
2025-10-24 00:00:00,4137.10009765625,4159.0,4122.10009765625,4135.89990234375,35185
2025-10-24 04:00:00,4136.2001953125,4137.10009765625,4083.10009765625,4088.89990234375,46752
2025-10-24 08:00:00,4088.800048828125,4092.300048828125,4055.699951171875,4075.60009765625,44096
2025-10-24 12:00:00,4075.699951171875,4151.10009765625,4073.39990234375,4146.7001953125,105754
2025-10-24 16:00:00,4146.60009765625,4156.0,4117.5,4119.7001953125,47902
2025-10-24 20:00:00,4119.7001953125,4137.7998046875,4111.0,4137.7998046875,4840
2025-10-26 20:00:00,4103.2001953125,4137.7998046875,4074.199951171875,4078.199951171875,23834
2025-10-27 00:00:00,4078.699951171875,4112.0,4071.800048828125,4083.5,33157
2025-10-27 04:00:00,4082.0,4098.60009765625,4065.800048828125,4081.699951171875,28155
2025-10-27 08:00:00,4081.60009765625,4083.60009765625,4028.0,4038.0,54991
2025-10-27 12:00:00,4037.89990234375,4064.800048828125,3985.89990234375,4004.60009765625,122968
2025-10-27 16:00:00,4004.800048828125,4025.800048828125,3998.60009765625,4006.0,54247
2025-10-27 20:00:00,4005.800048828125,4019.0,3994.10009765625,4012.5,11950
2025-10-28 00:00:00,4012.800048828125,4034.199951171875,3987.199951171875,4006.60009765625,38667
2025-10-28 04:00:00,4007.0,4008.199951171875,3940.699951171875,3947.39990234375,53406
2025-10-28 08:00:00,3947.60009765625,3950.89990234375,3901.300048828125,3937.10009765625,74062
2025-10-28 12:00:00,3937.0,3983.800048828125,3919.199951171875,3978.60009765625,90803
2025-10-28 16:00:00,3978.699951171875,3985.699951171875,3959.10009765625,3975.800048828125,60105
2025-10-28 20:00:00,3975.39990234375,3982.5,3930.0,3979.0,9283
2025-10-29 00:00:00,3978.60009765625,3995.699951171875,3957.199951171875,3977.300048828125,33832
2025-10-29 04:00:00,3977.199951171875,4014.800048828125,3963.89990234375,4014.5,27246
2025-10-29 08:00:00,4014.800048828125,4043.699951171875,4013.39990234375,4030.199951171875,45080
2025-10-29 12:00:00,4031.0,4046.199951171875,4003.39990234375,4007.5,70030
2025-10-29 16:00:00,4007.800048828125,4021.699951171875,3940.39990234375,3959.199951171875,84171
2025-10-29 20:00:00,3958.699951171875,3967.800048828125,3925.10009765625,3963.89990234375,11449
2025-10-30 00:00:00,3964.10009765625,3978.199951171875,3927.60009765625,3947.300048828125,36558
2025-10-30 04:00:00,3949.5,3996.0,3946.699951171875,3972.800048828125,38159
2025-10-30 08:00:00,3973.0,4024.199951171875,3971.39990234375,3985.699951171875,41993
2025-10-30 12:00:00,3985.800048828125,4028.300048828125,3970.89990234375,4015.300048828125,76371
2025-10-30 16:00:00,4015.300048828125,4038.5,4004.60009765625,4035.199951171875,34258
2025-10-30 20:00:00,4035.199951171875,4059.89990234375,4029.300048828125,4048.60009765625,12063
2025-10-31 00:00:00,4048.699951171875,4051.39990234375,4003.60009765625,4009.0,34647
2025-10-31 04:00:00,4009.5,4036.60009765625,4001.89990234375,4032.60009765625,27697
2025-10-31 08:00:00,4032.39990234375,4038.5,4010.0,4022.300048828125,24685
2025-10-31 12:00:00,4022.39990234375,4049.199951171875,4020.800048828125,4025.0,63667
2025-10-31 16:00:00,4024.800048828125,4027.5,3982.300048828125,4012.89990234375,67434
2025-10-31 20:00:00,4012.699951171875,4018.89990234375,3996.5,3996.5,3231
2025-11-03 00:00:00,3996.5,4025.39990234375,3971.300048828125,4021.300048828125,30542
2025-11-03 04:00:00,4021.39990234375,4036.699951171875,4007.0,4035.89990234375,22428
2025-11-03 08:00:00,4036.199951171875,4038.699951171875,4003.300048828125,4019.60009765625,35598
2025-11-03 12:00:00,4019.60009765625,4043.10009765625,4012.39990234375,4019.300048828125,73374
2025-11-03 16:00:00,4019.199951171875,4024.60009765625,4006.0,4016.300048828125,40307
2025-11-03 20:00:00,4016.60009765625,4027.39990234375,3989.10009765625,4008.10009765625,8044
2025-11-04 00:00:00,4008.39990234375,4010.0,3984.199951171875,4003.699951171875,32288
2025-11-04 04:00:00,4003.800048828125,4006.60009765625,3975.0,4004.0,30050
2025-11-04 08:00:00,4004.300048828125,4011.60009765625,3995.39990234375,4005.699951171875,23877
2025-11-04 12:00:00,4005.800048828125,4008.0,3937.10009765625,3966.39990234375,89709
2025-11-04 16:00:00,3966.5,3986.300048828125,3941.699951171875,3947.199951171875,50566
2025-11-04 20:00:00,3947.10009765625,3951.60009765625,3938.39990234375,3942.5,12664
2025-11-05 00:00:00,3942.39990234375,3974.10009765625,3935.699951171875,3969.199951171875,27800
2025-11-05 04:00:00,3969.199951171875,3987.199951171875,3968.300048828125,3982.199951171875,22941
2025-11-05 08:00:00,3982.199951171875,3997.0,3965.10009765625,3975.5,30120
2025-11-05 12:00:00,3975.5,3995.60009765625,3970.800048828125,3987.89990234375,46917
2025-11-05 16:00:00,3988.5,4000.699951171875,3983.800048828125,3997.89990234375,33543
2025-11-05 20:00:00,3997.800048828125,4000.300048828125,3973.89990234375,3982.800048828125,6999
2025-11-06 00:00:00,3982.699951171875,3998.699951171875,3973.199951171875,3995.699951171875,16476
2025-11-06 04:00:00,3995.5,4018.5,3990.699951171875,4014.800048828125,20042
2025-11-06 08:00:00,4014.800048828125,4028.60009765625,4013.5,4027.199951171875,27687
2025-11-06 12:00:00,4027.0,4028.699951171875,3983.5,3988.300048828125,63048
2025-11-06 16:00:00,3988.199951171875,4003.699951171875,3973.199951171875,3993.199951171875,45330
2025-11-06 20:00:00,3993.300048828125,3996.800048828125,3981.60009765625,3996.0,6481
2025-11-07 00:00:00,3996.0,4011.300048828125,3991.60009765625,3997.699951171875,17905
2025-11-07 04:00:00,3997.39990234375,4017.300048828125,3992.60009765625,4015.199951171875,16692
2025-11-07 08:00:00,4015.39990234375,4022.60009765625,4001.199951171875,4011.0,22435
2025-11-07 12:00:00,4010.89990234375,4016.89990234375,3991.0,3998.0,50777
2025-11-07 16:00:00,3998.300048828125,4035.800048828125,3997.0,4014.199951171875,79679
2025-11-07 20:00:00,4014.0,4014.39990234375,4002.39990234375,4009.800048828125,8630
2025-11-09 20:00:00,4017.800048828125,4020.39990234375,4009.800048828125,4019.5,4445
2025-11-10 00:00:00,4019.699951171875,4062.0,4019.199951171875,4058.699951171875,41435
2025-11-10 04:00:00,4058.5,4087.60009765625,4058.5,4083.60009765625,27133
2025-11-10 08:00:00,4083.39990234375,4095.10009765625,4079.5,4093.800048828125,27484
2025-11-10 12:00:00,4094.0,4115.0,4082.39990234375,4091.39990234375,72373
2025-11-10 16:00:00,4091.199951171875,4123.89990234375,4089.199951171875,4120.89990234375,58640
2025-11-10 20:00:00,4121.0,4129.7001953125,4113.7998046875,4126.60009765625,9316
2025-11-11 00:00:00,4126.89990234375,4154.0,4123.10009765625,4152.7001953125,35628
2025-11-11 04:00:00,4152.39990234375,4155.0,4131.2001953125,4136.10009765625,28210
2025-11-11 08:00:00,4135.89990234375,4152.39990234375,4135.10009765625,4149.60009765625,23111
2025-11-11 12:00:00,4149.7001953125,4153.39990234375,4102.7998046875,4112.60009765625,87757
2025-11-11 16:00:00,4112.39990234375,4131.7001953125,4110.7001953125,4128.39990234375,49572
2025-11-11 20:00:00,4128.60009765625,4151.0,4127.7001953125,4148.7001953125,9571
2025-11-12 00:00:00,4148.39990234375,4151.5,4117.5,4117.7001953125,28533
2025-11-12 04:00:00,4117.60009765625,4130.7001953125,4104.39990234375,4122.2998046875,28368
2025-11-12 08:00:00,4122.60009765625,4139.60009765625,4117.39990234375,4131.7001953125,27154
2025-11-12 12:00:00,4131.39990234375,4192.2998046875,4128.7001953125,4187.89990234375,82206
2025-11-12 16:00:00,4187.7001953125,4218.5,4186.5,4203.2998046875,91041
2025-11-12 20:00:00,4203.39990234375,4210.0,4190.2998046875,4195.60009765625,14945
2025-11-13 00:00:00,4195.5,4217.2001953125,4183.2001953125,4216.7998046875,37528
2025-11-13 04:00:00,4216.89990234375,4224.89990234375,4206.89990234375,4224.60009765625,31508
2025-11-13 08:00:00,4224.7001953125,4245.60009765625,4223.39990234375,4235.0,39159
2025-11-13 12:00:00,4234.7001953125,4250.0,4188.60009765625,4206.60009765625,80825
2025-11-13 16:00:00,4206.60009765625,4215.7998046875,4148.5,4167.7998046875,94157
2025-11-13 20:00:00,4167.7998046875,4189.60009765625,4164.2001953125,4188.89990234375,12982
2025-11-14 00:00:00,4189.0,4215.10009765625,4176.2001953125,4207.7001953125,27342
2025-11-14 04:00:00,4207.60009765625,4209.0,4162.10009765625,4184.39990234375,30699
2025-11-14 08:00:00,4184.5,4190.7001953125,4133.2998046875,4135.60009765625,43320
2025-11-14 12:00:00,4135.10009765625,4143.39990234375,4032.60009765625,4095.5,155063
2025-11-14 16:00:00,4095.699951171875,4113.2001953125,4082.60009765625,4091.800048828125,58856
2025-11-14 20:00:00,4092.199951171875,4094.199951171875,4077.5,4084.39990234375,12739
2025-11-16 20:00:00,4100.0,4107.60009765625,4094.0,4097.0,4908
2025-11-17 00:00:00,4097.60009765625,4103.60009765625,4070.5,4084.0,28656
2025-11-17 04:00:00,4084.199951171875,4089.89990234375,4051.10009765625,4088.89990234375,33084
2025-11-17 08:00:00,4088.89990234375,4097.10009765625,4062.300048828125,4080.10009765625,36886
2025-11-17 12:00:00,4080.0,4093.5,4059.800048828125,4065.60009765625,44983
2025-11-17 16:00:00,4065.199951171875,4082.5,4010.10009765625,4011.300048828125,58579
2025-11-17 20:00:00,4011.39990234375,4055.39990234375,4006.800048828125,4036.300048828125,21251
2025-11-18 00:00:00,4036.5,4044.800048828125,4008.0,4012.300048828125,30383
2025-11-18 04:00:00,4012.199951171875,4024.800048828125,3997.39990234375,4013.39990234375,38490
2025-11-18 08:00:00,4013.699951171875,4050.199951171875,4010.199951171875,4039.0,31366
2025-11-18 12:00:00,4039.0,4082.300048828125,4028.10009765625,4053.199951171875,73449
2025-11-18 16:00:00,4053.39990234375,4083.300048828125,4040.10009765625,4082.300048828125,42705
2025-11-18 20:00:00,4082.199951171875,4083.699951171875,4064.89990234375,4076.5,6189
2025-11-19 00:00:00,4076.10009765625,4081.300048828125,4056.10009765625,4066.800048828125,19060
2025-11-19 04:00:00,4066.699951171875,4100.0,4064.10009765625,4087.300048828125,24673
2025-11-19 08:00:00,4086.800048828125,4120.0,4078.199951171875,4113.60009765625,33394
2025-11-19 12:00:00,4113.60009765625,4134.2998046875,4090.5,4097.39990234375,71399
2025-11-19 16:00:00,4097.0,4099.39990234375,4055.60009765625,4073.800048828125,68117
2025-11-19 20:00:00,4073.39990234375,4108.10009765625,4065.0,4104.2998046875,9168
2025-11-20 00:00:00,4104.2998046875,4109.60009765625,4034.0,4070.300048828125,39049
2025-11-20 04:00:00,4070.39990234375,4079.10009765625,4052.800048828125,4058.89990234375,21575
2025-11-20 08:00:00,4058.300048828125,4071.5,4037.39990234375,4059.60009765625,41341
2025-11-20 12:00:00,4059.60009765625,4106.89990234375,4059.0,4069.5,81389
2025-11-20 16:00:00,4069.300048828125,4087.300048828125,4042.60009765625,4084.39990234375,69217
2025-11-20 20:00:00,4084.199951171875,4089.39990234375,4072.10009765625,4079.699951171875,8802
2025-11-21 00:00:00,4079.199951171875,4081.10009765625,4048.0,4054.5,22806
2025-11-21 04:00:00,4054.0,4063.39990234375,4021.60009765625,4029.0,33329
2025-11-21 08:00:00,4028.699951171875,4060.5,4018.10009765625,4034.10009765625,43358
2025-11-21 12:00:00,4034.300048828125,4082.89990234375,4032.300048828125,4068.699951171875,75616
2025-11-21 16:00:00,4068.5,4101.0,4061.800048828125,4087.199951171875,57112
2025-11-21 20:00:00,4087.0,4088.199951171875,4052.199951171875,4062.800048828125,16656
2025-11-23 20:00:00,4068.5,4074.800048828125,4062.5,4071.60009765625,3954
2025-11-24 00:00:00,4071.699951171875,4072.699951171875,4037.199951171875,4047.5,21561
2025-11-24 04:00:00,4047.199951171875,4064.5,4036.39990234375,4057.0,20889
2025-11-24 08:00:00,4056.5,4074.0,4056.199951171875,4066.5,25541
2025-11-24 12:00:00,4066.39990234375,4092.60009765625,4062.60009765625,4089.800048828125,63365
2025-11-24 16:00:00,4090.0,4126.39990234375,4086.5,4117.39990234375,67651
2025-11-24 20:00:00,4117.39990234375,4142.2001953125,4117.0,4141.89990234375,13865
2025-11-25 00:00:00,4141.89990234375,4152.0,4120.5,4140.10009765625,12770
2025-11-25 04:00:00,4139.7001953125,4150.0,4126.2998046875,4129.39990234375,9994
2025-11-25 08:00:00,4129.7001953125,4172.89990234375,4106.7001953125,4167.60009765625,84359
2025-11-25 12:00:00,4130.60009765625,4185.60009765625,4106.7998046875,4156.7998046875,102533
2025-11-25 16:00:00,4118.60009765625,4194.0,4118.10009765625,4131.7001953125,91523
2025-11-25 20:00:00,4131.89990234375,4177.2998046875,4124.39990234375,4167.60009765625,94532
2025-11-26 00:00:00,4167.89990234375,4204.89990234375,4129.39990234375,4201.2001953125,21656
2025-11-26 04:00:00,4201.0,4204.0,4144.10009765625,4191.89990234375,20616
2025-11-26 08:00:00,4191.89990234375,4208.60009765625,4151.7001953125,4206.7001953125,26137
2025-11-26 12:00:00,4206.7998046875,4209.0,4132.89990234375,4200.2998046875,67977
2025-11-26 16:00:00,4200.39990234375,4206.60009765625,4155.60009765625,4197.0,40429
2025-11-26 20:00:00,4196.60009765625,4201.2998046875,4157.2001953125,4196.60009765625,6623
2025-11-27 00:00:00,4196.5,4199.5,4144.5,4179.5,15747
2025-11-27 04:00:00,4179.2998046875,4186.89990234375,4140.0,4182.7001953125,4805
2025-11-28 12:00:00,4217.60009765625,4246.60009765625,4185.10009765625,4239.2998046875,29362
2025-11-28 16:00:00,4239.2998046875,4251.7001953125,4200.7001953125,4251.39990234375,18804
2025-11-30 20:00:00,4245.10009765625,4261.0,4214.89990234375,4257.2998046875,8256
2025-12-01 00:00:00,4257.5,4291.7998046875,4222.7998046875,4273.7998046875,41147
2025-12-01 04:00:00,4274.10009765625,4281.89990234375,4220.2998046875,4278.89990234375,29031
2025-12-01 08:00:00,4278.7001953125,4297.7998046875,4245.7998046875,4290.0,28120
2025-12-01 12:00:00,4289.7001953125,4299.60009765625,4219.2998046875,4265.2001953125,68126
2025-12-01 16:00:00,4265.39990234375,4278.7998046875,4222.89990234375,4270.7998046875,41958
2025-12-01 20:00:00,4270.89990234375,4276.0,4230.5,4260.10009765625,6819
2025-12-02 00:00:00,4260.39990234375,4262.89990234375,4199.7001953125,4247.7001953125,30527
2025-12-02 04:00:00,4247.89990234375,4258.10009765625,4234.39990234375,4244.5,22014
2025-12-02 08:00:00,4244.7001953125,4248.89990234375,4182.10009765625,4236.0,31839
2025-12-02 12:00:00,4236.10009765625,4262.2001953125,4181.5,4200.7998046875,74827
2025-12-02 16:00:00,4200.89990234375,4232.0,4167.0,4227.60009765625,42639
2025-12-02 20:00:00,4227.60009765625,4248.0,4195.39990234375,4244.0,8996
2025-12-03 00:00:00,4244.10009765625,4260.10009765625,4215.7001953125,4252.39990234375,18158
2025-12-03 04:00:00,4252.5,4256.2998046875,4231.10009765625,4236.10009765625,20279
2025-12-03 08:00:00,4236.5,4241.2998046875,4195.7001953125,4239.0,24100
2025-12-03 12:00:00,4239.10009765625,4273.2998046875,4209.0,4247.7998046875,61350
2025-12-03 16:00:00,4247.60009765625,4256.89990234375,4199.2001953125,4239.39990234375,37035
2025-12-03 20:00:00,4239.2998046875,4244.5,4232.2998046875,4237.0,5663
2025-12-04 00:00:00,4237.10009765625,4246.89990234375,4211.0,4224.39990234375,20649
2025-12-04 04:00:00,4224.39990234375,4227.7998046875,4175.0,4222.89990234375,22447
2025-12-04 08:00:00,4222.7001953125,4236.39990234375,4184.2998046875,4228.2001953125,23236
2025-12-04 12:00:00,4228.39990234375,4244.0,4191.89990234375,4237.60009765625,45810
2025-12-04 16:00:00,4237.7998046875,4251.10009765625,4202.0,4239.7001953125,37260
2025-12-04 20:00:00,4239.2998046875,4240.89990234375,4207.0,4236.2001953125,4185
2025-12-05 00:00:00,4236.2001953125,4240.60009765625,4204.10009765625,4238.89990234375,18454
2025-12-05 04:00:00,4238.5,4261.10009765625,4237.10009765625,4254.2998046875,21508
2025-12-05 08:00:00,4254.60009765625,4257.7001953125,4245.7998046875,4253.5,13654
2025-12-05 12:00:00,4253.60009765625,4290.5,4245.5,4274.89990234375,61193
2025-12-05 16:00:00,4275.0,4276.89990234375,4205.10009765625,4237.2998046875,63277
2025-12-05 20:00:00,4237.60009765625,4237.60009765625,4194.5,4227.7001953125,8877
2025-12-07 20:00:00,4228.10009765625,4236.5,4224.5,4230.60009765625,3767
2025-12-08 00:00:00,4231.2001953125,4241.7998046875,4204.7998046875,4238.7001953125,16643
2025-12-08 04:00:00,4238.7998046875,4247.89990234375,4208.5,4235.7001953125,12928
2025-12-08 08:00:00,4235.7998046875,4246.0,4203.39990234375,4237.7001953125,18383
2025-12-08 12:00:00,4237.60009765625,4245.10009765625,4175.5,4211.7998046875,53661
2025-12-08 16:00:00,4211.5,4227.0,4182.89990234375,4216.10009765625,31984
2025-12-08 20:00:00,4216.2001953125,4224.7998046875,4214.0,4223.7998046875,5689
2025-12-09 00:00:00,4223.7998046875,4227.60009765625,4190.7001953125,4223.7998046875,17123
2025-12-09 04:00:00,4223.7001953125,4224.7001953125,4177.7001953125,4209.7001953125,27330
2025-12-09 08:00:00,4209.89990234375,4242.2998046875,4181.5,4232.10009765625,29044
2025-12-09 12:00:00,4232.39990234375,4246.0,4198.7001953125,4242.0,54345
2025-12-09 16:00:00,4242.2998046875,4251.7001953125,4205.2998046875,4241.39990234375,38142
2025-12-09 20:00:00,4241.10009765625,4245.10009765625,4209.0,4238.7001953125,6043
2025-12-10 00:00:00,4239.0,4247.89990234375,4216.60009765625,4235.0,14384
2025-12-10 04:00:00,4234.89990234375,4242.60009765625,4229.7001953125,4231.2001953125,13855
2025-12-10 08:00:00,4231.10009765625,4234.7998046875,4215.2998046875,4225.60009765625,20944
2025-12-10 12:00:00,4225.5,4235.2998046875,4190.7998046875,4222.10009765625,39672
2025-12-10 16:00:00,4222.10009765625,4249.0,4183.60009765625,4245.7001953125,63391
2025-12-10 20:00:00,4245.60009765625,4268.7998046875,4233.7998046875,4261.60009765625,26390
2025-12-11 00:00:00,4261.7001953125,4277.7001953125,4224.0,4244.60009765625,31212
2025-12-11 04:00:00,4244.10009765625,4246.2001953125,4214.2998046875,4243.5,16701
2025-12-11 08:00:00,4243.7001953125,4253.89990234375,4216.60009765625,4238.10009765625,17894
2025-12-11 12:00:00,4238.10009765625,4291.2001953125,4217.39990234375,4285.2998046875,75497
2025-12-11 16:00:00,4285.39990234375,4317.2998046875,4255.0,4302.60009765625,64927
2025-12-11 20:00:00,4302.39990234375,4313.5,4277.0,4305.89990234375,11176
2025-12-12 00:00:00,4305.7001953125,4310.0,4276.39990234375,4301.2998046875,16761
2025-12-12 04:00:00,4301.2998046875,4321.10009765625,4289.0,4317.60009765625,16643
2025-12-12 08:00:00,4317.5,4376.5,4315.0,4374.2001953125,53514
2025-12-12 12:00:00,4374.39990234375,4387.7998046875,4308.0,4320.10009765625,106801
2025-12-12 16:00:00,4320.2998046875,4336.10009765625,4260.0,4328.7001953125,75740
2025-12-12 20:00:00,4328.60009765625,4335.0,4302.7001953125,4329.7998046875,10424
2025-12-14 20:00:00,4337.2998046875,4339.2998046875,4332.60009765625,4333.89990234375,3005
2025-12-15 00:00:00,4334.0,4361.7998046875,4308.2998046875,4359.89990234375,18686
2025-12-15 04:00:00,4359.5,4380.5,4340.89990234375,4372.39990234375,20683
2025-12-15 08:00:00,4372.2001953125,4384.2998046875,4345.60009765625,4376.60009765625,21120
2025-12-15 12:00:00,4376.89990234375,4382.60009765625,4327.2001953125,4349.89990234375,69613
2025-12-15 16:00:00,4350.0,4350.5,4292.89990234375,4342.89990234375,58216
2025-12-15 20:00:00,4342.7998046875,4343.2998046875,4303.89990234375,4333.10009765625,8873
2025-12-16 00:00:00,4333.2001953125,4345.2998046875,4307.2001953125,4317.2001953125,26481
2025-12-16 04:00:00,4317.2998046875,4318.89990234375,4270.5,4313.39990234375,17109
2025-12-16 08:00:00,4313.2998046875,4315.10009765625,4301.0,4306.7998046875,22813
2025-12-16 12:00:00,4306.7001953125,4367.89990234375,4304.89990234375,4351.7998046875,84010
2025-12-16 16:00:00,4352.10009765625,4355.7001953125,4318.7001953125,4341.39990234375,46818
2025-12-16 20:00:00,4341.10009765625,4344.7998046875,4302.89990234375,4336.89990234375,6994
2025-12-17 00:00:00,4336.7001953125,4356.39990234375,4320.2998046875,4353.2001953125,19286
2025-12-17 04:00:00,4353.5,4373.60009765625,4324.2001953125,4348.10009765625,23642
2025-12-17 08:00:00,4347.7998046875,4352.60009765625,4325.0,4345.89990234375,19288
2025-12-17 12:00:00,4346.10009765625,4383.60009765625,4344.7001953125,4361.60009765625,83635
2025-12-17 16:00:00,4361.7001953125,4378.5,4332.7001953125,4369.2998046875,49485
2025-12-17 20:00:00,4369.2998046875,4379.39990234375,4366.89990234375,4371.0,8042
2025-12-18 00:00:00,4371.0,4375.10009765625,4355.2001953125,4363.39990234375,15065
2025-12-18 04:00:00,4363.60009765625,4368.7001953125,4358.5,4362.60009765625,10867
2025-12-18 08:00:00,4362.5,4363.7001953125,4351.0,4357.60009765625,20182
2025-12-18 12:00:00,4357.60009765625,4375.7001953125,4338.0,4370.2001953125,79186
2025-12-18 16:00:00,4370.0,4409.5,4352.60009765625,4357.2001953125,94800
2025-12-18 20:00:00,4357.7998046875,4370.39990234375,4356.7998046875,4366.5,6364
2025-12-19 00:00:00,4366.7001953125,4367.2001953125,4336.2998046875,4345.7998046875,21600
2025-12-19 04:00:00,4346.0,4358.0,4344.2998046875,4350.39990234375,10758
2025-12-19 08:00:00,4350.5,4362.39990234375,4349.2001953125,4357.10009765625,14354
2025-12-19 12:00:00,4357.2998046875,4382.5,4349.7998046875,4381.2998046875,62782
2025-12-19 16:00:00,4381.2998046875,4389.0,4374.60009765625,4376.2001953125,40528
2025-12-19 20:00:00,4376.39990234375,4387.2998046875,4367.7998046875,4387.2998046875,9746
2025-12-21 20:00:00,4373.2998046875,4386.2001953125,4372.7998046875,4385.2998046875,4151
2025-12-22 00:00:00,4385.2998046875,4427.2998046875,4385.2001953125,4425.10009765625,32272
2025-12-22 04:00:00,4425.10009765625,4453.0,4423.7001953125,4447.10009765625,31053
2025-12-22 08:00:00,4446.89990234375,4449.60009765625,4439.10009765625,4443.7998046875,21335
2025-12-22 12:00:00,4443.7001953125,4471.10009765625,4439.5,4467.2001953125,61634
2025-12-22 16:00:00,4467.2001953125,4477.7001953125,4463.5,4469.0,36320
2025-12-22 20:00:00,4468.89990234375,4494.2001953125,4467.0,4492.2998046875,10358
2025-12-23 00:00:00,4492.10009765625,4530.7998046875,4490.60009765625,4519.89990234375,36940
2025-12-23 04:00:00,4519.7998046875,4522.2001953125,4502.60009765625,4519.10009765625,21047
2025-12-23 08:00:00,4519.10009765625,4526.2998046875,4510.0,4525.7998046875,20368
2025-12-23 12:00:00,4525.5,4529.2998046875,4457.7001953125,4485.7998046875,95170
2025-12-23 16:00:00,4485.89990234375,4524.60009765625,4482.5,4519.10009765625,53179
2025-12-23 20:00:00,4519.2001953125,4540.60009765625,4512.2001953125,4533.89990234375,8495
2025-12-24 00:00:00,4534.10009765625,4555.10009765625,4496.5,4521.10009765625,40044
2025-12-24 04:00:00,4521.2998046875,4528.7001953125,4518.7998046875,4524.89990234375,3079
2025-12-24 12:00:00,4516.10009765625,4518.2001953125,4474.2998046875,4484.7998046875,34235
2025-12-24 16:00:00,4484.60009765625,4513.39990234375,4482.2001953125,4505.60009765625,19313
2025-12-26 04:00:00,4538.7998046875,4549.7998046875,4535.7001953125,4540.60009765625,11601
2025-12-26 08:00:00,4540.2998046875,4554.0,4531.2001953125,4538.2001953125,15577
2025-12-26 12:00:00,4538.0,4581.10009765625,4533.10009765625,4580.10009765625,53263
2025-12-26 16:00:00,4580.2998046875,4584.0,4543.39990234375,4554.89990234375,48695
2025-12-26 20:00:00,4554.7998046875,4566.39990234375,4552.5,4552.7001953125,10569
2025-12-28 20:00:00,4570.5,4571.7998046875,4549.5,4550.89990234375,9145
2025-12-29 00:00:00,4551.0,4551.89990234375,4490.2998046875,4541.10009765625,42597
2025-12-29 04:00:00,4540.7998046875,4542.5,4463.2998046875,4496.10009765625,35898
2025-12-29 08:00:00,4495.7001953125,4510.5,4454.39990234375,4466.2001953125,40435
2025-12-29 12:00:00,4466.39990234375,4488.7001953125,4316.0,4343.10009765625,117693
2025-12-29 16:00:00,4343.0,4365.60009765625,4332.7998046875,4354.2001953125,47658
2025-12-29 20:00:00,4354.39990234375,4363.2001953125,4338.7998046875,4361.2001953125,10595
2025-12-30 00:00:00,4361.10009765625,4383.0,4339.0,4373.7998046875,27350
2025-12-30 04:00:00,4373.7998046875,4398.5,4371.7001953125,4388.2998046875,20848
2025-12-30 08:00:00,4388.60009765625,4407.5,4366.60009765625,4399.60009765625,23460
2025-12-30 12:00:00,4399.7998046875,4420.5,4370.5,4381.89990234375,58301
2025-12-30 16:00:00,4381.7001953125,4397.7998046875,4352.39990234375,4364.0,38129
2025-12-30 20:00:00,4364.0,4370.60009765625,4338.10009765625,4350.89990234375,12874
2025-12-31 00:00:00,4351.2998046875,4384.89990234375,4344.7001953125,4360.39990234375,27374
2025-12-31 04:00:00,4360.7998046875,4363.5,4284.2998046875,4342.7001953125,37771
2025-12-31 08:00:00,4343.0,4349.0,4315.5,4323.7998046875,22301
2025-12-31 12:00:00,4323.89990234375,4367.7998046875,4315.0,4350.89990234375,34919
2025-12-31 16:00:00,4351.10009765625,4353.39990234375,4320.39990234375,4323.89990234375,24968
2025-12-31 20:00:00,4324.2001953125,4338.10009765625,4316.7998046875,4332.10009765625,7439
2026-01-02 04:00:00,4386.0,4395.5,4383.5,4394.7001953125,10767
2026-01-02 08:00:00,4394.60009765625,4411.7998046875,4392.60009765625,4405.5,18336
2026-01-02 12:00:00,4405.2001953125,4414.7998046875,4341.39990234375,4346.5,53339
2026-01-02 16:00:00,4346.7001953125,4348.60009765625,4319.7001953125,4328.10009765625,38723
2026-01-02 20:00:00,4328.2998046875,4342.7001953125,4327.39990234375,4329.60009765625,6246
2026-01-04 20:00:00,4368.7998046875,4385.39990234375,4363.2998046875,4381.39990234375,8207
2026-01-05 00:00:00,4381.89990234375,4430.7001953125,4379.2998046875,4408.7998046875,34191
2026-01-05 04:00:00,4408.60009765625,4436.10009765625,4406.10009765625,4431.2001953125,23564
2026-01-05 08:00:00,4431.39990234375,4451.7001953125,4422.2001953125,4430.7001953125,30116
2026-01-05 12:00:00,4430.5,4467.60009765625,4407.0,4459.0,64833
2026-01-05 16:00:00,4458.7998046875,4465.7998046875,4443.2001953125,4450.89990234375,33793
2026-01-05 20:00:00,4450.7001953125,4471.60009765625,4447.0,4450.7001953125,7513
2026-01-06 00:00:00,4450.60009765625,4478.89990234375,4437.89990234375,4478.2998046875,20137
2026-01-06 04:00:00,4478.2998046875,4485.2001953125,4460.2001953125,4469.2998046875,18035
2026-01-06 08:00:00,4468.5,4486.0,4452.5,4474.10009765625,26858
2026-01-06 12:00:00,4474.10009765625,4501.7998046875,4464.10009765625,4488.5,54459
2026-01-06 16:00:00,4488.39990234375,4503.7001953125,4481.7001953125,4492.2001953125,36022
2026-01-06 20:00:00,4492.10009765625,4512.39990234375,4491.60009765625,4504.60009765625,7318
2026-01-07 00:00:00,4504.7998046875,4506.89990234375,4471.2998046875,4485.7001953125,24129
2026-01-07 04:00:00,4485.60009765625,4487.0,4451.5,4470.7998046875,26857
2026-01-07 08:00:00,4470.7001953125,4485.0,4456.2001953125,4456.89990234375,17519
2026-01-07 12:00:00,4457.2998046875,4464.2001953125,4432.89990234375,4456.60009765625,73967
2026-01-07 16:00:00,4456.2998046875,4478.39990234375,4453.7998046875,4466.7998046875,43124
2026-01-07 20:00:00,4466.7998046875,4473.2001953125,4459.89990234375,4472.2001953125,7921
2026-01-08 00:00:00,4472.0,4475.2001953125,4441.7001953125,4448.2001953125,19267
2026-01-08 04:00:00,4448.2998046875,4448.7001953125,4423.60009765625,4438.60009765625,23047
2026-01-08 08:00:00,4438.5,4443.2998046875,4427.39990234375,4431.0,17479
2026-01-08 12:00:00,4430.89990234375,4465.7001953125,4415.0,4463.5,64371
2026-01-08 16:00:00,4463.60009765625,4475.7998046875,4453.7001953125,4460.89990234375,49382
2026-01-08 20:00:00,4460.7998046875,4493.7001953125,4460.2998046875,4485.2998046875,15905
2026-01-09 00:00:00,4485.60009765625,4486.89990234375,4461.7998046875,4472.7998046875,17728
2026-01-09 04:00:00,4473.10009765625,4486.0,4466.60009765625,4479.2998046875,13819
2026-01-09 08:00:00,4478.7998046875,4486.39990234375,4472.7998046875,4484.2998046875,15243
2026-01-09 12:00:00,4484.2001953125,4527.0,4467.0,4521.5,74850
2026-01-09 16:00:00,4521.7998046875,4523.7998046875,4491.39990234375,4508.2998046875,62612
2026-01-09 20:00:00,4508.0,4520.2998046875,4506.7998046875,4517.89990234375,9312
2026-01-11 20:00:00,4538.10009765625,4555.0,4531.39990234375,4550.10009765625,7488
2026-01-12 00:00:00,4550.0,4612.7001953125,4546.2998046875,4582.60009765625,55332
2026-01-12 04:00:00,4582.7998046875,4599.7998046875,4574.7998046875,4597.7998046875,21720
2026-01-12 08:00:00,4597.7001953125,4609.60009765625,4589.60009765625,4594.7998046875,25791
2026-01-12 12:00:00,4595.0,4638.2001953125,4587.60009765625,4630.89990234375,84943
2026-01-12 16:00:00,4630.89990234375,4640.5,4609.7998046875,4620.60009765625,70139
2026-01-12 20:00:00,4620.5,4621.2001953125,4586.39990234375,4607.60009765625,13078
2026-01-13 00:00:00,4607.5,4608.7001953125,4584.2998046875,4603.10009765625,18752
2026-01-13 04:00:00,4603.39990234375,4611.2001953125,4582.7998046875,4589.10009765625,19804
2026-01-13 08:00:00,4588.89990234375,4605.39990234375,4587.7998046875,4596.89990234375,22448
2026-01-13 12:00:00,4597.0,4644.0,4586.2001953125,4627.60009765625,88744
2026-01-13 16:00:00,4627.7001953125,4629.5,4589.5,4605.2998046875,74873
2026-01-13 20:00:00,4605.2998046875,4606.5,4576.7001953125,4603.89990234375,17543
2026-01-14 00:00:00,4604.39990234375,4638.89990234375,4604.39990234375,4636.5,25040
2026-01-14 04:00:00,4636.60009765625,4647.60009765625,4624.7001953125,4639.7001953125,31822
2026-01-14 08:00:00,4639.89990234375,4646.7001953125,4628.39990234375,4638.5,28365
2026-01-14 12:00:00,4638.60009765625,4650.10009765625,4605.89990234375,4624.7998046875,82450
2026-01-14 16:00:00,4624.89990234375,4650.5,4607.7001953125,4646.7001953125,92849
2026-01-14 20:00:00,4646.7001953125,4649.2001953125,4607.2001953125,4619.60009765625,26820
2026-01-15 00:00:00,4619.39990234375,4622.89990234375,4584.5,4596.10009765625,42866
2026-01-15 04:00:00,4595.7998046875,4618.0,4584.60009765625,4606.10009765625,24310
2026-01-15 08:00:00,4606.39990234375,4627.0,4602.2001953125,4623.39990234375,24884
2026-01-15 12:00:00,4623.2998046875,4624.89990234375,4584.0,4620.2001953125,63423
2026-01-15 16:00:00,4620.0,4630.10009765625,4605.7001953125,4620.0,47380
2026-01-15 20:00:00,4620.2001953125,4625.5,4604.2001953125,4614.60009765625,10862
2026-01-16 00:00:00,4614.2001953125,4615.10009765625,4594.60009765625,4599.39990234375,23248
2026-01-16 04:00:00,4599.39990234375,4620.2001953125,4597.10009765625,4611.5,23915
2026-01-16 08:00:00,4611.2001953125,4620.5,4602.2998046875,4616.5,19674
2026-01-16 12:00:00,4616.39990234375,4624.60009765625,4539.10009765625,4574.7998046875,112445
2026-01-16 16:00:00,4574.60009765625,4603.89990234375,4570.7998046875,4595.2001953125,48326
2026-01-16 20:00:00,4595.2998046875,4602.10009765625,4585.0,4595.39990234375,11715
2026-01-19 04:00:00,4595.39990234375,4672.2998046875,4595.39990234375,4671.2001953125,997
2026-01-20 04:00:00,4700.89990234375,4728.0,4700.0,4721.39990234375,35662
2026-01-20 08:00:00,4721.39990234375,4742.89990234375,4720.39990234375,4738.60009765625,35509
2026-01-20 12:00:00,4738.60009765625,4756.60009765625,4720.0,4742.0,90756
2026-01-20 16:00:00,4742.10009765625,4771.5,4733.39990234375,4765.89990234375,59283
2026-01-20 20:00:00,4765.7998046875,4784.89990234375,4752.60009765625,4779.7998046875,11878
2026-01-21 00:00:00,4779.60009765625,4852.60009765625,4774.5,4847.60009765625,57228
2026-01-21 04:00:00,4847.2998046875,4891.10009765625,4835.2001953125,4857.5,51569
2026-01-21 08:00:00,4856.89990234375,4879.39990234375,4853.7001953125,4869.10009765625,37813
2026-01-21 12:00:00,4869.2998046875,4884.5,4813.7998046875,4850.0,113779
2026-01-21 16:00:00,4850.0,4858.7001953125,4757.10009765625,4783.39990234375,96619
2026-01-21 20:00:00,4783.0,4842.7998046875,4774.5,4779.60009765625,27556
2026-01-22 00:00:00,4779.89990234375,4810.60009765625,4772.7001953125,4797.39990234375,27271
2026-01-22 04:00:00,4797.89990234375,4841.10009765625,4794.7001953125,4833.5,23444
2026-01-22 08:00:00,4833.39990234375,4839.5,4815.2998046875,4833.2001953125,31237
2026-01-22 12:00:00,4832.89990234375,4876.7998046875,4809.60009765625,4874.0,78057
2026-01-22 16:00:00,4874.2001953125,4927.60009765625,4870.10009765625,4915.2001953125,76894
2026-01-22 20:00:00,4915.5,4964.0,4914.7998046875,4960.7998046875,15290
2026-01-23 00:00:00,4961.2001953125,4970.0,4938.0,4953.0,33023
2026-01-23 04:00:00,4952.7001953125,4969.0,4944.2998046875,4945.5,24082
2026-01-23 08:00:00,4945.2001953125,4948.7001953125,4901.2001953125,4923.2998046875,44829
2026-01-23 12:00:00,4923.7001953125,4964.0,4918.7998046875,4961.89990234375,69814
2026-01-23 16:00:00,4961.89990234375,4991.39990234375,4959.5,4985.2001953125,76014
2026-01-23 20:00:00,4985.10009765625,4990.2001953125,4971.7001953125,4979.7001953125,14138
2026-01-25 20:00:00,5023.7998046875,5039.39990234375,5010.89990234375,5038.7001953125,11387
2026-01-26 00:00:00,5039.39990234375,5091.5,5028.0,5073.89990234375,50834
2026-01-26 04:00:00,5074.10009765625,5107.89990234375,5049.7001953125,5086.39990234375,45738
2026-01-26 08:00:00,5086.2998046875,5097.39990234375,5073.10009765625,5089.7998046875,42145
2026-01-26 12:00:00,5089.60009765625,5095.39990234375,5052.0,5088.39990234375,116340
2026-01-26 16:00:00,5088.39990234375,5103.0,5002.7001953125,5023.60009765625,113221
2026-01-26 20:00:00,5023.60009765625,5058.2998046875,4983.60009765625,5037.7001953125,33453
2026-01-27 00:00:00,5037.7001953125,5074.7998046875,5008.2998046875,5071.89990234375,30409
2026-01-27 04:00:00,5071.7001953125,5097.2998046875,5051.89990234375,5081.60009765625,29077
2026-01-27 08:00:00,5081.5,5096.2998046875,5062.2001953125,5073.10009765625,36593
2026-01-27 12:00:00,5072.89990234375,5089.39990234375,5042.0,5087.60009765625,99729
2026-01-27 16:00:00,5087.5,5100.2998046875,5074.0,5097.2998046875,65202
2026-01-27 20:00:00,5097.10009765625,5190.7998046875,5096.2001953125,5169.2001953125,49774
2026-01-28 00:00:00,5169.2998046875,5242.2001953125,5154.7998046875,5229.2001953125,15379
2026-01-28 04:00:00,5228.7998046875,5288.0,5227.39990234375,5286.2001953125,10084
2026-01-28 08:00:00,5285.39990234375,5345.0,5271.0,5294.2001953125,116754
2026-01-28 12:00:00,5294.39990234375,5331.0,5266.5,5311.2998046875,119946
2026-01-28 16:00:00,5311.60009765625,5365.89990234375,5301.0,5359.10009765625,101756
2026-01-28 20:00:00,5358.60009765625,5626.7998046875,5353.39990234375,5539.39990234375,35567
2026-01-29 00:00:00,5539.89990234375,5580.5,5472.39990234375,5576.89990234375,73666
2026-01-29 04:00:00,5570.7998046875,5625.89990234375,5544.5,5578.39990234375,53324
2026-01-29 08:00:00,5578.39990234375,5584.7998046875,5501.0,5553.5,61597
2026-01-29 12:00:00,5553.2001953125,5581.2998046875,5126.0,5212.89990234375,196592
2026-01-29 16:00:00,5210.7001953125,5404.2001953125,5201.5,5334.10009765625,103208
2026-01-29 20:00:00,5334.7998046875,5478.60009765625,5311.0,5467.60009765625,26350
2026-01-30 00:00:00,5467.5,5480.2001953125,5145.7998046875,5225.10009765625,80608
2026-01-30 04:00:00,5224.2001953125,5354.7998046875,5143.7001953125,5209.2001953125,33197
2026-01-30 08:00:00,5208.7998046875,5208.7998046875,4962.7001953125,5164.7001953125,79667
2026-01-30 12:00:00,5165.2998046875,5175.60009765625,5006.2998046875,5078.7998046875,98199
2026-01-30 16:00:00,5079.2998046875,5080.7001953125,4700.39990234375,4954.89990234375,167022
2026-01-30 20:00:00,4955.2998046875,4956.60009765625,4828.5,4907.5,25346
2026-02-01 20:00:00,4828.5,4834.0,4705.2998046875,4764.7001953125,15367
2026-02-02 00:00:00,4765.60009765625,4905.60009765625,4604.2998046875,4665.60009765625,72815
2026-02-02 04:00:00,4667.0,4734.5,4423.2001953125,4609.5,69558
2026-02-02 08:00:00,4609.5,4805.10009765625,4579.39990234375,4790.2998046875,48612
2026-02-02 12:00:00,4791.2001953125,4837.60009765625,4638.0,4641.7001953125,90538
2026-02-02 16:00:00,4642.89990234375,4737.7001953125,4617.60009765625,4707.39990234375,63358
2026-02-02 20:00:00,4707.39990234375,4799.89990234375,4667.0,4798.5,11069
2026-02-03 00:00:00,4798.7001953125,4882.0,4768.5,4831.60009765625,34850
2026-02-03 04:00:00,4831.0,4956.0,4822.60009765625,4940.0,26281
2026-02-03 08:00:00,4940.2001953125,4975.5,4905.2001953125,4938.89990234375,36219
2026-02-03 12:00:00,4939.60009765625,4977.7001953125,4915.0,4957.7001953125,67291
2026-02-03 16:00:00,4957.2001953125,5018.10009765625,4900.5,4949.2998046875,70424
2026-02-03 20:00:00,4949.89990234375,4997.7998046875,4924.5,4968.7001953125,10533
2026-02-04 00:00:00,4969.89990234375,5094.0,4966.89990234375,5090.2998046875,31766
2026-02-04 04:00:00,5090.7001953125,5113.5,5071.0,5106.7998046875,23611
2026-02-04 08:00:00,5106.2998046875,5113.89990234375,5036.0,5071.2998046875,27483
2026-02-04 12:00:00,5070.60009765625,5088.10009765625,4909.0,4943.10009765625,76596
2026-02-04 16:00:00,4943.10009765625,4979.39990234375,4867.7001953125,4963.5,68099
2026-02-04 20:00:00,4963.60009765625,5045.0,4936.0,5033.39990234375,7903
2026-02-05 00:00:00,5033.2001953125,5041.89990234375,4805.0,4898.5,51557
2026-02-05 04:00:00,4898.39990234375,4960.2001953125,4842.0,4934.2998046875,23697
2026-02-05 08:00:00,4934.10009765625,4962.0,4868.0,4889.10009765625,23983
2026-02-05 12:00:00,4889.2998046875,4899.89990234375,4820.7998046875,4838.60009765625,69947
2026-02-05 16:00:00,4837.7998046875,4930.0,4833.5,4852.5,37607
2026-02-05 20:00:00,4853.0,4866.2001953125,4721.2001953125,4722.0,17064
2026-02-06 00:00:00,4722.0,4863.5,4670.0,4841.10009765625,43111
2026-02-06 04:00:00,4842.0,4921.60009765625,4823.89990234375,4862.2998046875,20787
2026-02-06 08:00:00,4861.60009765625,4918.7001953125,4849.5,4909.10009765625,18836
2026-02-06 12:00:00,4910.10009765625,4988.7998046875,4892.0,4967.60009765625,45516
2026-02-06 16:00:00,4967.7998046875,4995.60009765625,4945.0,4980.7001953125,25434
2026-02-06 20:00:00,4980.39990234375,4992.10009765625,4960.39990234375,4979.7998046875,6885
2026-02-08 20:00:00,5000.0,5069.0,4991.2998046875,5057.39990234375,6457
2026-02-09 00:00:00,5057.5,5068.0,4989.2998046875,5037.10009765625,18618
2026-02-09 04:00:00,5036.5,5067.60009765625,5015.2001953125,5027.2001953125,12315
2026-02-09 08:00:00,5026.7998046875,5062.60009765625,5002.60009765625,5031.10009765625,15853
2026-02-09 12:00:00,5032.0,5084.39990234375,5016.89990234375,5082.2001953125,29437
2026-02-09 16:00:00,5082.60009765625,5106.7998046875,5064.39990234375,5098.39990234375,26828
2026-02-09 20:00:00,5098.2998046875,5111.10009765625,5011.0,5055.2998046875,6366
2026-02-10 00:00:00,5056.39990234375,5079.0,5031.0,5051.5,11728
2026-02-10 04:00:00,5052.39990234375,5068.39990234375,5032.7998046875,5055.2998046875,8048
2026-02-10 08:00:00,5054.5,5085.2998046875,5049.60009765625,5079.0,13885
2026-02-10 12:00:00,5079.7001953125,5102.7001953125,5021.2998046875,5041.60009765625,37628
2026-02-10 16:00:00,5042.7001953125,5064.0,5026.7001953125,5050.7998046875,20362
2026-02-10 20:00:00,5050.5,5077.39990234375,5042.89990234375,5064.10009765625,5084
2026-02-11 00:00:00,5064.7001953125,5085.0,5050.89990234375,5079.0,9058
2026-02-11 04:00:00,5078.60009765625,5093.2998046875,5067.60009765625,5078.7001953125,11801
2026-02-11 08:00:00,5078.89990234375,5141.7998046875,5068.7998046875,5136.7998046875,22025
2026-02-11 12:00:00,5137.39990234375,5144.5,5036.2998046875,5084.2001953125,49650
2026-02-11 16:00:00,5083.10009765625,5123.39990234375,5065.5,5106.5,27468
2026-02-11 20:00:00,5106.2001953125,5122.7998046875,5074.0,5083.5,3645
2026-02-12 00:00:00,5083.5,5096.0,5065.0,5078.2001953125,8993
2026-02-12 04:00:00,5077.7001953125,5099.2998046875,5068.89990234375,5085.2998046875,8998
2026-02-12 08:00:00,5085.7001953125,5102.5,5073.5,5085.60009765625,11879
2026-02-12 12:00:00,5086.5,5106.7001953125,5061.2998046875,5083.89990234375,32693
2026-02-12 16:00:00,5083.5,5091.60009765625,4900.0,4965.0,83112
2026-02-12 20:00:00,4965.2998046875,4968.39990234375,4907.10009765625,4939.7001953125,6945
2026-02-13 00:00:00,4938.5,5011.0,4932.10009765625,5001.60009765625,13121
2026-02-13 04:00:00,5000.0,5016.39990234375,4963.2001953125,4994.60009765625,12226
2026-02-13 08:00:00,4995.0,5009.5,4952.7998046875,4973.39990234375,16586
2026-02-13 12:00:00,4973.10009765625,5043.2998046875,4971.7998046875,4998.7001953125,39991
2026-02-13 16:00:00,4999.0,5069.10009765625,4997.39990234375,5046.39990234375,26996
2026-02-13 20:00:00,5046.2001953125,5067.39990234375,5043.2998046875,5046.2998046875,5899
2026-02-15 20:00:00,5046.2998046875,5051.60009765625,5031.60009765625,5038.5,917
2026-02-16 00:00:00,5038.39990234375,5051.39990234375,4986.0,5007.2001953125,7860
2026-02-16 04:00:00,5006.2001953125,5012.2001953125,4988.0,4994.7001953125,2082
2026-02-17 04:00:00,4970.7998046875,4972.2998046875,4875.2001953125,4935.7998046875,17027
2026-02-17 08:00:00,4936.0,4959.5,4926.2998046875,4948.7001953125,12765
2026-02-17 12:00:00,4948.39990234375,4964.0,4854.2001953125,4897.2001953125,46703
2026-02-17 16:00:00,4897.10009765625,4931.0,4868.0,4899.2998046875,26240
2026-02-17 20:00:00,4899.2001953125,4905.2001953125,4868.5,4876.89990234375,3169
2026-02-18 00:00:00,4876.0,4940.60009765625,4875.7998046875,4939.5,7372
2026-02-18 04:00:00,4939.10009765625,4962.2001953125,4937.0,4949.5,6348
2026-02-18 08:00:00,4950.2001953125,4953.2001953125,4925.89990234375,4933.39990234375,12678
2026-02-18 12:00:00,4932.7001953125,5029.60009765625,4931.89990234375,5018.7998046875,39446
2026-02-18 16:00:00,5018.89990234375,5031.89990234375,4993.7001953125,5000.7001953125,21459
2026-02-18 20:00:00,5000.7001953125,5008.39990234375,4971.5,4994.7998046875,3584
2026-02-19 00:00:00,4994.60009765625,5002.60009765625,4978.5,5000.39990234375,5545
2026-02-19 04:00:00,5000.0,5039.7998046875,4995.2998046875,5028.0,7528
2026-02-19 08:00:00,5028.0,5040.89990234375,4997.10009765625,5003.2998046875,14693
2026-02-19 12:00:00,5003.7998046875,5042.7998046875,4982.0,5033.39990234375,31141
2026-02-19 16:00:00,5033.89990234375,5034.2001953125,4994.0,5006.5,17909
2026-02-19 20:00:00,5006.89990234375,5026.5,5003.5,5005.60009765625,4123
2026-02-20 00:00:00,5006.39990234375,5033.39990234375,4999.2998046875,5006.0,6665
2026-02-20 04:00:00,5005.60009765625,5048.89990234375,5004.2001953125,5025.2998046875,8453
2026-02-20 08:00:00,5025.60009765625,5063.0,5023.7998046875,5036.7998046875,18133
2026-02-20 12:00:00,5037.0,5084.5,5005.5,5062.2998046875,51326
2026-02-20 16:00:00,5062.2998046875,5104.60009765625,5058.2001953125,5102.39990234375,32894
2026-02-20 20:00:00,5102.2998046875,5131.0,5080.89990234375,5080.89990234375,9003
2026-02-22 20:00:00,5157.0,5194.2001953125,5157.0,5187.2001953125,5616
2026-02-23 00:00:00,5187.0,5198.7998046875,5151.0,5188.39990234375,17531
2026-02-23 04:00:00,5188.2998046875,5190.2998046875,5145.10009765625,5157.60009765625,11934
2026-02-23 08:00:00,5157.5,5184.7998046875,5142.7998046875,5170.2998046875,17804
2026-02-23 12:00:00,5170.2998046875,5226.2001953125,5161.5,5216.60009765625,40286
2026-02-23 16:00:00,5216.2998046875,5240.89990234375,5196.0,5235.39990234375,29573
2026-02-23 20:00:00,5235.0,5269.39990234375,5234.60009765625,5254.5,7426
2026-02-24 00:00:00,5254.10009765625,5257.39990234375,5164.10009765625,5192.0,26951
2026-02-24 04:00:00,5191.5,5205.60009765625,5173.60009765625,5198.7001953125,13309
2026-02-24 08:00:00,5198.60009765625,5201.60009765625,5182.2998046875,5191.89990234375,13157
2026-02-24 12:00:00,5192.10009765625,5192.5,5109.5,5168.2001953125,55219
2026-02-24 16:00:00,5168.5,5188.5,5147.7998046875,5171.7998046875,23690
2026-02-24 20:00:00,5172.10009765625,5191.39990234375,5135.89990234375,5165.0,5967
2026-02-25 00:00:00,5165.10009765625,5212.0,5154.2998046875,5200.60009765625,12926
2026-02-25 04:00:00,5200.10009765625,5230.0,5189.2998046875,5203.7998046875,12343
2026-02-25 08:00:00,5203.7001953125,5216.60009765625,5173.2001953125,5199.5,16999
2026-02-25 12:00:00,5199.2998046875,5222.0,5177.0,5214.5,34022
2026-02-25 16:00:00,5214.10009765625,5237.2998046875,5209.10009765625,5224.39990234375,15816
2026-02-25 20:00:00,5224.10009765625,5225.0,5163.2998046875,5180.0,13025
2026-02-26 00:00:00,5179.10009765625,5213.39990234375,5170.10009765625,5208.10009765625,12229
2026-02-26 04:00:00,5208.10009765625,5221.89990234375,5196.39990234375,5202.60009765625,10983
2026-02-26 08:00:00,5202.7998046875,5207.89990234375,5176.39990234375,5180.7001953125,19982
2026-02-26 12:00:00,5180.89990234375,5210.10009765625,5144.7998046875,5202.5,44734
2026-02-26 16:00:00,5203.0,5211.2998046875,5176.2998046875,5204.2001953125,29584
2026-02-26 20:00:00,5203.89990234375,5218.2001953125,5191.5,5200.89990234375,6157
2026-02-27 00:00:00,5201.60009765625,5216.2001953125,5182.89990234375,5201.2001953125,12931
2026-02-27 04:00:00,5200.60009765625,5217.5,5192.60009765625,5193.10009765625,12180
2026-02-27 08:00:00,5193.2001953125,5202.2001953125,5183.2001953125,5202.0,13966
2026-02-27 12:00:00,5202.10009765625,5265.0,5199.60009765625,5257.7998046875,58534
2026-02-27 16:00:00,5258.0,5276.60009765625,5237.39990234375,5268.39990234375,36426
2026-02-27 20:00:00,5267.89990234375,5299.0,5247.89990234375,5247.89990234375,9506
2026-03-01 20:00:00,5364.2001953125,5409.7001953125,5354.2998046875,5400.39990234375,10881
2026-03-02 00:00:00,5401.2998046875,5402.0,5315.2998046875,5378.7001953125,28295
2026-03-02 04:00:00,5378.60009765625,5434.10009765625,5353.39990234375,5423.0,21947
2026-03-02 08:00:00,5422.7998046875,5432.0,5386.0,5399.60009765625,28791
2026-03-02 12:00:00,5399.89990234375,5432.2001953125,5318.60009765625,5329.60009765625,67861
2026-03-02 16:00:00,5328.7001953125,5348.5,5272.89990234375,5344.2001953125,42367
2026-03-02 20:00:00,5344.10009765625,5360.89990234375,5334.89990234375,5359.10009765625,7857
2026-03-03 00:00:00,5359.89990234375,5394.2001953125,5346.7001953125,5381.2001953125,16068
2026-03-03 04:00:00,5380.7998046875,5389.2001953125,5292.10009765625,5340.60009765625,22329
2026-03-03 08:00:00,5340.5,5349.0,5081.39990234375,5154.0,68199
2026-03-03 12:00:00,5154.5,5236.89990234375,5005.0,5105.2998046875,99036
2026-03-03 16:00:00,5105.39990234375,5161.5,5075.10009765625,5122.2998046875,44257
2026-03-03 20:00:00,5123.7001953125,5141.7001953125,5092.7998046875,5133.39990234375,7632
2026-03-04 00:00:00,5134.5,5200.7001953125,5114.2998046875,5183.10009765625,20884
2026-03-04 04:00:00,5183.2998046875,5189.60009765625,5130.0,5178.2001953125,16047
2026-03-04 08:00:00,5178.2998046875,5214.7001953125,5157.7998046875,5204.2001953125,23030
2026-03-04 12:00:00,5204.2998046875,5218.2998046875,5140.2001953125,5161.60009765625,42445
2026-03-04 16:00:00,5161.2001953125,5172.60009765625,5119.39990234375,5148.7001953125,26179
2026-03-04 20:00:00,5148.39990234375,5177.7998046875,5134.7998046875,5176.2001953125,4478
2026-03-05 00:00:00,5176.5,5204.2998046875,5170.39990234375,5189.5,12883
2026-03-05 04:00:00,5189.39990234375,5195.89990234375,5129.0,5171.39990234375,14326
2026-03-05 08:00:00,5171.10009765625,5192.5,5146.2001953125,5174.7998046875,18192
2026-03-05 12:00:00,5175.10009765625,5182.7001953125,5065.5,5111.2998046875,57635
2026-03-05 16:00:00,5111.7998046875,5113.5,5058.89990234375,5074.60009765625,32458
2026-03-05 20:00:00,5074.2998046875,5119.2001953125,5071.2001953125,5095.60009765625,8077
2026-03-06 00:00:00,5095.5,5151.2998046875,5074.0,5139.89990234375,15157
2026-03-06 04:00:00,5139.89990234375,5145.2001953125,5114.0,5128.2001953125,10236
2026-03-06 08:00:00,5128.0,5132.2998046875,5071.0,5086.10009765625,19169
2026-03-06 12:00:00,5086.2998046875,5182.0,5073.89990234375,5151.2001953125,59611
2026-03-06 16:00:00,5151.7001953125,5183.7998046875,5136.0,5168.5,34843
2026-03-06 20:00:00,5168.2001953125,5185.0,5157.5,5158.7001953125,4144
2026-03-08 20:00:00,5165.5,5180.0,5050.0,5083.39990234375,18944
2026-03-09 00:00:00,5083.10009765625,5109.10009765625,5021.2001953125,5098.0,28933
2026-03-09 04:00:00,5098.0,5147.60009765625,5087.10009765625,5106.7001953125,16391
2026-03-09 08:00:00,5106.7998046875,5140.5,5086.5,5095.7001953125,24175
2026-03-09 12:00:00,5096.2001953125,5124.7001953125,5066.89990234375,5108.5,46239
2026-03-09 16:00:00,5108.10009765625,5154.7001953125,5097.7001953125,5150.5,33570
2026-03-09 20:00:00,5150.89990234375,5165.60009765625,5127.10009765625,5149.7998046875,4734
2026-03-10 00:00:00,5149.2998046875,5195.7998046875,5134.0,5166.39990234375,18584
2026-03-10 04:00:00,5165.2998046875,5191.2998046875,5162.39990234375,5190.5,10937
2026-03-10 08:00:00,5190.60009765625,5204.0,5165.60009765625,5184.2001953125,24566
2026-03-10 12:00:00,5184.60009765625,5248.7001953125,5171.39990234375,5238.0,62648
2026-03-10 16:00:00,5238.10009765625,5245.10009765625,5169.0,5207.0,44399
2026-03-10 20:00:00,5206.7001953125,5207.7001953125,5191.2998046875,5204.89990234375,3109
2026-03-11 00:00:00,5205.0,5230.89990234375,5194.0,5211.10009765625,13307
2026-03-11 04:00:00,5211.5,5218.39990234375,5192.10009765625,5203.7001953125,12036
2026-03-11 08:00:00,5203.2998046875,5206.7001953125,5182.2998046875,5189.2001953125,19870
2026-03-11 12:00:00,5188.7001953125,5207.5,5155.89990234375,5173.39990234375,47576
2026-03-11 16:00:00,5173.39990234375,5191.2001953125,5158.39990234375,5191.0,32664
2026-03-11 20:00:00,5190.7998046875,5191.5,5135.0,5140.0,6352
2026-03-12 00:00:00,5139.39990234375,5180.60009765625,5130.0,5158.2001953125,15813
2026-03-12 04:00:00,5158.39990234375,5190.89990234375,5142.0,5188.39990234375,11464
2026-03-12 08:00:00,5188.2001953125,5197.7998046875,5178.60009765625,5184.7998046875,16067
2026-03-12 12:00:00,5185.0,5192.5,5114.60009765625,5138.0,47320
2026-03-12 16:00:00,5138.10009765625,5144.2998046875,5084.5,5091.7001953125,37989
2026-03-12 20:00:00,5092.0,5104.39990234375,5058.2001953125,5101.5,4991
2026-03-13 00:00:00,5101.0,5132.39990234375,5100.39990234375,5119.2001953125,16830
2026-03-13 04:00:00,5118.89990234375,5121.10009765625,5075.5,5089.5,17125
2026-03-13 08:00:00,5089.7998046875,5112.89990234375,5066.0,5112.89990234375,20105
2026-03-13 12:00:00,5113.0,5128.5,5032.2001953125,5039.10009765625,54756
2026-03-13 16:00:00,5038.7998046875,5068.10009765625,5014.10009765625,5022.0,37428
2026-03-13 20:00:00,5022.2998046875,5061.7001953125,5017.0,5061.7001953125,0
2026-03-15 20:00:00,5027.60009765625,5030.0,4970.10009765625,5000.60009765625,11366
2026-03-16 00:00:00,5001.10009765625,5035.39990234375,4986.0,5022.5,17306
2026-03-16 04:00:00,5023.2001953125,5039.7998046875,4992.89990234375,4998.89990234375,15830
2026-03-16 08:00:00,4998.7001953125,5028.2001953125,4973.5,5001.89990234375,34858
2026-03-16 12:00:00,5001.7001953125,5044.5,4988.5,4991.89990234375,56897
2026-03-16 16:00:00,4991.5,5026.5,4978.60009765625,5019.2998046875,27751
2026-03-16 20:00:00,5018.89990234375,5028.0,5003.89990234375,5018.0,3690
2026-03-17 00:00:00,5018.0,5037.5,4998.7001953125,5030.2998046875,9049
2026-03-17 04:00:00,5031.10009765625,5049.39990234375,5009.0,5025.0,16052
2026-03-17 08:00:00,5025.2001953125,5033.5,4994.7998046875,5007.2998046875,21570
2026-03-17 12:00:00,5007.0,5036.7001953125,4977.0,5002.60009765625,44179
2026-03-17 16:00:00,5002.5,5013.7001953125,4995.60009765625,5005.10009765625,20275
2026-03-17 20:00:00,5004.89990234375,5011.60009765625,4996.89990234375,5006.60009765625,2280
2026-03-18 00:00:00,5006.60009765625,5022.0,4988.5,4992.7001953125,12575
2026-03-18 04:00:00,4994.5,5020.5,4984.89990234375,4999.10009765625,14739
2026-03-18 08:00:00,4999.0,5001.7001953125,4928.0,4933.2998046875,44619
2026-03-18 12:00:00,4933.89990234375,4935.89990234375,4837.10009765625,4866.2998046875,83626
2026-03-18 16:00:00,4866.2001953125,4904.5,4841.39990234375,4846.7998046875,41093
2026-03-18 20:00:00,4846.5,4852.10009765625,4806.0,4839.2001953125,9852
2026-03-19 00:00:00,4838.39990234375,4868.7001953125,4833.7001953125,4852.7001953125,13087
2026-03-19 04:00:00,4852.39990234375,4855.7001953125,4727.2998046875,4729.60009765625,31136
2026-03-19 08:00:00,4729.2998046875,4742.2001953125,4652.39990234375,4654.39990234375,62223
2026-03-19 12:00:00,4654.89990234375,4657.0,4505.0,4598.2998046875,132484
2026-03-19 16:00:00,4598.0,4666.89990234375,4576.7001953125,4647.89990234375,48597
2026-03-19 20:00:00,4647.5,4679.5,4635.7998046875,4645.5,5576
2026-03-20 00:00:00,4645.5,4738.2001953125,4640.5,4725.2001953125,22535
2026-03-20 04:00:00,4726.2998046875,4728.0,4661.60009765625,4707.2001953125,22070
2026-03-20 08:00:00,4707.7001953125,4736.2998046875,4638.2001953125,4673.39990234375,35858
2026-03-20 12:00:00,4673.39990234375,4696.89990234375,4542.10009765625,4555.2998046875,74190
2026-03-20 16:00:00,4554.89990234375,4616.2998046875,4478.39990234375,4503.7998046875,56639
2026-03-20 20:00:00,4503.5,4574.89990234375,4488.5,4492.0,4003
2026-03-22 20:00:00,4511.7001953125,4537.10009765625,4453.2001953125,4465.89990234375,13077
2026-03-23 00:00:00,4466.2001953125,4474.7998046875,4322.0,4355.2998046875,61437
2026-03-23 04:00:00,4355.89990234375,4385.0,4100.0,4205.7001953125,84146
2026-03-23 08:00:00,4206.5,4466.2998046875,4203.60009765625,4379.2001953125,83743
2026-03-23 12:00:00,4380.10009765625,4516.5,4338.0,4365.60009765625,94316
2026-03-23 16:00:00,4364.10009765625,4469.5,4354.10009765625,4401.5,49293
2026-03-23 20:00:00,4400.7001953125,4450.5,4363.5,4442.7998046875,5681
2026-03-24 00:00:00,4442.7001953125,4448.39990234375,4306.2998046875,4346.7998046875,26602
2026-03-24 04:00:00,4347.39990234375,4437.60009765625,4319.89990234375,4420.2001953125,23398
2026-03-24 08:00:00,4420.10009765625,4443.2001953125,4372.39990234375,4408.0,37217
2026-03-24 12:00:00,4408.2001953125,4435.0,4350.39990234375,4412.7998046875,66632
2026-03-24 16:00:00,4412.39990234375,4428.89990234375,4372.2001953125,4400.89990234375,36822
2026-03-24 20:00:00,4400.7998046875,4555.0,4397.7001953125,4549.2001953125,18762
2026-03-25 00:00:00,4549.0,4601.0,4540.5,4567.7998046875,39991
2026-03-25 04:00:00,4568.5,4573.2001953125,4532.5,4539.0,26161
2026-03-25 08:00:00,4539.2001953125,4586.2001953125,4525.7001953125,4577.39990234375,35321
2026-03-25 12:00:00,4577.7998046875,4582.5,4519.5,4557.39990234375,69425
2026-03-25 16:00:00,4557.10009765625,4566.60009765625,4484.2998046875,4528.7001953125,49361
2026-03-25 20:00:00,4528.2998046875,4539.60009765625,4485.60009765625,4495.2998046875,7906
2026-03-26 00:00:00,4495.2998046875,4541.60009765625,4495.2001953125,4510.2001953125,14463
2026-03-26 04:00:00,4513.2998046875,4520.89990234375,4412.10009765625,4449.39990234375,29704
2026-03-26 08:00:00,4448.7001953125,4456.0,4409.2998046875,4419.7001953125,45221
2026-03-26 12:00:00,4420.10009765625,4476.60009765625,4412.7001953125,4434.0,74784
2026-03-26 16:00:00,4434.0,4438.89990234375,4356.39990234375,4361.2998046875,56379
2026-03-26 20:00:00,4361.10009765625,4416.7998046875,4348.2001953125,4400.2998046875,13508
2026-03-27 00:00:00,4399.39990234375,4440.2001953125,4370.5,4432.0,4092
2026-03-27 04:00:00,4431.7998046875,4483.2001953125,4426.2001953125,4475.2001953125,35997
2026-03-27 08:00:00,4475.2998046875,4478.2001953125,4432.2001953125,4447.5,31298
2026-03-27 12:00:00,4447.60009765625,4585.2998046875,4439.7998046875,4554.39990234375,78457
2026-03-27 16:00:00,4554.60009765625,4563.7998046875,4515.0,4543.10009765625,45097
2026-03-27 20:00:00,4543.5,4549.2998046875,4518.89990234375,4521.2998046875,4464
2026-03-29 20:00:00,4510.10009765625,4538.89990234375,4472.0,4476.89990234375,9844
2026-03-30 00:00:00,4477.0,4548.0,4444.7001953125,4528.10009765625,25619
2026-03-30 04:00:00,4526.5,4579.2001953125,4514.89990234375,4555.2001953125,17970
2026-03-30 08:00:00,4555.10009765625,4611.39990234375,4551.2998046875,4589.0,24952
2026-03-30 12:00:00,4589.5,4609.0,4542.0,4578.10009765625,46067
2026-03-30 16:00:00,4578.39990234375,4580.0,4522.7001953125,4543.2001953125,25678
2026-03-30 20:00:00,4543.7001953125,4552.5,4520.7998046875,4542.10009765625,4109
2026-03-31 00:00:00,4541.39990234375,4649.5,4510.0,4584.89990234375,30662
2026-03-31 04:00:00,4585.89990234375,4610.2001953125,4571.7998046875,4594.7001953125,16948
2026-03-31 08:00:00,4594.5,4623.89990234375,4558.89990234375,4612.7998046875,25600
2026-03-31 12:00:00,4613.2998046875,4662.0,4597.7998046875,4640.0,50286
2026-03-31 16:00:00,4640.10009765625,4716.2998046875,4637.5,4713.2998046875,39262
2026-03-31 20:00:00,4713.39990234375,4728.7998046875,4690.0,4723.60009765625,6804
2026-04-01 00:00:00,4723.60009765625,4751.89990234375,4704.5,4707.0,21782
2026-04-01 04:00:00,4707.60009765625,4774.2001953125,4693.0,4739.39990234375,28450
2026-04-01 08:00:00,4739.60009765625,4791.5,4737.0,4780.2001953125,23338
2026-04-01 12:00:00,4780.2001953125,4816.2001953125,4743.2998046875,4814.39990234375,48997
2026-04-01 16:00:00,4814.2998046875,4821.0,4768.2001953125,4791.7001953125,25776
2026-04-01 20:00:00,4791.7001953125,4825.89990234375,4776.60009765625,4808.89990234375,5079
2026-04-02 00:00:00,4809.2998046875,4823.89990234375,4675.7001953125,4707.10009765625,41662
2026-04-02 04:00:00,4703.60009765625,4708.60009765625,4580.39990234375,4668.2001953125,38859
2026-04-02 08:00:00,4668.10009765625,4674.5,4618.7998046875,4626.2001953125,23109
2026-04-02 12:00:00,4626.60009765625,4726.39990234375,4605.5,4687.5,53494
2026-04-02 16:00:00,4686.89990234375,4708.60009765625,4668.60009765625,4697.89990234375,21668
2026-04-02 20:00:00,4698.60009765625,4703.60009765625,4690.39990234375,4701.2998046875,1922
2026-04-05 20:00:00,4675.0,4699.2998046875,4631.0,4636.7998046875,11036
2026-04-06 00:00:00,4637.2001953125,4697.5,4626.2001953125,4666.2998046875,13247
2026-04-06 04:00:00,4665.2998046875,4714.2998046875,4665.10009765625,4710.5,10928
2026-04-06 08:00:00,4710.39990234375,4733.10009765625,4703.39990234375,4704.60009765625,11821
2026-04-06 12:00:00,4704.89990234375,4724.0,4677.39990234375,4693.39990234375,25387
2026-04-06 16:00:00,4693.5,4698.0,4671.39990234375,4682.2001953125,14052
2026-04-06 20:00:00,4682.60009765625,4694.89990234375,4674.60009765625,4685.89990234375,1779
2026-04-07 00:00:00,4685.89990234375,4692.0,4641.39990234375,4674.89990234375,17807
2026-04-07 04:00:00,4675.2001953125,4690.2998046875,4648.39990234375,4671.10009765625,15244
2026-04-07 08:00:00,4671.2001953125,4721.2001953125,4653.89990234375,4684.60009765625,32157
2026-04-07 12:00:00,4685.2001953125,4696.2998046875,4631.89990234375,4681.2998046875,41079
2026-04-07 16:00:00,4681.7998046875,4745.7001953125,4678.10009765625,4727.2998046875,30029
2026-04-07 20:00:00,4727.2998046875,4863.5,4723.0,4860.7001953125,15648
2026-04-08 00:00:00,4860.7001953125,4888.0,4817.2001953125,4828.2001953125,38734
2026-04-08 04:00:00,4826.7998046875,4872.2001953125,4819.7998046875,4839.7001953125,25997
2026-04-08 08:00:00,4839.89990234375,4846.0,4798.2001953125,4826.39990234375,26799
2026-04-08 12:00:00,4826.2998046875,4834.7998046875,4757.60009765625,4782.0,55895
2026-04-08 16:00:00,4782.2001953125,4791.10009765625,4720.60009765625,4755.2998046875,33835
2026-04-08 20:00:00,4755.2001953125,4757.7001953125,4728.5,4738.7998046875,4060
2026-04-09 00:00:00,4739.39990234375,4756.60009765625,4718.60009765625,4735.0,16653
2026-04-09 04:00:00,4734.60009765625,4755.2001953125,4727.2001953125,4748.39990234375,19315
2026-04-09 08:00:00,4748.2998046875,4782.7001953125,4744.10009765625,4781.2998046875,16056
2026-04-09 12:00:00,4781.7001953125,4823.89990234375,4759.60009765625,4817.39990234375,45513
2026-04-09 16:00:00,4817.7001953125,4826.0,4790.7001953125,4793.0,24832
2026-04-09 20:00:00,4793.0,4810.0,4779.7998046875,4787.0,3378
2026-04-10 00:00:00,4786.60009765625,4800.39990234375,4760.39990234375,4789.10009765625,18729
2026-04-10 04:00:00,4790.39990234375,4794.60009765625,4764.60009765625,4773.0,11867
2026-04-10 08:00:00,4773.2998046875,4792.89990234375,4752.7001953125,4792.0,16319
2026-04-10 12:00:00,4792.10009765625,4820.0,4779.2998046875,4785.7998046875,40813
2026-04-10 16:00:00,4785.89990234375,4797.7001953125,4768.39990234375,4783.60009765625,22390
2026-04-10 20:00:00,4783.5,4783.5,4764.0,4771.0,3254
2026-04-12 20:00:00,4688.7001953125,4707.39990234375,4664.60009765625,4693.60009765625,10751
2026-04-13 00:00:00,4693.7001953125,4749.5,4686.89990234375,4741.60009765625,15099
2026-04-13 04:00:00,4740.0,4762.5,4729.2001953125,4756.39990234375,12199
2026-04-13 08:00:00,4756.7001953125,4761.2001953125,4725.2001953125,4729.10009765625,13693
2026-04-13 12:00:00,4728.60009765625,4768.0,4722.5,4736.89990234375,33848
2026-04-13 16:00:00,4737.2001953125,4774.39990234375,4731.5,4765.5,31988
2026-04-13 20:00:00,4765.2998046875,4789.7001953125,4762.2001953125,4781.2998046875,3144
2026-04-14 00:00:00,4781.7001953125,4802.7998046875,4775.5,4792.2998046875,10656
2026-04-14 04:00:00,4790.0,4820.39990234375,4780.0,4800.2001953125,16245
2026-04-14 08:00:00,4799.60009765625,4813.7001953125,4773.2998046875,4797.10009765625,19931
2026-04-14 12:00:00,4797.10009765625,4842.0,4784.2001953125,4831.89990234375,44113
2026-04-14 16:00:00,4832.10009765625,4870.0,4829.0,4868.7001953125,29162
2026-04-14 20:00:00,4869.2001953125,4874.60009765625,4857.2001953125,4861.7001953125,4032
2026-04-15 00:00:00,4861.5,4895.39990234375,4841.0,4849.60009765625,18560
2026-04-15 04:00:00,4848.0,4854.2998046875,4827.39990234375,4834.10009765625,12868
2026-04-15 08:00:00,4833.7998046875,4845.39990234375,4808.39990234375,4835.7001953125,19075
2026-04-15 12:00:00,4835.0,4854.60009765625,4807.89990234375,4823.5,29053
2026-04-15 16:00:00,4824.0,4835.0,4812.2001953125,4818.2998046875,16958
2026-04-15 20:00:00,4818.7001953125,4848.60009765625,4810.5,4845.39990234375,3867
2026-04-16 00:00:00,4845.39990234375,4859.7001953125,4832.89990234375,4847.7001953125,12414
2026-04-16 04:00:00,4846.2998046875,4861.2998046875,4836.0,4843.0,20584
2026-04-16 08:00:00,4842.7998046875,4844.2998046875,4825.60009765625,4843.89990234375,12033
2026-04-16 12:00:00,4844.10009765625,4846.2001953125,4792.10009765625,4828.2001953125,38545
2026-04-16 16:00:00,4828.60009765625,4831.39990234375,4802.0,4814.5,15864
2026-04-16 20:00:00,4814.7998046875,4818.7998046875,4806.0,4812.5,1833
2026-04-17 00:00:00,4812.0,4822.2001953125,4785.89990234375,4814.10009765625,10974
2026-04-17 04:00:00,4813.89990234375,4827.2001953125,4800.0,4805.5,11985
2026-04-17 08:00:00,4806.10009765625,4834.0,4802.60009765625,4822.0,14261
2026-04-17 12:00:00,4821.7001953125,4917.7001953125,4819.7998046875,4889.7001953125,70800
2026-04-17 16:00:00,4889.5,4896.0,4873.60009765625,4875.5,14934
2026-04-17 20:00:00,4875.60009765625,4876.2998046875,4848.0,4849.39990234375,5343
2026-04-19 20:00:00,4813.39990234375,4815.0,4752.0,4775.0,11575
2026-04-20 00:00:00,4774.39990234375,4834.5,4764.2001953125,4813.2998046875,17137
2026-04-20 08:00:00,4879.60009765625,4879.60009765625,4804.60009765625,4830.89990234375,32519
2026-04-20 12:00:00,4830.7998046875,4847.89990234375,4811.89990234375,4819.89990234375,39006
2026-04-20 16:00:00,4819.7998046875,4842.10009765625,4812.5,4834.7998046875,14539
2026-04-20 20:00:00,4835.0,4854.7998046875,4832.7998046875,4842.39990234375,3193
2026-04-21 00:00:00,4843.0,4851.2001953125,4811.2001953125,4816.2998046875,11960
2026-04-21 04:00:00,4816.10009765625,4828.7998046875,4790.7998046875,4804.89990234375,22869
2026-04-21 08:00:00,4804.5,4818.0,4793.2998046875,4814.2001953125,14775
2026-04-21 12:00:00,4814.39990234375,4816.7001953125,4740.89990234375,4759.7998046875,63304
2026-04-21 16:00:00,4760.2998046875,4765.89990234375,4685.7998046875,4698.2998046875,47492
2026-04-21 20:00:00,4698.5,4758.39990234375,4688.39990234375,4755.7998046875,10008
2026-04-22 00:00:00,4756.2998046875,4782.7001953125,4753.5,4777.0,14341
2026-04-22 04:00:00,4776.10009765625,4790.7998046875,4769.89990234375,4779.5,15962
2026-04-22 08:00:00,4779.60009765625,4781.39990234375,4764.2998046875,4768.89990234375,13893
2026-04-22 12:00:00,4769.2001953125,4779.39990234375,4743.2001953125,4746.2001953125,31047
2026-04-22 16:00:00,4746.10009765625,4770.2001953125,4742.10009765625,4759.0,15166
2026-04-22 20:00:00,4759.39990234375,4763.60009765625,4740.60009765625,4745.0,2991
2026-04-23 00:00:00,4745.0,4771.2998046875,4710.39990234375,4720.0,26431
2026-04-23 04:00:00,4719.0,4739.0,4705.7001953125,4736.10009765625,20339
2026-04-23 08:00:00,4735.60009765625,4742.10009765625,4700.0,4737.39990234375,20490
2026-04-23 12:00:00,4737.10009765625,4761.7001953125,4733.2998046875,4737.2998046875,37121
2026-04-23 16:00:00,4737.60009765625,4754.10009765625,4680.10009765625,4712.7998046875,39404
2026-04-23 20:00:00,4712.5,4719.7998046875,4702.0,4710.7998046875,3160
2026-04-24 00:00:00,4711.7001953125,4726.7001953125,4683.5,4687.5,12192
2026-04-24 04:00:00,4686.89990234375,4710.7001953125,4672.2001953125,4709.39990234375,14843
2026-04-24 08:00:00,4710.10009765625,4733.89990234375,4689.60009765625,4723.2001953125,20741
2026-04-24 12:00:00,4723.2001953125,4757.10009765625,4705.39990234375,4743.89990234375,34924
2026-04-24 16:00:00,4743.60009765625,4747.0,4729.5,4732.10009765625,12738
2026-04-24 20:00:00,4731.89990234375,4733.39990234375,4721.10009765625,4725.39990234375,2765
2026-04-26 20:00:00,4696.10009765625,4704.0,4689.10009765625,4694.7998046875,3266
2026-04-27 00:00:00,4695.2998046875,4744.7998046875,4686.60009765625,4739.7998046875,13741
2026-04-27 04:00:00,4739.7998046875,4745.7998046875,4724.0,4727.89990234375,8653
2026-04-27 08:00:00,4728.39990234375,4730.0,4713.5,4719.7001953125,10053
2026-04-27 12:00:00,4720.10009765625,4728.0,4681.2001953125,4684.7998046875,30044
2026-04-27 16:00:00,4684.60009765625,4700.89990234375,4681.5,4696.2001953125,15013
2026-04-27 20:00:00,4695.89990234375,4710.2998046875,4691.7998046875,4707.10009765625,1945
2026-04-28 00:00:00,4707.10009765625,4716.5,4679.89990234375,4685.60009765625,11008
2026-04-28 04:00:00,4684.60009765625,4685.10009765625,4634.39990234375,4646.60009765625,24985
2026-04-28 08:00:00,4647.0,4649.39990234375,4568.0,4575.2001953125,32173
2026-04-28 12:00:00,4575.60009765625,4613.7998046875,4567.60009765625,4600.10009765625,49345
2026-04-28 16:00:00,4600.0,4615.89990234375,4591.39990234375,4609.60009765625,16664
2026-04-28 20:00:00,4609.39990234375,4614.0,4602.0,4609.7001953125,2444
2026-04-29 00:00:00,4609.5,4624.2998046875,4589.10009765625,4609.60009765625,12484
2026-04-29 04:00:00,4609.10009765625,4621.2998046875,4580.5,4581.39990234375,13597
2026-04-29 08:00:00,4581.60009765625,4594.2998046875,4564.5,4574.7001953125,18488
2026-04-29 12:00:00,4574.2001953125,4582.10009765625,4522.2001953125,4560.2001953125,44568
2026-04-29 16:00:00,4560.60009765625,4578.2998046875,4532.0,4560.7998046875,28975
2026-04-29 20:00:00,4561.2001953125,4574.2001953125,4550.7998046875,4573.7998046875,3263
2026-04-30 00:00:00,4573.60009765625,4594.10009765625,4566.89990234375,4567.89990234375,12620
2026-04-30 04:00:00,4567.39990234375,4617.2998046875,4552.2001953125,4610.60009765625,18551
2026-04-30 08:00:00,4610.5,4658.7998046875,4609.2001953125,4643.0,28591
2026-04-30 12:00:00,4643.2998046875,4658.60009765625,4621.2998046875,4628.10009765625,32442
2026-04-30 16:00:00,4628.2001953125,4640.2998046875,4618.0,4630.0,18683
2026-04-30 20:00:00,4630.39990234375,4652.0,4628.2998046875,4638.89990234375,2398
2026-05-01 00:00:00,4639.0,4648.10009765625,4625.89990234375,4638.60009765625,7381
2026-05-01 04:00:00,4637.7998046875,4640.2998046875,4586.7998046875,4589.5,12143
2026-05-01 08:00:00,4589.7001953125,4594.0,4570.0,4590.0,11650
2026-05-01 12:00:00,4589.5,4673.0,4586.0,4654.39990234375,40145
2026-05-01 16:00:00,4654.0,4661.2998046875,4621.0,4623.0,16065
2026-05-01 20:00:00,4623.0,4644.5,4619.0,4644.5,1556
2026-05-03 20:00:00,4633.2998046875,4640.89990234375,4622.39990234375,4625.0,2495
2026-05-04 00:00:00,4624.7998046875,4629.89990234375,4602.0,4627.7998046875,9469
2026-05-04 04:00:00,4626.5,4626.5,4588.60009765625,4589.7001953125,10267
2026-05-04 08:00:00,4589.89990234375,4595.2998046875,4535.0,4571.10009765625,22513
2026-05-04 12:00:00,4571.2998046875,4594.7001953125,4520.60009765625,4531.60009765625,38702
2026-05-04 16:00:00,4531.39990234375,4541.7998046875,4510.10009765625,4527.60009765625,28192
2026-05-04 20:00:00,4527.5,4535.89990234375,4521.2998046875,4528.10009765625,2589
2026-05-05 00:00:00,4528.60009765625,4556.39990234375,4522.7001953125,4544.7001953125,9243
2026-05-05 04:00:00,4543.5,4568.10009765625,4537.0,4555.39990234375,11067
2026-05-05 08:00:00,4555.39990234375,4575.5,4550.0,4572.89990234375,13405
2026-05-05 12:00:00,4572.7001953125,4597.5,4564.2001953125,4579.39990234375,31953
2026-05-05 16:00:00,4579.39990234375,4579.89990234375,4562.2998046875,4566.0,16332
2026-05-05 20:00:00,4566.0,4606.2001953125,4556.10009765625,4604.5,4295
2026-05-06 00:00:00,4604.10009765625,4662.0,4598.2998046875,4653.5,19640
2026-05-06 04:00:00,4653.60009765625,4693.2001953125,4653.2998046875,4692.39990234375,22787
2026-05-06 08:00:00,4692.7001953125,4734.60009765625,4682.7998046875,4703.2998046875,40426
2026-05-06 12:00:00,4703.2998046875,4728.7001953125,4671.0,4699.2998046875,45259
2026-05-06 16:00:00,4699.0,4711.2998046875,4689.7998046875,4703.0,18566
2026-05-06 20:00:00,4703.5,4710.39990234375,4695.7998046875,4708.2001953125,3511
2026-05-07 00:00:00,4708.2998046875,4730.5,4694.0,4709.0,13003
2026-05-07 04:00:00,4707.7001953125,4760.5,4700.39990234375,4752.5,18546
2026-05-07 08:00:00,4753.2001953125,4763.60009765625,4732.0,4752.0,19269
2026-05-07 12:00:00,4752.10009765625,4775.2001953125,4694.2998046875,4739.10009765625,46159
2026-05-07 16:00:00,4739.2998046875,4739.89990234375,4696.60009765625,4712.89990234375,47505
2026-05-07 20:00:00,4713.0,4729.10009765625,4671.0,4713.2001953125,5697
2026-05-08 00:00:00,4713.39990234375,4741.39990234375,4702.7001953125,4729.0,12628
2026-05-08 04:00:00,4728.60009765625,4743.5,4706.2001953125,4717.39990234375,14572
2026-05-08 08:00:00,4717.2001953125,4737.7998046875,4715.89990234375,4727.5,11980
2026-05-08 12:00:00,4727.5,4760.39990234375,4709.60009765625,4716.60009765625,47580
2026-05-08 16:00:00,4716.39990234375,4738.60009765625,4715.0,4733.39990234375,20472
2026-05-08 20:00:00,4733.7998046875,4733.89990234375,4723.2998046875,4730.7001953125,2075
2026-05-10 20:00:00,4696.7998046875,4707.5,4690.0,4700.2998046875,3887
2026-05-11 00:00:00,4699.89990234375,4714.10009765625,4678.39990234375,4687.0,19275
2026-05-11 04:00:00,4686.39990234375,4688.7998046875,4655.10009765625,4676.39990234375,17584
2026-05-11 08:00:00,4676.2998046875,4687.5,4658.7001953125,4683.2998046875,16848
2026-05-11 12:00:00,4682.89990234375,4758.39990234375,4675.89990234375,4741.7998046875,50917
2026-05-11 16:00:00,4742.0,4746.5,4716.7998046875,4743.5,23900
2026-05-11 20:00:00,4743.7001953125,4780.2998046875,4739.5,4777.2001953125,7031
2026-05-12 00:00:00,4776.7001953125,4783.39990234375,4726.7998046875,4729.0,16044
2026-05-12 04:00:00,4729.10009765625,4739.60009765625,4692.39990234375,4707.7998046875,18192
2026-05-12 08:00:00,4707.5,4717.2001953125,4692.7998046875,4714.60009765625,14958
2026-05-12 12:00:00,4714.5,4719.7998046875,4645.2001953125,4673.10009765625,52027
2026-05-12 16:00:00,4673.5,4723.2998046875,4671.2998046875,4723.2001953125,24959
2026-05-12 20:00:00,4722.7998046875,4731.60009765625,4719.39990234375,4724.7001953125,4658
2026-05-13 00:00:00,4724.5,4734.7998046875,4696.0,4703.0,14527
2026-05-13 04:00:00,4704.5,4723.10009765625,4701.2998046875,4710.39990234375,12570
2026-05-13 08:00:00,4710.2998046875,4718.2001953125,4692.2998046875,4705.2001953125,15534
2026-05-13 12:00:00,4704.89990234375,4709.39990234375,4676.0,4703.2998046875,37080
2026-05-13 16:00:00,4703.0,4717.89990234375,4685.5,4696.10009765625,26250
2026-05-13 20:00:00,4696.0,4709.0,4693.7001953125,4703.5,1891
2026-05-14 00:00:00,4703.10009765625,4714.0,4679.2998046875,4680.7998046875,11254
2026-05-14 04:00:00,4680.7998046875,4725.7998046875,4673.2001953125,4700.10009765625,17219
2026-05-14 08:00:00,4699.5,4713.60009765625,4694.60009765625,4700.39990234375,11748
2026-05-14 12:00:00,4700.2001953125,4716.89990234375,4671.2998046875,4691.89990234375,34499
2026-05-14 16:00:00,4692.10009765625,4693.5,4658.0,4659.5,20302
2026-05-14 20:00:00,4659.60009765625,4670.10009765625,4649.2998046875,4656.7001953125,5796
2026-05-15 00:00:00,4656.39990234375,4662.7998046875,4611.0,4619.7998046875,23090
2026-05-15 04:00:00,4619.2998046875,4625.89990234375,4560.10009765625,4575.7001953125,31407
2026-05-15 08:00:00,4575.60009765625,4577.0,4535.39990234375,4555.89990234375,30852
2026-05-15 12:00:00,4556.0,4570.89990234375,4513.7998046875,4543.7998046875,49131
2026-05-15 16:00:00,4543.7998046875,4568.7001953125,4533.2001953125,4549.7998046875,19547
2026-05-15 20:00:00,4550.2001953125,4561.89990234375,4537.0,4561.89990234375,2058
2026-05-17 20:00:00,4557.39990234375,4558.60009765625,4535.10009765625,4540.89990234375,4049
2026-05-18 00:00:00,4541.0,4551.39990234375,4483.5,4546.7998046875,27276
2026-05-18 04:00:00,4545.2001953125,4564.0,4533.10009765625,4550.0,23191
2026-05-18 08:00:00,4550.0,4571.89990234375,4533.5,4554.2001953125,21417
2026-05-18 12:00:00,4554.39990234375,4588.60009765625,4536.2001953125,4547.7001953125,45164
2026-05-18 16:00:00,4548.60009765625,4569.5,4537.60009765625,4562.89990234375,26362
2026-05-18 20:00:00,4563.2998046875,4593.2001953125,4562.39990234375,4585.5,3479
2026-05-19 00:00:00,4585.39990234375,4593.10009765625,4545.2001953125,4548.89990234375,15007
2026-05-19 04:00:00,4547.7998046875,4562.7001953125,4533.89990234375,4560.7001953125,17012
2026-05-19 08:00:00,4560.7001953125,4562.5,4528.60009765625,4534.0,17116
2026-05-19 12:00:00,4533.7998046875,4550.89990234375,4467.10009765625,4511.7001953125,65598
2026-05-19 16:00:00,4512.0,4516.0,4484.7998046875,4487.0,15612
2026-05-19 20:00:00,4486.89990234375,4499.5,4480.0,4491.7998046875,3943
2026-05-20 00:00:00,4492.2001953125,4512.0,4455.0,4467.10009765625,19054
2026-05-20 04:00:00,4465.7998046875,4488.7001953125,4458.60009765625,4480.89990234375,16240
2026-05-20 08:00:00,4481.10009765625,4503.7001953125,4475.10009765625,4501.2001953125,23686
2026-05-20 12:00:00,4501.0,4558.39990234375,4469.10009765625,4532.10009765625,62776
2026-05-20 16:00:00,4532.10009765625,4553.7998046875,4527.10009765625,4548.10009765625,20192
2026-05-20 20:00:00,4548.39990234375,4553.2001953125,4535.60009765625,4548.0,3656
2026-05-21 00:00:00,4548.2998046875,4572.39990234375,4528.2998046875,4529.89990234375,14046
2026-05-21 04:00:00,4529.39990234375,4541.60009765625,4513.2001953125,4520.7998046875,14274
2026-05-21 08:00:00,4520.89990234375,4544.2001953125,4505.7001953125,4515.0,19557
2026-05-21 12:00:00,4515.2001953125,4522.2998046875,4488.2998046875,4513.0,61248
2026-05-21 16:00:00,4513.2001953125,4561.2001953125,4513.10009765625,4544.10009765625,32283
2026-05-21 20:00:00,4543.89990234375,4547.0,4532.7001953125,4536.0,3451
2026-05-22 00:00:00,4536.2001953125,4541.89990234375,4519.39990234375,4529.89990234375,8092
2026-05-22 04:00:00,4530.60009765625,4535.39990234375,4508.2001953125,4522.7001953125,11997
2026-05-22 08:00:00,4522.7001953125,4537.60009765625,4511.39990234375,4521.5,19117
2026-05-22 12:00:00,4521.10009765625,4537.39990234375,4488.0,4521.0,43653
2026-05-22 16:00:00,4521.2998046875,4529.89990234375,4505.60009765625,4510.0,20181
2026-05-22 20:00:00,4510.10009765625,4523.2001953125,4505.39990234375,4523.2001953125,1621
2026-05-26 04:00:00,4542.7001953125,4543.60009765625,4521.7998046875,4538.60009765625,18635
2026-05-26 08:00:00,4539.0,4540.89990234375,4503.0,4507.5,41159
2026-05-26 12:00:00,4507.10009765625,4532.2998046875,4500.2001953125,4506.7001953125,66720
2026-05-26 16:00:00,4506.5,4512.0,4480.0,4508.7001953125,40188
2026-05-26 20:00:00,4509.0,4528.10009765625,4498.89990234375,4519.60009765625,2545
2026-05-27 00:00:00,4517.39990234375,4525.7998046875,4496.2001953125,4496.2998046875,2723
2026-05-27 04:00:00,4496.0,4520.60009765625,4478.5,4513.2001953125,30002
2026-05-27 08:00:00,4513.10009765625,4529.5,4454.2998046875,4458.2998046875,49992
2026-05-27 12:00:00,4458.5,4496.5,4431.0,4468.0,88245
2026-05-27 16:00:00,4468.10009765625,4490.0,4465.60009765625,4483.0,25758
2026-05-27 20:00:00,4482.7998046875,4502.0,4473.2001953125,4477.7001953125,3419
2026-05-28 00:00:00,4477.39990234375,4489.5,4398.0,4405.2998046875,21364
2026-05-28 04:00:00,4404.2001953125,4426.0,4395.60009765625,4417.2001953125,19084
2026-05-28 08:00:00,4417.5,4434.2998046875,4405.5,4418.2001953125,17418
2026-05-28 12:00:00,4417.89990234375,4515.89990234375,4409.7998046875,4512.5,57929
2026-05-28 16:00:00,4512.89990234375,4547.10009765625,4507.5,4528.7001953125,26476
2026-05-28 20:00:00,4528.7001953125,4531.7001953125,4519.5,4525.60009765625,3035
2026-05-29 00:00:00,4525.5,4551.2001953125,4522.5,4530.89990234375,11405
2026-05-29 04:00:00,4531.39990234375,4557.2001953125,4531.39990234375,4555.5,16746
2026-05-29 08:00:00,4555.0,4574.39990234375,4540.0,4569.10009765625,19191
2026-05-29 12:00:00,4569.2001953125,4627.10009765625,4543.39990234375,4602.10009765625,54002
2026-05-29 16:00:00,4602.10009765625,4604.5,4574.10009765625,4576.7998046875,19052
2026-05-29 20:00:00,4576.89990234375,4593.0,4567.2998046875,4593.0,1797
2026-05-31 20:00:00,4555.2998046875,4576.39990234375,4554.10009765625,4570.7001953125,3322
2026-06-01 00:00:00,4570.5,4577.2998046875,4540.2998046875,4546.0,10687
2026-06-01 04:00:00,4546.89990234375,4555.39990234375,4522.10009765625,4532.7001953125,12748
2026-06-01 08:00:00,4533.0,4542.7998046875,4518.60009765625,4536.0,15102
2026-06-01 12:00:00,4535.7998046875,4540.39990234375,4476.0,4504.10009765625,48604
2026-06-01 16:00:00,4504.7001953125,4525.60009765625,4493.10009765625,4511.10009765625,19687
2026-06-01 20:00:00,4511.2001953125,4518.60009765625,4508.2001953125,4514.2998046875,2962
2026-06-02 00:00:00,4514.39990234375,4530.0,4492.2998046875,4528.39990234375,13974
2026-06-02 04:00:00,4529.2998046875,4571.2998046875,4528.0,4565.2001953125,19493
2026-06-02 08:00:00,4565.2001953125,4569.2998046875,4550.89990234375,4557.2998046875,13796
2026-06-02 12:00:00,4557.5,4563.7998046875,4519.39990234375,4531.7001953125,30722
2026-06-02 16:00:00,4531.7001953125,4532.7998046875,4508.0,4517.7001953125,15808
2026-06-02 20:00:00,4517.7998046875,4522.7001953125,4490.5,4502.89990234375,6422
2026-06-03 00:00:00,4502.60009765625,4525.10009765625,4491.2001953125,4512.0,13222
2026-06-03 04:00:00,4512.39990234375,4516.10009765625,4481.10009765625,4481.60009765625,14562
2026-06-03 08:00:00,4481.7998046875,4496.5,4467.2001953125,4490.60009765625,18939
2026-06-03 12:00:00,4490.89990234375,4495.60009765625,4454.0,4469.7998046875,31275
2026-06-03 16:00:00,4470.0,4480.0,4461.10009765625,4472.0,14920
2026-06-03 20:00:00,4471.89990234375,4491.2001953125,4450.10009765625,4483.5,5034
2026-06-04 00:00:00,4484.0,4504.2001953125,4470.0,4490.60009765625,11770
2026-06-04 04:00:00,4490.60009765625,4511.2001953125,4486.2001953125,4488.5,11853
2026-06-04 08:00:00,4488.39990234375,4542.39990234375,4485.39990234375,4539.2001953125,18593
2026-06-04 12:00:00,4539.10009765625,4543.2001953125,4483.7998046875,4504.89990234375,41783
2026-06-04 16:00:00,4504.89990234375,4513.2001953125,4500.0,4508.89990234375,17144
2026-06-04 20:00:00,4508.5,4509.2998046875,4487.7001953125,4488.39990234375,3268
2026-06-05 00:00:00,4488.2001953125,4497.0,4461.2001953125,4468.39990234375,15292
2026-06-05 04:00:00,4468.7001953125,4494.2001953125,4454.7998046875,4487.7001953125,14182
2026-06-05 08:00:00,4487.2998046875,4502.2001953125,4484.7998046875,4497.0,12226
2026-06-05 12:00:00,4497.39990234375,4502.7998046875,4358.7998046875,4360.39990234375,85345
2026-06-05 16:00:00,4360.2998046875,4372.0,4338.2998046875,4343.5,37820
2026-06-05 20:00:00,4343.7001953125,4365.2998046875,4336.60009765625,4365.2998046875,4141
2026-06-07 20:00:00,4342.2001953125,4371.0,4337.2998046875,4367.89990234375,5697
2026-06-08 00:00:00,4367.0,4377.5,4323.60009765625,4339.7998046875,19737
2026-06-08 04:00:00,4342.0,4346.39990234375,4293.0,4319.89990234375,21790
2026-06-08 08:00:00,4319.2998046875,4358.5,4297.10009765625,4356.2998046875,28715
2026-06-08 12:00:00,4355.7001953125,4371.5,4339.0,4366.10009765625,41080
2026-06-08 16:00:00,4365.89990234375,4371.0,4346.60009765625,4350.2998046875,19152
2026-06-08 20:00:00,4350.5,4363.39990234375,4336.0,4340.89990234375,3290
2026-06-09 00:00:00,4340.89990234375,4366.5,4338.7998046875,4359.7998046875,11593
2026-06-09 04:00:00,4360.7998046875,4375.7001953125,4346.0,4350.2001953125,13082
2026-06-09 08:00:00,4350.10009765625,4368.2998046875,4344.5,4364.2998046875,13242
2026-06-09 12:00:00,4364.39990234375,4388.60009765625,4287.10009765625,4296.7001953125,53475
2026-06-09 16:00:00,4296.5,4305.2998046875,4259.89990234375,4282.7001953125,38233
2026-06-09 20:00:00,4282.7998046875,4286.10009765625,4233.0,4245.10009765625,6527
2026-06-10 00:00:00,4245.2001953125,4251.10009765625,4195.5,4208.2001953125,23047
2026-06-10 04:00:00,4208.89990234375,4245.5,4194.2001953125,4209.7001953125,18044
2026-06-10 08:00:00,4209.39990234375,4211.0,4168.2001953125,4170.2001953125,33716
2026-06-10 12:00:00,4169.89990234375,4209.5,4129.60009765625,4151.89990234375,75665
2026-06-10 16:00:00,4152.7001953125,4158.7998046875,4105.0,4106.2001953125,36042
2026-06-10 20:00:00,4106.0,4106.39990234375,4046.199951171875,4069.699951171875,10277
2026-06-11 00:00:00,4070.89990234375,4138.5,4058.0,4095.5,35745
2026-06-11 04:00:00,4094.39990234375,4131.5,4091.199951171875,4125.7998046875,19192
2026-06-11 08:00:00,4125.7001953125,4133.60009765625,4098.10009765625,4100.7001953125,17598
2026-06-11 12:00:00,4100.89990234375,4116.7998046875,4072.800048828125,4110.0,48891
2026-06-11 16:00:00,4110.2001953125,4241.2998046875,4092.89990234375,4229.89990234375,59917
2026-06-11 20:00:00,4230.2001953125,4267.7998046875,4226.2001953125,4240.60009765625,7423
2026-06-12 00:00:00,4240.10009765625,4251.7001953125,4192.89990234375,4220.89990234375,17233
2026-06-12 04:00:00,4219.0,4222.60009765625,4191.10009765625,4215.2001953125,13704
2026-06-12 08:00:00,4215.89990234375,4249.60009765625,4213.2001953125,4227.7998046875,22309
2026-06-12 12:00:00,4227.89990234375,4256.7998046875,4197.5,4232.39990234375,46989
2026-06-12 16:00:00,4232.2998046875,4256.2001953125,4223.2001953125,4231.89990234375,22683
2026-06-12 20:00:00,4231.60009765625,4240.60009765625,4230.7001953125,4238.7998046875,1729
2026-06-14 20:00:00,4325.60009765625,4327.0,4300.0,4314.2998046875,8295
2026-06-15 00:00:00,4314.2998046875,4356.7998046875,4306.39990234375,4345.7001953125,18448
2026-06-15 04:00:00,4346.39990234375,4353.89990234375,4321.60009765625,4344.2998046875,13538
2026-06-15 08:00:00,4344.10009765625,4368.89990234375,4342.7001953125,4356.60009765625,19940
2026-06-15 12:00:00,4356.60009765625,4391.5,4345.2998046875,4377.60009765625,41646
2026-06-15 16:00:00,4377.7998046875,4380.2998046875,4338.2001953125,4342.39990234375,19019
2026-06-15 20:00:00,4342.60009765625,4343.89990234375,4326.7001953125,4337.2998046875,4267
2026-06-16 00:00:00,4336.60009765625,4354.10009765625,4327.39990234375,4351.39990234375,10828
2026-06-16 04:00:00,4352.10009765625,4357.10009765625,4334.2001953125,4356.60009765625,9436
2026-06-16 08:00:00,4356.39990234375,4370.60009765625,4354.2001953125,4361.39990234375,15321
2026-06-16 12:00:00,4361.60009765625,4376.5,4333.7001953125,4355.7001953125,32298
2026-06-16 16:00:00,4355.60009765625,4368.10009765625,4346.39990234375,4355.60009765625,15230
2026-06-16 20:00:00,4355.2998046875,4358.0,4348.7001953125,4350.7998046875,1717
2026-06-17 00:00:00,4350.89990234375,4369.7998046875,4348.2001953125,4351.2001953125,7726
2026-06-17 04:00:00,4352.2001953125,4353.7998046875,4337.10009765625,4344.7001953125,9765
2026-06-17 08:00:00,4344.7998046875,4355.10009765625,4335.60009765625,4342.60009765625,9271
2026-06-17 12:00:00,4342.7998046875,4385.5,4338.7001953125,4383.60009765625,35178
2026-06-17 16:00:00,4383.2998046875,4403.60009765625,4237.39990234375,4254.2998046875,84923
2026-06-17 20:00:00,4254.2001953125,4303.0,4253.2998046875,4297.2001953125,9824
2026-06-18 00:00:00,4297.60009765625,4350.2001953125,4296.2001953125,4339.60009765625,18016
2026-06-18 04:00:00,4340.0,4345.2001953125,4307.10009765625,4308.39990234375,14309
2026-06-18 08:00:00,4308.60009765625,4312.60009765625,4257.89990234375,4260.60009765625,23136
2026-06-18 12:00:00,4260.5,4296.2001953125,4241.7001953125,4245.5,46578
2026-06-18 16:00:00,4245.7998046875,4252.5,4220.2998046875,4236.2001953125,25636
2026-06-18 20:00:00,4236.2001953125,4238.7001953125,4205.0,4206.7998046875,3348
2026-06-19 00:00:00,4206.89990234375,4216.89990234375,4162.7001953125,4167.5,11665
2026-06-21 20:00:00,4163.89990234375,4181.5,4151.39990234375,4157.0,6943
2026-06-22 00:00:00,4157.2998046875,4238.10009765625,4156.60009765625,4189.60009765625,19489
2026-06-22 04:00:00,4189.2001953125,4225.39990234375,4172.89990234375,4208.5,10338
2026-06-22 08:00:00,4208.2998046875,4233.7001953125,4172.89990234375,4225.2998046875,12822
2026-06-22 12:00:00,4225.89990234375,4229.89990234375,4172.89990234375,4201.0,37656
2026-06-22 16:00:00,4200.7998046875,4211.89990234375,4172.89990234375,4209.39990234375,12616
2026-06-22 20:00:00,4209.39990234375,4213.60009765625,4172.89990234375,4205.5,1829
2026-06-23 00:00:00,4205.0,4216.0,4148.39990234375,4162.2001953125,17290
2026-06-23 04:00:00,4161.7998046875,4164.7998046875,4114.0,4116.0,19913
2026-06-23 08:00:00,4116.2998046875,4151.10009765625,4108.2001953125,4141.10009765625,18540
2026-06-23 12:00:00,4141.0,4163.5,4122.7998046875,4156.7001953125,40393
2026-06-23 16:00:00,4156.7998046875,4161.7998046875,4147.60009765625,4149.60009765625,6847
